{"event":{"view":{"activity_name":"com.sec.android.app.sbrowser/.SBrowserMainActivity","resource_id":"com.sec.android.app.sbrowser:id/action_bookmarks","class_":"android.widget.ImageButton","pointer":null,"content_desc":"Bookmarks","enabled":true,"visible":true,"checked":false,"selected":false,"editable":false,"clickable":true,"long_clickable":true,"scrollable_horizontal":false,"scrollable_vertical":false,"checkable":false,"text":null,"text_hint":null,"bounds":[616,2046,770,2181],"rel_bounds":[616,2046,770,2181],"children":[],"ancestors":[],"semantic_classes":["Button (including text and image)"],"uid":"619cf02349624a12144566da6e306dbd","is_password":false,"serialize_class":"AndroidViewTree","package_name":"com.sec.android.app.sbrowser","fingerprint":"","meta_info":null},"event_type":"touch","_proba":0.16152964900683014,"tag":"2024-03-29_152753573599"},"str":"TouchEvent(state=2b8848fbfa5b5cfe073fa0997aa13137,view=619cf02349624a12144566da6e306dbd)","tag":"2024-03-29_152753573599","device_time":"2024-03-29 15:27:56.037","epoch":"1711693676037","to_tag":"2024-03-29_152757361258","index":41,"image":"screenshots\\screen_2024-03-29_152753573599.jpg","to_image":"screenshots\\screen_2024-03-29_152757361258.jpg","crash":{},"anr":{},"dqa":{},"from":"2b8848fbfa5b5cfe073fa0997aa13137","to":"e13bffa1c147d47958ef45e8b85e3a53","view_img":"views\\view_619cf02349624a12144566da6e306dbd_2024-03-29_152753573599.jpg"}