{"event":{"view":{"activity_name":"com.sec.android.app.sbrowser/.sites.SitesActivity","resource_id":null,"class_":"android.widget.ImageView","pointer":null,"content_desc":"More options","enabled":true,"visible":true,"checked":false,"selected":false,"editable":false,"clickable":true,"long_clickable":true,"scrollable_horizontal":false,"scrollable_vertical":false,"checkable":false,"text":null,"text_hint":null,"bounds":[945,120,1080,300],"rel_bounds":[945,120,1080,300],"children":[],"ancestors":[],"semantic_classes":["Image"],"uid":"45fcba4b74409bbcef0e039ca8a44ad0","is_password":false,"serialize_class":"AndroidViewTree","package_name":"com.sec.android.app.sbrowser","fingerprint":"","meta_info":null},"event_type":"touch","_proba":0.15767263329049408,"tag":"2024-03-29_152915441750"},"str":"TouchEvent(state=e13bffa1c147d47958ef45e8b85e3a53,view=45fcba4b74409bbcef0e039ca8a44ad0)","tag":"2024-03-29_152915441750","device_time":"2024-03-29 15:29:17.940","epoch":"1711693757940","to_tag":"2024-03-29_152919261597","index":62,"image":"screenshots\\screen_2024-03-29_152915441750.jpg","to_image":"screenshots\\screen_2024-03-29_152919261597.jpg","crash":{},"anr":{},"dqa":{},"from":"e13bffa1c147d47958ef45e8b85e3a53","to":"e8befedf9e3bd073fe411387a76b3dde","view_img":"views\\view_45fcba4b74409bbcef0e039ca8a44ad0_2024-03-29_152915441750.jpg"}