{"event":{"view":{"activity_name":"com.sec.android.app.sbrowser/.sites.SitesActivity","resource_id":"com.sec.android.app.sbrowser:id/actionbar_select_all_checkbox","class_":"android.widget.CheckBox","pointer":null,"content_desc":"1 selected.","enabled":true,"visible":true,"checked":true,"selected":false,"editable":false,"clickable":true,"long_clickable":false,"scrollable_horizontal":false,"scrollable_vertical":false,"checkable":true,"text":null,"text_hint":null,"bounds":[45,156,135,246],"rel_bounds":[45,156,135,246],"children":[],"ancestors":[],"semantic_classes":["Container (including radio buttons and checkboxes"],"uid":"92caf9b8909236855650538b2e3abf62","is_password":false,"serialize_class":"AndroidViewTree","package_name":"com.sec.android.app.sbrowser","fingerprint":"","meta_info":null},"event_type":"touch","_proba":0.23319371422583896,"tag":"2024-03-29_154506070636"},"str":"TouchEvent(state=44fb4b2dee4c776a92201519f5e93569,view=92caf9b8909236855650538b2e3abf62)","tag":"2024-03-29_154506070636","device_time":"2024-03-29 15:45:08.602","epoch":"1711694708602","to_tag":"2024-03-29_154509926277","index":266,"image":"screenshots\\screen_2024-03-29_154506070636.jpg","to_image":"screenshots\\screen_2024-03-29_154509926277.jpg","crash":{},"anr":{},"dqa":{},"from":"44fb4b2dee4c776a92201519f5e93569","to":"64bb2bd69f3157fd7bb6dec82c803c9c","view_img":"views\\view_92caf9b8909236855650538b2e3abf62_2024-03-29_154506070636.jpg"}