{"event":{"view":{"activity_name":"com.sec.android.app.sbrowser/.SBrowserMainActivity","resource_id":"com.sec.android.app.sbrowser:id/action_tabs","class_":"android.widget.Button","pointer":null,"content_desc":"Tabs","enabled":true,"visible":true,"checked":false,"selected":false,"editable":false,"clickable":true,"long_clickable":true,"scrollable_horizontal":false,"scrollable_vertical":false,"checkable":false,"text":null,"text_hint":null,"bounds":[770,2046,925,2181],"rel_bounds":[770,2046,925,2181],"children":[{"activity_name":"com.sec.android.app.sbrowser/.SBrowserMainActivity","resource_id":"com.sec.android.app.sbrowser:id/tabs_icon","class_":"android.widget.TextView","pointer":null,"content_desc":null,"enabled":true,"visible":true,"checked":false,"selected":false,"editable":false,"clickable":false,"long_clickable":false,"scrollable_horizontal":false,"scrollable_vertical":false,"checkable":false,"text":"15","text_hint":null,"bounds":[813,2079,881,2147],"rel_bounds":[813,2079,881,2147],"children":[],"ancestors":[],"semantic_classes":["Button (including text and image)"],"uid":"03dee3ddebe2686a4cd1a1c8b634f9ec","is_password":false,"serialize_class":"AndroidViewTree","package_name":"com.sec.android.app.sbrowser","fingerprint":"","meta_info":null}],"ancestors":[],"semantic_classes":["Button (including text and image)"],"uid":"7792c1490834898c5485518302aac438","is_password":false,"serialize_class":"AndroidViewTree","package_name":"com.sec.android.app.sbrowser","fingerprint":"","meta_info":null},"event_type":"touch","_proba":0.1329085197944327,"tag":"2024-03-29_154853996050"},"str":"TouchEvent(state=9c9f67805a85e4b7ff10d7aae5533d3e,view=7792c1490834898c5485518302aac438)","tag":"2024-03-29_154853996050","device_time":"2024-03-29 15:48:56.510","epoch":"1711694936510","to_tag":"2024-03-29_154857868184","index":319,"image":"screenshots\\screen_2024-03-29_154853996050.jpg","to_image":"screenshots\\screen_2024-03-29_154857868184.jpg","crash":{},"anr":{},"dqa":{},"from":"9c9f67805a85e4b7ff10d7aae5533d3e","to":"cbd0d1199ecaa49198565f64a6e70b3d","view_img":"views\\view_7792c1490834898c5485518302aac438_2024-03-29_154853996050.jpg"}