{"event":{"view":{"activity_name":"com.sec.android.app.sbrowser/.SBrowserMainActivity","resource_id":"com.sec.android.app.sbrowser:id/mic_button","class_":"android.widget.ImageButton","pointer":null,"content_desc":"Voice input","enabled":true,"visible":true,"checked":false,"selected":false,"editable":false,"clickable":true,"long_clickable":false,"scrollable_horizontal":false,"scrollable_vertical":false,"checkable":false,"text":null,"text_hint":null,"bounds":[950,89,1018,196],"rel_bounds":[950,89,1018,196],"children":[],"ancestors":[],"semantic_classes":["Button (including text and image)"],"uid":"9e88dc1c1f9e174220545a0c397ba697","is_password":false,"serialize_class":"AndroidViewTree","package_name":"com.sec.android.app.sbrowser","fingerprint":"","meta_info":null},"event_type":"touch","_proba":0.17860200176732507,"tag":"2024-03-29_153058440192"},"str":"TouchEvent(state=1f588b5c9165028ed8efc596dbe505c6,view=9e88dc1c1f9e174220545a0c397ba697)","tag":"2024-03-29_153058440192","device_time":"2024-03-29 15:31:00.853","epoch":"1711693860853","to_tag":"2024-03-29_153102183694","index":87,"image":"screenshots\\screen_2024-03-29_153058440192.jpg","to_image":"screenshots\\screen_2024-03-29_153102183694.jpg","crash":{},"anr":{},"dqa":{},"from":"1f588b5c9165028ed8efc596dbe505c6","to":"fd70c9c3efee4733eb7a977058e57017","view_img":"views\\view_9e88dc1c1f9e174220545a0c397ba697_2024-03-29_153058440192.jpg"}