{"event":{"view":{"activity_name":"com.google.android.tts/com.google.android.apps.speech.tts.googletts.service.GoogleTTSActivity","resource_id":"com.google.android.tts:id/transcription_mic_container","class_":"android.widget.FrameLayout","pointer":null,"content_desc":"Tap to try again","enabled":true,"visible":true,"checked":false,"selected":false,"editable":false,"clickable":true,"long_clickable":false,"scrollable_horizontal":false,"scrollable_vertical":false,"checkable":false,"text":null,"text_hint":null,"bounds":[371,838,709,1176],"rel_bounds":[371,838,709,1176],"children":[{"activity_name":"com.google.android.tts/com.google.android.apps.speech.tts.googletts.service.GoogleTTSActivity","resource_id":"com.google.android.tts:id/transcription_sound_levels","class_":"android.view.View","pointer":null,"content_desc":null,"enabled":false,"visible":true,"checked":false,"selected":false,"editable":false,"clickable":false,"long_clickable":false,"scrollable_horizontal":false,"scrollable_vertical":false,"checkable":false,"text":null,"text_hint":null,"bounds":[371,838,709,1176],"rel_bounds":[371,838,709,1176],"children":[],"ancestors":[],"semantic_classes":["Base View Android API class (android.view.View)"],"uid":"87456c8a6b9c69be34c82fd1d3d6a9ee","is_password":false,"serialize_class":"AndroidViewTree","package_name":"com.google.android.tts","fingerprint":"","meta_info":null},{"activity_name":"com.google.android.tts/com.google.android.apps.speech.tts.googletts.service.GoogleTTSActivity","resource_id":"com.google.android.tts:id/transcription_mic_image_indicator_background","class_":"android.widget.ImageView","pointer":null,"content_desc":null,"enabled":true,"visible":true,"checked":false,"selected":false,"editable":false,"clickable":false,"long_clickable":false,"scrollable_horizontal":false,"scrollable_vertical":false,"checkable":false,"text":null,"text_hint":null,"bounds":[427,894,652,1119],"rel_bounds":[427,894,652,1119],"children":[],"ancestors":[],"semantic_classes":["Image"],"uid":"7664a4c8f868d1c098413207a1bdf226","is_password":false,"serialize_class":"AndroidViewTree","package_name":"com.google.android.tts","fingerprint":"","meta_info":null},{"activity_name":"com.google.android.tts/com.google.android.apps.speech.tts.googletts.service.GoogleTTSActivity","resource_id":"com.google.android.tts:id/transcription_mic_image_indicator","class_":"android.widget.ImageView","pointer":null,"content_desc":null,"enabled":true,"visible":true,"checked":false,"selected":false,"editable":false,"clickable":false,"long_clickable":false,"scrollable_horizontal":false,"scrollable_vertical":false,"checkable":false,"text":null,"text_hint":null,"bounds":[489,956,590,1057],"rel_bounds":[489,956,590,1057],"children":[],"ancestors":[],"semantic_classes":["Image"],"uid":"9a3afac4c9d15ea2d63a9257920d257c","is_password":false,"serialize_class":"AndroidViewTree","package_name":"com.google.android.tts","fingerprint":"","meta_info":null}],"ancestors":[],"semantic_classes":["Layout"],"uid":"b99edbe22c3ad4ca6a7a4cf3eb3360e7","is_password":false,"serialize_class":"AndroidViewTree","package_name":"com.google.android.tts","fingerprint":"","meta_info":null},"event_type":"touch","_proba":0.7344998766875636,"tag":"2024-03-29_152808868738"},"str":"TouchEvent(state=a41871338bb20e112708ad5261ec8fad,view=b99edbe22c3ad4ca6a7a4cf3eb3360e7)","tag":"2024-03-29_152808868738","device_time":"2024-03-29 15:28:11.379","epoch":"1711693691379","to_tag":"2024-03-29_152812717205","index":45,"image":"screenshots\\screen_2024-03-29_152808868738.jpg","to_image":"screenshots\\screen_2024-03-29_152812717205.jpg","crash":{},"anr":{},"dqa":{},"from":"a41871338bb20e112708ad5261ec8fad","to":"fd70c9c3efee4733eb7a977058e57017","view_img":"views\\view_b99edbe22c3ad4ca6a7a4cf3eb3360e7_2024-03-29_152808868738.jpg"}