{"event":{"view":{"activity_name":"com.sec.android.app.sbrowser/.SBrowserMainActivity","resource_id":"com.sec.android.app.sbrowser:id/action_tabs","class_":"android.widget.Button","pointer":null,"content_desc":"Tabs","enabled":true,"visible":true,"checked":false,"selected":false,"editable":false,"clickable":true,"long_clickable":true,"scrollable_horizontal":false,"scrollable_vertical":false,"checkable":false,"text":null,"text_hint":null,"bounds":[770,2046,925,2181],"rel_bounds":[770,2046,925,2181],"children":[{"activity_name":"com.sec.android.app.sbrowser/.SBrowserMainActivity","resource_id":"com.sec.android.app.sbrowser:id/tabs_icon","class_":"android.widget.TextView","pointer":null,"content_desc":null,"enabled":true,"visible":true,"checked":false,"selected":false,"editable":false,"clickable":false,"long_clickable":false,"scrollable_horizontal":false,"scrollable_vertical":false,"checkable":false,"text":"6","text_hint":null,"bounds":[813,2079,881,2147],"rel_bounds":[813,2079,881,2147],"children":[],"ancestors":[],"semantic_classes":["Button (including text and image)"],"uid":"03638b1e820f2caee7926f3a83096ba5","is_password":false,"serialize_class":"AndroidViewTree","package_name":"com.sec.android.app.sbrowser","fingerprint":"","meta_info":null}],"ancestors":[],"semantic_classes":["Button (including text and image)"],"uid":"8f704fcb4e8a7b1ece4bd205802cea6e","is_password":false,"serialize_class":"AndroidViewTree","package_name":"com.sec.android.app.sbrowser","fingerprint":"","meta_info":null},"event_type":"touch","_proba":0.13374186173845293,"tag":"2024-03-29_153125411229"},"str":"TouchEvent(state=9c9f67805a85e4b7ff10d7aae5533d3e,view=8f704fcb4e8a7b1ece4bd205802cea6e)","tag":"2024-03-29_153125411229","device_time":"2024-03-29 15:31:27.870","epoch":"1711693887870","to_tag":"2024-03-29_153129200772","index":94,"image":"screenshots\\screen_2024-03-29_153125411229.jpg","to_image":"screenshots\\screen_2024-03-29_153129200772.jpg","crash":{},"anr":{},"dqa":{},"from":"9c9f67805a85e4b7ff10d7aae5533d3e","to":"620368a3151c00b7f9bdaf826d360d8f","view_img":"views\\view_8f704fcb4e8a7b1ece4bd205802cea6e_2024-03-29_153125411229.jpg"}