{"event":{"intent":"am start com.sec.android.app.sbrowser/.SBrowserMainActivity","tag":"2024-03-29_154928099502","event_type":"intent"},"str":"IntentEvent(state=002424a97f278df6dbb9bb6ebc28b4aa,intent='am start com.sec.android.app.sbrowser/.SBrowserMainActivity')","tag":"2024-03-29_154928099502","device_time":"2024-03-29 15:49:32.225","epoch":"1711694972225","to_tag":"2024-03-29_154933557893","index":327,"image":"screenshots\\screen_2024-03-29_154928099502.jpg","to_image":"screenshots\\screen_2024-03-29_154933557893.jpg","crash":{},"anr":{},"dqa":{},"from":"002424a97f278df6dbb9bb6ebc28b4aa","to":"9c9f67805a85e4b7ff10d7aae5533d3e"}