{"event":{"view":{"activity_name":"com.sec.android.app.sbrowser/.SBrowserMainActivity","resource_id":"com.sec.android.app.sbrowser:id/search_engine_row_layout","class_":"android.widget.LinearLayout","pointer":null,"content_desc":"Not checked, Yahoo!, Dropdown list","enabled":true,"visible":true,"checked":false,"selected":false,"editable":false,"clickable":true,"long_clickable":false,"scrollable_horizontal":false,"scrollable_vertical":false,"checkable":false,"text":null,"text_hint":null,"bounds":[29,236,669,383],"rel_bounds":[29,236,669,383],"children":[{"activity_name":"com.sec.android.app.sbrowser/.SBrowserMainActivity","resource_id":"com.sec.android.app.sbrowser:id/search_engine_row_icon","class_":"android.widget.ImageView","pointer":null,"content_desc":null,"enabled":true,"visible":true,"checked":false,"selected":false,"editable":false,"clickable":false,"long_clickable":false,"scrollable_horizontal":false,"scrollable_vertical":false,"checkable":false,"text":null,"text_hint":null,"bounds":[97,275,165,343],"rel_bounds":[97,275,165,343],"children":[],"ancestors":[],"semantic_classes":["Image"],"uid":"f58a57e049805682fd1034b22269e3c6","is_password":false,"serialize_class":"AndroidViewTree","package_name":"com.sec.android.app.sbrowser","fingerprint":"","meta_info":null},{"activity_name":"com.sec.android.app.sbrowser/.SBrowserMainActivity","resource_id":null,"class_":"android.widget.RelativeLayout","pointer":null,"content_desc":null,"enabled":true,"visible":true,"checked":false,"selected":false,"editable":false,"clickable":false,"long_clickable":false,"scrollable_horizontal":false,"scrollable_vertical":false,"checkable":false,"text":null,"text_hint":null,"bounds":[165,276,669,342],"rel_bounds":[165,276,669,342],"children":[{"activity_name":"com.sec.android.app.sbrowser/.SBrowserMainActivity","resource_id":"com.sec.android.app.sbrowser:id/search_engine_row_title","class_":"android.widget.TextView","pointer":null,"content_desc":null,"enabled":true,"visible":true,"checked":false,"selected":false,"editable":false,"clickable":false,"long_clickable":false,"scrollable_horizontal":false,"scrollable_vertical":false,"checkable":false,"text":"Yahoo!","text_hint":null,"bounds":[193,276,344,342],"rel_bounds":[193,276,344,342],"children":[],"ancestors":[],"semantic_classes":["Button (including text and image)"],"uid":"f36f289f081741dbed643f712ed05dbb","is_password":false,"serialize_class":"AndroidViewTree","package_name":"com.sec.android.app.sbrowser","fingerprint":"","meta_info":null}],"ancestors":[],"semantic_classes":["Layout"],"uid":"45534f513c0635c6bfa02b3a9885e358","is_password":false,"serialize_class":"AndroidViewTree","package_name":"com.sec.android.app.sbrowser","fingerprint":"","meta_info":null}],"ancestors":[],"semantic_classes":["Layout"],"uid":"91fe074da513f35143185e4e2f843e40","is_password":false,"serialize_class":"AndroidViewTree","package_name":"com.sec.android.app.sbrowser","fingerprint":"","meta_info":null},"event_type":"touch","_proba":0.09090937351629133,"tag":"2024-03-29_155502784418"},"str":"TouchEvent(state=6747831df6ac966f68bcd5017c9f92bc,view=91fe074da513f35143185e4e2f843e40)","tag":"2024-03-29_155502784418","device_time":"2024-03-29 15:55:10.223","epoch":"1711695310223","to_tag":"2024-03-29_155511519132","index":408,"image":null,"to_image":null,"crash":{},"anr":{},"dqa":{},"from":"6747831df6ac966f68bcd5017c9f92bc","to":"6738d8c984011a40e4b34005332ecdd6","view_img":"views\\view_91fe074da513f35143185e4e2f843e40_2024-03-29_155502784418.jpg"}