{"event":{"view":{"activity_name":"com.sec.android.app.sbrowser/.SBrowserMainActivity","resource_id":"com.sec.android.app.sbrowser:id/action_tabs","class_":"android.widget.Button","pointer":null,"content_desc":"Tabs","enabled":true,"visible":true,"checked":false,"selected":false,"editable":false,"clickable":true,"long_clickable":true,"scrollable_horizontal":false,"scrollable_vertical":false,"checkable":false,"text":null,"text_hint":null,"bounds":[770,2046,925,2181],"rel_bounds":[770,2046,925,2181],"children":[{"activity_name":"com.sec.android.app.sbrowser/.SBrowserMainActivity","resource_id":"com.sec.android.app.sbrowser:id/tabs_icon","class_":"android.widget.TextView","pointer":null,"content_desc":null,"enabled":true,"visible":true,"checked":false,"selected":false,"editable":false,"clickable":false,"long_clickable":false,"scrollable_horizontal":false,"scrollable_vertical":false,"checkable":false,"text":"2","text_hint":null,"bounds":[813,2079,881,2147],"rel_bounds":[813,2079,881,2147],"children":[],"ancestors":[],"semantic_classes":["Button (including text and image)"],"uid":"a11a8cde68e162d094f2d49c6053c50f","is_password":false,"serialize_class":"AndroidViewTree","package_name":"com.sec.android.app.sbrowser","fingerprint":"","meta_info":null}],"ancestors":[],"semantic_classes":["Button (including text and image)"],"uid":"d263549a7dc33cccd9dacde1c74cbfba","is_password":false,"serialize_class":"AndroidViewTree","package_name":"com.sec.android.app.sbrowser","fingerprint":"","meta_info":null},"event_type":"touch","_proba":0.12183514485404781,"tag":"2024-03-29_152837198233"},"str":"TouchEvent(state=2b8848fbfa5b5cfe073fa0997aa13137,view=d263549a7dc33cccd9dacde1c74cbfba)","tag":"2024-03-29_152837198233","device_time":"2024-03-29 15:28:39.748","epoch":"1711693719748","to_tag":"2024-03-29_152841082487","index":52,"image":"screenshots\\screen_2024-03-29_152837198233.jpg","to_image":"screenshots\\screen_2024-03-29_152841082487.jpg","crash":{},"anr":{},"dqa":{},"from":"2b8848fbfa5b5cfe073fa0997aa13137","to":"45a34cdcc9eb944bb11c665ed77f1b95","view_img":"views\\view_d263549a7dc33cccd9dacde1c74cbfba_2024-03-29_152837198233.jpg"}