{"event":{"view":{"activity_name":"com.sec.android.app.sbrowser/.SBrowserMainActivity","resource_id":"com.sec.android.app.sbrowser:id/tab_manager_back_button","class_":"android.widget.ImageButton","pointer":null,"content_desc":"Navigate up","enabled":true,"visible":true,"checked":false,"selected":false,"editable":false,"clickable":true,"long_clickable":false,"scrollable_horizontal":false,"scrollable_vertical":false,"checkable":false,"text":null,"text_hint":null,"bounds":[23,142,158,277],"rel_bounds":[23,142,158,277],"children":[],"ancestors":[],"semantic_classes":["Button (including text and image)"],"uid":"c15ec146ab01801ab4383e1b3a1922f5","is_password":false,"serialize_class":"AndroidViewTree","package_name":"com.sec.android.app.sbrowser","fingerprint":"","meta_info":null},"event_type":"touch","_proba":0.41710960180641715,"tag":"2024-03-29_154834995708"},"str":"TouchEvent(state=88c5552aeccd5f2de6a58b6e48055471,view=c15ec146ab01801ab4383e1b3a1922f5)","tag":"2024-03-29_154834995708","device_time":"2024-03-29 15:48:37.494","epoch":"1711694917494","to_tag":"2024-03-29_154838785181","index":314,"image":"screenshots\\screen_2024-03-29_154834995708.jpg","to_image":"screenshots\\screen_2024-03-29_154838785181.jpg","crash":{},"anr":{},"dqa":{},"from":"88c5552aeccd5f2de6a58b6e48055471","to":"9c9f67805a85e4b7ff10d7aae5533d3e","view_img":"views\\view_c15ec146ab01801ab4383e1b3a1922f5_2024-03-29_154834995708.jpg"}