{"event":{"view":{"activity_name":"com.sec.android.app.sbrowser/.SBrowserMainActivity","resource_id":"com.sec.android.app.sbrowser:id/tab_manager_actionbar_select_all_layout","class_":"android.widget.CheckBox","pointer":null,"content_desc":"Checked,  Select all","enabled":true,"visible":true,"checked":false,"selected":false,"editable":false,"clickable":true,"long_clickable":false,"scrollable_horizontal":false,"scrollable_vertical":false,"checkable":false,"text":null,"text_hint":null,"bounds":[0,120,180,300],"rel_bounds":[0,120,180,300],"children":[{"activity_name":"com.sec.android.app.sbrowser/.SBrowserMainActivity","resource_id":"com.sec.android.app.sbrowser:id/tab_manager_select_all_checkbox","class_":"android.widget.CheckBox","pointer":null,"content_desc":null,"enabled":true,"visible":true,"checked":true,"selected":false,"editable":false,"clickable":false,"long_clickable":false,"scrollable_horizontal":false,"scrollable_vertical":false,"checkable":true,"text":null,"text_hint":null,"bounds":[45,148,135,238],"rel_bounds":[45,148,135,238],"children":[],"ancestors":[],"semantic_classes":["Container (including radio buttons and checkboxes"],"uid":"2240d873894da59b7ee6f8fd942caad9","is_password":false,"serialize_class":"AndroidViewTree","package_name":"com.sec.android.app.sbrowser","fingerprint":"","meta_info":null},{"activity_name":"com.sec.android.app.sbrowser/.SBrowserMainActivity","resource_id":"com.sec.android.app.sbrowser:id/tab_manager_select_all_checkbox_text","class_":"android.widget.TextView","pointer":null,"content_desc":null,"enabled":true,"visible":true,"checked":false,"selected":false,"editable":false,"clickable":false,"long_clickable":false,"scrollable_horizontal":false,"scrollable_vertical":false,"checkable":false,"text":"All","text_hint":null,"bounds":[72,238,108,284],"rel_bounds":[72,238,108,284],"children":[],"ancestors":[],"semantic_classes":["Button (including text and image)"],"uid":"68a7343e3e987eb834b05ba546832c6d","is_password":false,"serialize_class":"AndroidViewTree","package_name":"com.sec.android.app.sbrowser","fingerprint":"","meta_info":null}],"ancestors":[],"semantic_classes":["Container (including radio buttons and checkboxes"],"uid":"074d38b3bac56942943ee126620475b8","is_password":false,"serialize_class":"AndroidViewTree","package_name":"com.sec.android.app.sbrowser","fingerprint":"","meta_info":null},"event_type":"touch","_proba":0.19295219160353336,"tag":"2024-03-29_154645936753"},"str":"TouchEvent(state=6b7ba9511824d20aa2e225742a35353e,view=074d38b3bac56942943ee126620475b8)","tag":"2024-03-29_154645936753","device_time":"2024-03-29 15:46:48.474","epoch":"1711694808474","to_tag":"2024-03-29_154649811243","index":289,"image":"screenshots\\screen_2024-03-29_154645936753.jpg","to_image":"screenshots\\screen_2024-03-29_154649811243.jpg","crash":{},"anr":{},"dqa":{},"from":"6b7ba9511824d20aa2e225742a35353e","to":"3304184b54bb3f36ae4d1b968b18dfa7","view_img":"views\\view_074d38b3bac56942943ee126620475b8_2024-03-29_154645936753.jpg"}