{"event":{"view":{"activity_name":"com.sec.android.app.sbrowser/.SBrowserMainActivity","resource_id":"com.sec.android.app.sbrowser:id/tab_manager_back_button","class_":"android.widget.ImageButton","pointer":null,"content_desc":"Navigate up","enabled":true,"visible":true,"checked":false,"selected":false,"editable":false,"clickable":true,"long_clickable":false,"scrollable_horizontal":false,"scrollable_vertical":false,"checkable":false,"text":null,"text_hint":null,"bounds":[23,142,158,277],"rel_bounds":[23,142,158,277],"children":[],"ancestors":[],"semantic_classes":["Button (including text and image)"],"uid":"c15ec146ab01801ab4383e1b3a1922f5","is_password":false,"serialize_class":"AndroidViewTree","package_name":"com.sec.android.app.sbrowser","fingerprint":"","meta_info":null},"event_type":"touch","_proba":0.4595629954932317,"tag":"2024-03-29_152543119571"},"str":"TouchEvent(state=f2247447b9c4fb137bc9a08fb2813e34,view=c15ec146ab01801ab4383e1b3a1922f5)","tag":"2024-03-29_152543119571","device_time":"2024-03-29 15:25:45.676","epoch":"1711693545676","to_tag":"2024-03-29_152546954825","index":9,"image":"screenshots\\screen_2024-03-29_152543119571.jpg","to_image":"screenshots\\screen_2024-03-29_152546954825.jpg","crash":{},"anr":{},"dqa":{},"from":"f2247447b9c4fb137bc9a08fb2813e34","to":"9c9f67805a85e4b7ff10d7aae5533d3e","view_img":"views\\view_c15ec146ab01801ab4383e1b3a1922f5_2024-03-29_152543119571.jpg"}