{"event":{"view":{"activity_name":"com.sec.android.app.sbrowser/.sites.SitesActivity","resource_id":"com.sec.android.app.sbrowser:id/actionbar_select_all_checkbox","class_":"android.widget.CheckBox","pointer":null,"content_desc":"8 selected.","enabled":true,"visible":true,"checked":true,"selected":false,"editable":false,"clickable":true,"long_clickable":false,"scrollable_horizontal":false,"scrollable_vertical":false,"checkable":true,"text":null,"text_hint":null,"bounds":[45,156,135,246],"rel_bounds":[45,156,135,246],"children":[],"ancestors":[],"semantic_classes":["Container (including radio buttons and checkboxes"],"uid":"92caf9b8909236855650538b2e3abf62","is_password":false,"serialize_class":"AndroidViewTree","package_name":"com.sec.android.app.sbrowser","fingerprint":"","meta_info":null},"event_type":"touch","_proba":0.14500328624911193,"tag":"2024-03-29_155119666883"},"str":"TouchEvent(state=9afbe3481b2380ed06ba4f3f0bea4a7a,view=92caf9b8909236855650538b2e3abf62)","tag":"2024-03-29_155119666883","device_time":"2024-03-29 15:51:22.801","epoch":"1711695082801","to_tag":"2024-03-29_155124127119","index":355,"image":"screenshots\\screen_2024-03-29_155119666883.jpg","to_image":"screenshots\\screen_2024-03-29_155124127119.jpg","crash":{},"anr":{},"dqa":{},"from":"9afbe3481b2380ed06ba4f3f0bea4a7a","to":"b965441ae884d23a9d1263684c01bde7","view_img":"views\\view_92caf9b8909236855650538b2e3abf62_2024-03-29_155119666883.jpg"}