{"event":{"view":{"activity_name":"com.sec.android.app.sbrowser/.sites.bookmark.view.select_bookmark_folder.SelectBookmarkFolderActivity","resource_id":"android:id/button1","class_":"android.widget.Button","pointer":null,"content_desc":null,"enabled":true,"visible":true,"checked":false,"selected":false,"editable":false,"clickable":true,"long_clickable":false,"scrollable_horizontal":false,"scrollable_vertical":false,"checkable":false,"text":"Create","text_hint":null,"bounds":[543,1979,984,2080],"rel_bounds":[543,1979,984,2080],"children":[],"ancestors":[],"semantic_classes":["collection manipulation (add, delete, etc.)","Button (including text and image)"],"uid":"47d8187731217df3bcf24e426d8aa3b1","is_password":false,"serialize_class":"AndroidViewTree","package_name":"com.sec.android.app.sbrowser","fingerprint":"","meta_info":null},"event_type":"touch","_proba":0.5479484767905616,"tag":"2024-03-29_153656295092"},"str":"TouchEvent(state=518d66a9974b76dde9260aa66f55366e,view=47d8187731217df3bcf24e426d8aa3b1)","tag":"2024-03-29_153656295092","device_time":"2024-03-29 15:36:58.684","epoch":"1711694218684","to_tag":"2024-03-29_153659982047","index":162,"image":"screenshots\\screen_2024-03-29_153656295092.jpg","to_image":"screenshots\\screen_2024-03-29_153659982047.jpg","crash":{},"anr":{},"dqa":{},"from":"518d66a9974b76dde9260aa66f55366e","to":"984c469749bbe314c4990599b0252f80","view_img":"views\\view_47d8187731217df3bcf24e426d8aa3b1_2024-03-29_153656295092.jpg"}