{"event":{"view":{"activity_name":"com.sec.android.app.sbrowser/.SBrowserMainActivity","resource_id":"com.sec.android.app.sbrowser:id/action_tabs","class_":"android.widget.Button","pointer":null,"content_desc":"Tabs","enabled":true,"visible":true,"checked":false,"selected":false,"editable":false,"clickable":true,"long_clickable":true,"scrollable_horizontal":false,"scrollable_vertical":false,"checkable":false,"text":null,"text_hint":null,"bounds":[770,2046,925,2181],"rel_bounds":[770,2046,925,2181],"children":[{"activity_name":"com.sec.android.app.sbrowser/.SBrowserMainActivity","resource_id":"com.sec.android.app.sbrowser:id/tabs_icon","class_":"android.widget.TextView","pointer":null,"content_desc":null,"enabled":true,"visible":true,"checked":false,"selected":false,"editable":false,"clickable":false,"long_clickable":false,"scrollable_horizontal":false,"scrollable_vertical":false,"checkable":false,"text":"4","text_hint":null,"bounds":[813,2079,881,2147],"rel_bounds":[813,2079,881,2147],"children":[],"ancestors":[],"semantic_classes":["Button (including text and image)"],"uid":"0af8445cfd51b980c189ebd94544a9dd","is_password":false,"serialize_class":"AndroidViewTree","package_name":"com.sec.android.app.sbrowser","fingerprint":"","meta_info":null}],"ancestors":[],"semantic_classes":["Button (including text and image)"],"uid":"ad94cdda38f19297e09f1ce883bd7499","is_password":false,"serialize_class":"AndroidViewTree","package_name":"com.sec.android.app.sbrowser","fingerprint":"","meta_info":null},"event_type":"touch","_proba":0.26701840160029716,"tag":"2024-03-29_153105942930"},"str":"TouchEvent(state=126706dc2dd41821e4aa31f9bbe6bcdd,view=ad94cdda38f19297e09f1ce883bd7499)","tag":"2024-03-29_153105942930","device_time":"2024-03-29 15:31:08.470","epoch":"1711693868470","to_tag":"2024-03-29_153109875836","index":89,"image":"screenshots\\screen_2024-03-29_153105942930.jpg","to_image":"screenshots\\screen_2024-03-29_153109875836.jpg","crash":{},"anr":{},"dqa":{},"from":"126706dc2dd41821e4aa31f9bbe6bcdd","to":"e31c8bc746f508de154bb73cddfaedfc","view_img":"views\\view_ad94cdda38f19297e09f1ce883bd7499_2024-03-29_153105942930.jpg"}