{"event":{"view":{"activity_name":"com.sec.android.app.sbrowser/.SBrowserMainActivity","resource_id":"com.sec.android.app.sbrowser:id/bookmark_star_icon","class_":"android.widget.ImageButton","pointer":null,"content_desc":"Add to Bookmarks","enabled":true,"visible":true,"checked":false,"selected":false,"editable":false,"clickable":true,"long_clickable":false,"scrollable_horizontal":false,"scrollable_vertical":false,"checkable":false,"text":null,"text_hint":null,"bounds":[57,89,125,196],"rel_bounds":[57,89,125,196],"children":[],"ancestors":[],"semantic_classes":["Button (including text and image)"],"uid":"55e82f269731601b75f8abb885973260","is_password":false,"serialize_class":"AndroidViewTree","package_name":"com.sec.android.app.sbrowser","fingerprint":"","meta_info":null},"event_type":"touch","_proba":0.2941456257308558,"tag":"2024-03-29_153907040671"},"str":"TouchEvent(state=a6fbb6ababe19f89fb90cd8e0ded653f,view=55e82f269731601b75f8abb885973260)","tag":"2024-03-29_153907040671","device_time":"2024-03-29 15:39:09.470","epoch":"1711694349470","to_tag":"2024-03-29_153910754352","index":196,"image":"screenshots\\screen_2024-03-29_153907040671.jpg","to_image":"screenshots\\screen_2024-03-29_153910754352.jpg","crash":{},"anr":{},"dqa":{},"from":"a6fbb6ababe19f89fb90cd8e0ded653f","to":"1945f4b40c109a9ce9e525cbc4fdf5ec","view_img":"views\\view_55e82f269731601b75f8abb885973260_2024-03-29_153907040671.jpg"}