{"event":{"view":{"activity_name":"com.sec.android.app.sbrowser/.sites.SitesActivity","resource_id":"com.sec.android.app.sbrowser:id/sites_search_bookmark","class_":"android.widget.Button","pointer":null,"content_desc":"Search","enabled":true,"visible":true,"checked":false,"selected":false,"editable":false,"clickable":true,"long_clickable":true,"scrollable_horizontal":false,"scrollable_vertical":false,"checkable":false,"text":null,"text_hint":null,"bounds":[831,120,945,300],"rel_bounds":[831,120,945,300],"children":[],"ancestors":[],"semantic_classes":["Button (including text and image)"],"uid":"1ec987e7e28df6c8418d3638f2b94d3a","is_password":false,"serialize_class":"AndroidViewTree","package_name":"com.sec.android.app.sbrowser","fingerprint":"","meta_info":null},"event_type":"touch","_proba":0.27580950791888315,"tag":"2024-03-29_155202373594"},"str":"TouchEvent(state=397cfe2ad97982d7bd6effaa206fb49d,view=1ec987e7e28df6c8418d3638f2b94d3a)","tag":"2024-03-29_155202373594","device_time":"2024-03-29 15:52:04.896","epoch":"1711695124896","to_tag":"2024-03-29_155206211247","index":366,"image":"screenshots\\screen_2024-03-29_155202373594.jpg","to_image":"screenshots\\screen_2024-03-29_155206211247.jpg","crash":{},"anr":{},"dqa":{},"from":"397cfe2ad97982d7bd6effaa206fb49d","to":"c16b42265babc2ac4a07fddfb3542eba","view_img":"views\\view_1ec987e7e28df6c8418d3638f2b94d3a_2024-03-29_155202373594.jpg"}