{"event":{"view":{"activity_name":"com.sec.android.app.sbrowser/.SBrowserMainActivity","resource_id":"com.sec.android.app.sbrowser:id/tab_manager_bottom_secret_button","class_":"android.widget.FrameLayout","pointer":null,"content_desc":null,"enabled":true,"visible":true,"checked":false,"selected":false,"editable":false,"clickable":true,"long_clickable":true,"scrollable_horizontal":false,"scrollable_vertical":false,"checkable":false,"text":null,"text_hint":null,"bounds":[68,2021,540,2181],"rel_bounds":[68,2021,540,2181],"children":[{"activity_name":"com.sec.android.app.sbrowser/.SBrowserMainActivity","resource_id":"com.sec.android.app.sbrowser:id/tab_manager_bottom_secret_button_text","class_":"android.widget.Button","pointer":null,"content_desc":"Turn off Secret mode","enabled":true,"visible":true,"checked":false,"selected":false,"editable":false,"clickable":false,"long_clickable":false,"scrollable_horizontal":false,"scrollable_vertical":false,"checkable":false,"text":"Turn off\nSecret mode","text_hint":null,"bounds":[152,2032,456,2170],"rel_bounds":[152,2032,456,2170],"children":[],"ancestors":[],"semantic_classes":["Button (including text and image)"],"uid":"b52e6b21f6601459cf6cc76278b8e262","is_password":false,"serialize_class":"AndroidViewTree","package_name":"com.sec.android.app.sbrowser","fingerprint":"","meta_info":null}],"ancestors":[],"semantic_classes":["Layout"],"uid":"a690836cec26c423031491a08582507e","is_password":false,"serialize_class":"AndroidViewTree","package_name":"com.sec.android.app.sbrowser","fingerprint":"","meta_info":null},"event_type":"touch","_proba":0.10232917175901153,"tag":"2024-03-29_154741994687"},"str":"TouchEvent(state=b5b6d7d9585f5588ad45e23e7cf5e694,view=a690836cec26c423031491a08582507e)","tag":"2024-03-29_154741994687","device_time":"2024-03-29 15:47:49.503","epoch":"1711694869503","to_tag":"2024-03-29_154750796283","index":302,"image":null,"to_image":"screenshots\\screen_2024-03-29_154750796283.jpg","crash":{},"anr":{},"dqa":{},"from":"b5b6d7d9585f5588ad45e23e7cf5e694","to":"f0edab0e4e1c59fb1f70614736f043db","view_img":"views\\view_a690836cec26c423031491a08582507e_2024-03-29_154741994687.jpg"}