{"event":{"view":{"activity_name":"com.sec.android.app.sbrowser/.settings.SettingsActivity","resource_id":"android:id/switch_widget","class_":"android.widget.Switch","pointer":null,"content_desc":"High contrast mode","enabled":true,"visible":true,"checked":false,"selected":false,"editable":false,"clickable":true,"long_clickable":false,"scrollable_horizontal":false,"scrollable_vertical":false,"checkable":true,"text":null,"text_hint":null,"bounds":[890,1474,1013,1770],"rel_bounds":[890,1474,1013,1770],"children":[],"ancestors":[],"semantic_classes":["Switch (On-off or toggle button)"],"uid":"64efc25af2de853f8814932a50594faa","is_password":false,"serialize_class":"AndroidViewTree","package_name":"com.sec.android.app.sbrowser","fingerprint":"","meta_info":null},"event_type":"touch","_proba":0.13000863251948214,"tag":"2024-03-29_155723162331"},"str":"TouchEvent(state=0c1da480c90fa6f05dd3c5812eb6a439,view=64efc25af2de853f8814932a50594faa)","tag":"2024-03-29_155723162331","device_time":"2024-03-29 15:57:25.578","epoch":"1711695445578","to_tag":"2024-03-29_155726891720","index":438,"image":"screenshots\\screen_2024-03-29_155723162331.jpg","to_image":"screenshots\\screen_2024-03-29_155726891720.jpg","crash":{},"anr":{},"dqa":{},"from":"0c1da480c90fa6f05dd3c5812eb6a439","to":"575f3f904800a8ffee9e5ebaa40c19a7","view_img":"views\\view_64efc25af2de853f8814932a50594faa_2024-03-29_155723162331.jpg"}