{"event":{"intent":"am start com.sec.android.app.sbrowser/.SBrowserMainActivity","tag":"2024-03-29_153034391822","event_type":"intent"},"str":"IntentEvent(state=002424a97f278df6dbb9bb6ebc28b4aa,intent='am start com.sec.android.app.sbrowser/.SBrowserMainActivity')","tag":"2024-03-29_153034391822","device_time":"2024-03-29 15:30:38.381","epoch":"1711693838381","to_tag":"2024-03-29_153039714465","index":82,"image":"screenshots\\screen_2024-03-29_153034391822.jpg","to_image":"screenshots\\screen_2024-03-29_153039714465.jpg","crash":{},"anr":{},"dqa":{},"from":"002424a97f278df6dbb9bb6ebc28b4aa","to":"9c9f67805a85e4b7ff10d7aae5533d3e"}