{"event":{"view":{"activity_name":"com.sec.android.app.sbrowser/.SBrowserMainActivity","resource_id":"com.sec.android.app.sbrowser:id/action_bookmarks","class_":"android.widget.ImageButton","pointer":null,"content_desc":"Bookmarks","enabled":true,"visible":true,"checked":false,"selected":false,"editable":false,"clickable":true,"long_clickable":true,"scrollable_horizontal":false,"scrollable_vertical":false,"checkable":false,"text":null,"text_hint":null,"bounds":[616,2046,770,2181],"rel_bounds":[616,2046,770,2181],"children":[],"ancestors":[],"semantic_classes":["Button (including text and image)"],"uid":"619cf02349624a12144566da6e306dbd","is_password":false,"serialize_class":"AndroidViewTree","package_name":"com.sec.android.app.sbrowser","fingerprint":"","meta_info":null},"event_type":"touch","_proba":0.2392424262908285,"tag":"2024-03-29_152946301372"},"str":"TouchEvent(state=4d2e8a990da033385926e8dafb4ed56a,view=619cf02349624a12144566da6e306dbd)","tag":"2024-03-29_152946301372","device_time":"2024-03-29 15:29:48.727","epoch":"1711693788727","to_tag":"2024-03-29_152950053343","index":70,"image":"screenshots\\screen_2024-03-29_152946301372.jpg","to_image":"screenshots\\screen_2024-03-29_152950053343.jpg","crash":{},"anr":{},"dqa":{},"from":"4d2e8a990da033385926e8dafb4ed56a","to":"f2fe41805be61ec9984e6d9be4aa3e2c","view_img":"views\\view_619cf02349624a12144566da6e306dbd_2024-03-29_152946301372.jpg"}