{"event":{"view":{"activity_name":"com.sec.android.app.sbrowser/.sites.SitesActivity","resource_id":null,"class_":"android.widget.ImageButton","pointer":null,"content_desc":"Navigate up","enabled":true,"visible":true,"checked":false,"selected":false,"editable":false,"clickable":true,"long_clickable":false,"scrollable_horizontal":false,"scrollable_vertical":false,"checkable":false,"text":null,"text_hint":null,"bounds":[0,120,158,300],"rel_bounds":[0,120,158,300],"children":[],"ancestors":[],"semantic_classes":["Button (including text and image)"],"uid":"8b35fd606d1bf0e37203d5d3e83c8191","is_password":false,"serialize_class":"AndroidViewTree","package_name":"com.sec.android.app.sbrowser","fingerprint":"","meta_info":null},"event_type":"touch","_proba":0.17945987700365926,"tag":"2024-03-29_160143804644"},"str":"TouchEvent(state=1a6728f60aef3594e6482cd71eecc77d,view=8b35fd606d1bf0e37203d5d3e83c8191)","tag":"2024-03-29_160143804644","device_time":"2024-03-29 16:01:46.407","epoch":"1711695706407","to_tag":"2024-03-29_160147726528","index":481,"image":"screenshots\\screen_2024-03-29_160143804644.jpg","to_image":"screenshots\\screen_2024-03-29_160147726528.jpg","crash":{},"anr":{},"dqa":{},"from":"1a6728f60aef3594e6482cd71eecc77d","to":"533961ff3d55db3159a649172cb92292","view_img":"views\\view_8b35fd606d1bf0e37203d5d3e83c8191_2024-03-29_160143804644.jpg"}