{"event":{"view":{"activity_name":"com.sec.android.app.sbrowser/.sites.SitesActivity","resource_id":"com.sec.android.app.sbrowser:id/displayed_view","class_":"android.widget.LinearLayout","pointer":null,"content_desc":"G, Google","enabled":true,"visible":true,"checked":false,"selected":false,"editable":false,"clickable":true,"long_clickable":true,"scrollable_horizontal":false,"scrollable_vertical":false,"checkable":false,"text":null,"text_hint":null,"bounds":[0,300,1080,458],"rel_bounds":[0,300,1080,458],"children":[{"activity_name":"com.sec.android.app.sbrowser/.sites.SitesActivity","resource_id":"com.sec.android.app.sbrowser:id/show_bookmarks_view","class_":"android.widget.LinearLayout","pointer":null,"content_desc":null,"enabled":true,"visible":true,"checked":false,"selected":false,"editable":false,"clickable":false,"long_clickable":false,"scrollable_horizontal":false,"scrollable_vertical":false,"checkable":false,"text":null,"text_hint":null,"bounds":[0,300,1080,458],"rel_bounds":[0,300,1080,458],"children":[{"activity_name":"com.sec.android.app.sbrowser/.sites.SitesActivity","resource_id":"com.sec.android.app.sbrowser:id/bookmark_fav_icon_parent","class_":"android.widget.FrameLayout","pointer":null,"content_desc":null,"enabled":true,"visible":true,"checked":false,"selected":false,"editable":false,"clickable":false,"long_clickable":false,"scrollable_horizontal":false,"scrollable_vertical":false,"checkable":false,"text":null,"text_hint":null,"bounds":[68,328,169,429],"rel_bounds":[68,328,169,429],"children":[{"activity_name":"com.sec.android.app.sbrowser/.sites.SitesActivity","resource_id":"com.sec.android.app.sbrowser:id/dominant_text","class_":"android.widget.TextView","pointer":null,"content_desc":null,"enabled":true,"visible":true,"checked":false,"selected":false,"editable":false,"clickable":false,"long_clickable":false,"scrollable_horizontal":false,"scrollable_vertical":false,"checkable":false,"text":"G","text_hint":null,"bounds":[68,328,169,429],"rel_bounds":[68,328,169,429],"children":[],"ancestors":[],"semantic_classes":["Button (including text and image)"],"uid":"42bf4019196846c2b369c3d02f54b5af","is_password":false,"serialize_class":"AndroidViewTree","package_name":"com.sec.android.app.sbrowser","fingerprint":"","meta_info":null},{"activity_name":"com.sec.android.app.sbrowser/.sites.SitesActivity","resource_id":"com.sec.android.app.sbrowser:id/folder_icon","class_":"android.widget.ImageView","pointer":null,"content_desc":null,"enabled":true,"visible":true,"checked":false,"selected":false,"editable":false,"clickable":false,"long_clickable":false,"scrollable_horizontal":false,"scrollable_vertical":false,"checkable":false,"text":null,"text_hint":null,"bounds":[79,339,158,418],"rel_bounds":[79,339,158,418],"children":[],"ancestors":[],"semantic_classes":["Image"],"uid":"4d2e501c025b3c7a9582dff1d838b729","is_password":false,"serialize_class":"AndroidViewTree","package_name":"com.sec.android.app.sbrowser","fingerprint":"","meta_info":null}],"ancestors":[],"semantic_classes":["Layout"],"uid":"a6365cfd1ab78f5a87dcb42020e2a0db","is_password":false,"serialize_class":"AndroidViewTree","package_name":"com.sec.android.app.sbrowser","fingerprint":"","meta_info":null},{"activity_name":"com.sec.android.app.sbrowser/.sites.SitesActivity","resource_id":null,"class_":"android.widget.FrameLayout","pointer":null,"content_desc":null,"enabled":true,"visible":true,"checked":false,"selected":false,"editable":false,"clickable":false,"long_clickable":false,"scrollable_horizontal":false,"scrollable_vertical":false,"checkable":false,"text":null,"text_hint":null,"bounds":[214,300,1080,458],"rel_bounds":[214,300,1080,458],"children":[{"activity_name":"com.sec.android.app.sbrowser/.sites.SitesActivity","resource_id":null,"class_":"android.widget.LinearLayout","pointer":null,"content_desc":null,"enabled":true,"visible":true,"checked":false,"selected":false,"editable":false,"clickable":false,"long_clickable":false,"scrollable_horizontal":false,"scrollable_vertical":false,"checkable":false,"text":null,"text_hint":null,"bounds":[214,300,1012,458],"rel_bounds":[214,300,1012,458],"children":[{"activity_name":"com.sec.android.app.sbrowser/.sites.SitesActivity","resource_id":"com.sec.android.app.sbrowser:id/bookmark_title_parent","class_":"android.widget.FrameLayout","pointer":null,"content_desc":null,"enabled":true,"visible":true,"checked":false,"selected":false,"editable":false,"clickable":false,"long_clickable":false,"scrollable_horizontal":false,"scrollable_vertical":false,"checkable":false,"text":null,"text_hint":null,"bounds":[214,300,1012,458],"rel_bounds":[214,300,1012,458],"children":[{"activity_name":"com.sec.android.app.sbrowser/.sites.SitesActivity","resource_id":"com.sec.android.app.sbrowser:id/bookmark_folder_title","class_":"android.widget.TextView","pointer":null,"content_desc":null,"enabled":true,"visible":true,"checked":false,"selected":false,"editable":false,"clickable":false,"long_clickable":false,"scrollable_horizontal":false,"scrollable_vertical":false,"checkable":false,"text":"Google","text_hint":null,"bounds":[214,300,371,458],"rel_bounds":[214,300,371,458],"children":[],"ancestors":[],"semantic_classes":["next-like button","Button (including text and image)"],"uid":"70de10af763917824353b052f934c14e","is_password":false,"serialize_class":"AndroidViewTree","package_name":"com.sec.android.app.sbrowser","fingerprint":"","meta_info":null}],"ancestors":[],"semantic_classes":["Layout"],"uid":"8f989afa9aeb00e239f385b171049774","is_password":false,"serialize_class":"AndroidViewTree","package_name":"com.sec.android.app.sbrowser","fingerprint":"","meta_info":null}],"ancestors":[],"semantic_classes":["Layout"],"uid":"77952b19285e12736ff3dacbddcfbd1b","is_password":false,"serialize_class":"AndroidViewTree","package_name":"com.sec.android.app.sbrowser","fingerprint":"","meta_info":null},{"activity_name":"com.sec.android.app.sbrowser/.sites.SitesActivity","resource_id":"com.sec.android.app.sbrowser:id/bookmark_list_divider","class_":"android.view.View","pointer":null,"content_desc":null,"enabled":true,"visible":true,"checked":false,"selected":false,"editable":false,"clickable":false,"long_clickable":false,"scrollable_horizontal":false,"scrollable_vertical":false,"checkable":false,"text":null,"text_hint":null,"bounds":[214,456,1029,458],"rel_bounds":[214,456,1029,458],"children":[],"ancestors":[],"semantic_classes":["Base View Android API class (android.view.View)"],"uid":"989ddfd6915ec804ee93d05a102c8cdc","is_password":false,"serialize_class":"AndroidViewTree","package_name":"com.sec.android.app.sbrowser","fingerprint":"","meta_info":null}],"ancestors":[],"semantic_classes":["Layout"],"uid":"62184c954e9768982c801ec0aa048c0c","is_password":false,"serialize_class":"AndroidViewTree","package_name":"com.sec.android.app.sbrowser","fingerprint":"","meta_info":null}],"ancestors":[],"semantic_classes":["Layout"],"uid":"0aa427f806aa9a3ce480aca963e0d82d","is_password":false,"serialize_class":"AndroidViewTree","package_name":"com.sec.android.app.sbrowser","fingerprint":"","meta_info":null}],"ancestors":[],"semantic_classes":["Layout"],"uid":"ee9e0c8f6ff1a47dd86efe8b7c825fbd","is_password":false,"serialize_class":"AndroidViewTree","package_name":"com.sec.android.app.sbrowser","fingerprint":"","meta_info":null},"event_type":"touch","_proba":0.07961530422877305,"tag":"2024-03-29_152950053343"},"str":"TouchEvent(state=f2fe41805be61ec9984e6d9be4aa3e2c,view=ee9e0c8f6ff1a47dd86efe8b7c825fbd)","tag":"2024-03-29_152950053343","device_time":"2024-03-29 15:29:52.521","epoch":"1711693792521","to_tag":"2024-03-29_152953829224","index":71,"image":"screenshots\\screen_2024-03-29_152950053343.jpg","to_image":"screenshots\\screen_2024-03-29_152953829224.jpg","crash":{},"anr":{},"dqa":{},"from":"f2fe41805be61ec9984e6d9be4aa3e2c","to":"bd05696375f96d160c46000184ad936d","view_img":"views\\view_ee9e0c8f6ff1a47dd86efe8b7c825fbd_2024-03-29_152950053343.jpg"}