{"event":{"view":{"activity_name":"com.sec.android.app.sbrowser/.SBrowserMainActivity","resource_id":null,"class_":"android.widget.LinearLayout","pointer":null,"content_desc":null,"enabled":true,"visible":true,"checked":false,"selected":false,"editable":false,"clickable":true,"long_clickable":false,"scrollable_horizontal":false,"scrollable_vertical":false,"checkable":false,"text":null,"text_hint":null,"bounds":[478,854,1051,981],"rel_bounds":[478,854,1051,981],"children":[{"activity_name":"com.sec.android.app.sbrowser/.SBrowserMainActivity","resource_id":"com.sec.android.app.sbrowser:id/content","class_":"android.widget.LinearLayout","pointer":null,"content_desc":null,"enabled":true,"visible":true,"checked":false,"selected":false,"editable":false,"clickable":false,"long_clickable":false,"scrollable_horizontal":false,"scrollable_vertical":false,"checkable":false,"text":null,"text_hint":null,"bounds":[478,854,1051,981],"rel_bounds":[478,854,1051,981],"children":[{"activity_name":"com.sec.android.app.sbrowser/.SBrowserMainActivity","resource_id":null,"class_":"android.widget.RelativeLayout","pointer":null,"content_desc":null,"enabled":true,"visible":true,"checked":false,"selected":false,"editable":false,"clickable":false,"long_clickable":false,"scrollable_horizontal":false,"scrollable_vertical":false,"checkable":false,"text":null,"text_hint":null,"bounds":[546,886,983,949],"rel_bounds":[546,886,983,949],"children":[{"activity_name":"com.sec.android.app.sbrowser/.SBrowserMainActivity","resource_id":"com.sec.android.app.sbrowser:id/title_parent","class_":"android.widget.LinearLayout","pointer":null,"content_desc":null,"enabled":true,"visible":true,"checked":false,"selected":false,"editable":false,"clickable":false,"long_clickable":false,"scrollable_horizontal":false,"scrollable_vertical":false,"checkable":false,"text":null,"text_hint":null,"bounds":[546,886,799,949],"rel_bounds":[546,886,799,949],"children":[{"activity_name":"com.sec.android.app.sbrowser/.SBrowserMainActivity","resource_id":"com.sec.android.app.sbrowser:id/title","class_":"android.widget.TextView","pointer":null,"content_desc":null,"enabled":true,"visible":true,"checked":false,"selected":false,"editable":false,"clickable":false,"long_clickable":false,"scrollable_horizontal":false,"scrollable_vertical":false,"checkable":false,"text":"Synced tabs","text_hint":null,"bounds":[546,886,799,949],"rel_bounds":[546,886,799,949],"children":[],"ancestors":[],"semantic_classes":["Button (including text and image)"],"uid":"d30232bdaa65f0946b9975ed8e1922f1","is_password":false,"serialize_class":"AndroidViewTree","package_name":"com.sec.android.app.sbrowser","fingerprint":"","meta_info":null}],"ancestors":[],"semantic_classes":["Layout"],"uid":"89dff8d00a77c589c228bd54f8512979","is_password":false,"serialize_class":"AndroidViewTree","package_name":"com.sec.android.app.sbrowser","fingerprint":"","meta_info":null}],"ancestors":[],"semantic_classes":["Layout"],"uid":"f59986642cf9e0638de725b410428939","is_password":false,"serialize_class":"AndroidViewTree","package_name":"com.sec.android.app.sbrowser","fingerprint":"","meta_info":null}],"ancestors":[],"semantic_classes":["Layout"],"uid":"28c36fcce7d71bbf483b16ce0e2c58aa","is_password":false,"serialize_class":"AndroidViewTree","package_name":"com.sec.android.app.sbrowser","fingerprint":"","meta_info":null}],"ancestors":[],"semantic_classes":["Layout"],"uid":"525ee105739f6164c914b3e8e2c18d8a","is_password":false,"serialize_class":"AndroidViewTree","package_name":"com.sec.android.app.sbrowser","fingerprint":"","meta_info":null},"event_type":"touch","_proba":0.22210924490875772,"tag":"2024-03-29_153450466543"},"str":"TouchEvent(state=fd55833f0a85653efff1d6ebdfc6073a,view=525ee105739f6164c914b3e8e2c18d8a)","tag":"2024-03-29_153450466543","device_time":"2024-03-29 15:34:53.016","epoch":"1711694093016","to_tag":"2024-03-29_153454306045","index":129,"image":"screenshots\\screen_2024-03-29_153450466543.jpg","to_image":"screenshots\\screen_2024-03-29_153454306045.jpg","crash":{},"anr":{},"dqa":{},"from":"fd55833f0a85653efff1d6ebdfc6073a","to":"ad924b6e7a43fb600df2de25737deef1","view_img":"views\\view_525ee105739f6164c914b3e8e2c18d8a_2024-03-29_153450466543.jpg"}