{"event":{"view":{"activity_name":"com.sec.android.app.sbrowser/.SBrowserMainActivity","resource_id":null,"class_":"android.view.ViewGroup","pointer":null,"content_desc":null,"enabled":true,"visible":true,"checked":false,"selected":false,"editable":false,"clickable":true,"long_clickable":true,"scrollable_horizontal":false,"scrollable_vertical":false,"checkable":false,"text":null,"text_hint":null,"bounds":[28,1255,1052,1564],"rel_bounds":[28,1255,1052,1564],"children":[{"activity_name":"com.sec.android.app.sbrowser/.SBrowserMainActivity","resource_id":null,"class_":"android.view.ViewGroup","pointer":null,"content_desc":null,"enabled":true,"visible":true,"checked":false,"selected":false,"editable":false,"clickable":false,"long_clickable":false,"scrollable_horizontal":false,"scrollable_vertical":false,"checkable":false,"text":null,"text_hint":null,"bounds":[28,1283,1052,1536],"rel_bounds":[28,1283,1052,1536],"children":[{"activity_name":"com.sec.android.app.sbrowser/.SBrowserMainActivity","resource_id":"com.sec.android.app.sbrowser:id/tab_list_item_title_container","class_":"android.widget.FrameLayout","pointer":null,"content_desc":null,"enabled":true,"visible":true,"checked":false,"selected":false,"editable":false,"clickable":false,"long_clickable":false,"scrollable_horizontal":false,"scrollable_vertical":false,"checkable":false,"text":null,"text_hint":null,"bounds":[28,1283,698,1426],"rel_bounds":[28,1283,698,1426],"children":[{"activity_name":"com.sec.android.app.sbrowser/.SBrowserMainActivity","resource_id":"com.sec.android.app.sbrowser:id/tab_list_item_title","class_":"android.widget.TextView","pointer":null,"content_desc":null,"enabled":true,"visible":true,"checked":false,"selected":false,"editable":false,"clickable":false,"long_clickable":false,"scrollable_horizontal":false,"scrollable_vertical":false,"checkable":false,"text":"Google","text_hint":null,"bounds":[84,1311,222,1426],"rel_bounds":[84,1311,222,1426],"children":[],"ancestors":[],"semantic_classes":["next-like button","Button (including text and image)"],"uid":"a051bdc9571fef52e712b65d0a72154f","is_password":false,"serialize_class":"AndroidViewTree","package_name":"com.sec.android.app.sbrowser","fingerprint":"","meta_info":null},{"activity_name":"com.sec.android.app.sbrowser/.SBrowserMainActivity","resource_id":"com.sec.android.app.sbrowser:id/tab_list_item_title_spacer","class_":"android.widget.TextView","pointer":null,"content_desc":null,"enabled":true,"visible":true,"checked":false,"selected":false,"editable":false,"clickable":false,"long_clickable":false,"scrollable_horizontal":false,"scrollable_vertical":false,"checkable":false,"text":" ","text_hint":null,"bounds":[84,1311,95,1426],"rel_bounds":[84,1311,95,1426],"children":[],"ancestors":[],"semantic_classes":["Button (including text and image)"],"uid":"2546c410e690c51e61f5e148ec419241","is_password":false,"serialize_class":"AndroidViewTree","package_name":"com.sec.android.app.sbrowser","fingerprint":"","meta_info":null}],"ancestors":[],"semantic_classes":["Layout"],"uid":"588df595fccc9be249b779a11968a737","is_password":false,"serialize_class":"AndroidViewTree","package_name":"com.sec.android.app.sbrowser","fingerprint":"","meta_info":null},{"activity_name":"com.sec.android.app.sbrowser/.SBrowserMainActivity","resource_id":"com.sec.android.app.sbrowser:id/tab_list_group_info","class_":"android.widget.LinearLayout","pointer":null,"content_desc":null,"enabled":true,"visible":true,"checked":false,"selected":false,"editable":false,"clickable":false,"long_clickable":false,"scrollable_horizontal":false,"scrollable_vertical":false,"checkable":false,"text":null,"text_hint":null,"bounds":[28,1376,1052,1444],"rel_bounds":[28,1376,1052,1444],"children":[],"ancestors":[],"semantic_classes":["Layout"],"uid":"938b48cc7736cd7e4abf43566b06cdd4","is_password":false,"serialize_class":"AndroidViewTree","package_name":"com.sec.android.app.sbrowser","fingerprint":"","meta_info":null},{"activity_name":"com.sec.android.app.sbrowser/.SBrowserMainActivity","resource_id":"com.sec.android.app.sbrowser:id/tab_list_item_url","class_":"android.widget.TextView","pointer":null,"content_desc":"https://www.google.com/","enabled":true,"visible":true,"checked":false,"selected":false,"editable":false,"clickable":false,"long_clickable":false,"scrollable_horizontal":false,"scrollable_vertical":false,"checkable":false,"text":"https://www.google.com/","text_hint":null,"bounds":[84,1454,653,1497],"rel_bounds":[84,1454,653,1497],"children":[],"ancestors":[],"semantic_classes":["external link (email or website)","Button (including text and image)"],"uid":"885b3ec7cf8735eeadc3331137ab4b22","is_password":false,"serialize_class":"AndroidViewTree","package_name":"com.sec.android.app.sbrowser","fingerprint":"","meta_info":null},{"activity_name":"com.sec.android.app.sbrowser/.SBrowserMainActivity","resource_id":"com.sec.android.app.sbrowser:id/tab_list_item_thumbnail_bg","class_":"android.widget.FrameLayout","pointer":null,"content_desc":null,"enabled":true,"visible":true,"checked":false,"selected":false,"editable":false,"clickable":false,"long_clickable":false,"scrollable_horizontal":false,"scrollable_vertical":false,"checkable":false,"text":null,"text_hint":null,"bounds":[698,1285,1050,1534],"rel_bounds":[698,1285,1050,1534],"children":[{"activity_name":"com.sec.android.app.sbrowser/.SBrowserMainActivity","resource_id":"com.sec.android.app.sbrowser:id/tab_list_item_thumbnail_image","class_":"android.widget.ImageView","pointer":null,"content_desc":null,"enabled":true,"visible":true,"checked":false,"selected":false,"editable":false,"clickable":false,"long_clickable":false,"scrollable_horizontal":false,"scrollable_vertical":false,"checkable":false,"text":null,"text_hint":null,"bounds":[701,1285,1050,1534],"rel_bounds":[701,1285,1050,1534],"children":[],"ancestors":[],"semantic_classes":["Image"],"uid":"c0cf08f9613487580c629573b3010f5e","is_password":false,"serialize_class":"AndroidViewTree","package_name":"com.sec.android.app.sbrowser","fingerprint":"","meta_info":null}],"ancestors":[],"semantic_classes":["Layout"],"uid":"e23dd20d523d90b0a0e371da725d0654","is_password":false,"serialize_class":"AndroidViewTree","package_name":"com.sec.android.app.sbrowser","fingerprint":"","meta_info":null},{"activity_name":"com.sec.android.app.sbrowser/.SBrowserMainActivity","resource_id":"com.sec.android.app.sbrowser:id/tab_list_item_close_btn","class_":"android.widget.ImageView","pointer":null,"content_desc":"Close Google tab","enabled":true,"visible":true,"checked":false,"selected":false,"editable":false,"clickable":true,"long_clickable":false,"scrollable_horizontal":false,"scrollable_vertical":false,"checkable":false,"text":null,"text_hint":null,"bounds":[928,1283,1052,1407],"rel_bounds":[928,1283,1052,1407],"children":[],"ancestors":[],"semantic_classes":["Image"],"uid":"24d11e2bdbabecd1a9884083e2ee9b29","is_password":false,"serialize_class":"AndroidViewTree","package_name":"com.sec.android.app.sbrowser","fingerprint":"","meta_info":null}],"ancestors":[],"semantic_classes":[],"uid":"6659d4c867a7181aea2a7e0d3e6f399f","is_password":false,"serialize_class":"AndroidViewTree","package_name":"com.sec.android.app.sbrowser","fingerprint":"","meta_info":null}],"ancestors":[],"semantic_classes":[],"uid":"62c93a8abc2e952f17b4001c59a9d8ce","is_password":false,"serialize_class":"AndroidViewTree","package_name":"com.sec.android.app.sbrowser","fingerprint":"","meta_info":null},"event_type":"touch","_proba":0.022021777849728023,"tag":"2024-03-29_153431004867"},"str":"TouchEvent(state=620368a3151c00b7f9bdaf826d360d8f,view=62c93a8abc2e952f17b4001c59a9d8ce)","tag":"2024-03-29_153431004867","device_time":"2024-03-29 15:34:33.522","epoch":"1711694073522","to_tag":"2024-03-29_153434829361","index":124,"image":"screenshots\\screen_2024-03-29_153431004867.jpg","to_image":"screenshots\\screen_2024-03-29_153434829361.jpg","crash":{},"anr":{},"dqa":{},"from":"620368a3151c00b7f9bdaf826d360d8f","to":"9c9f67805a85e4b7ff10d7aae5533d3e","view_img":"views\\view_62c93a8abc2e952f17b4001c59a9d8ce_2024-03-29_153431004867.jpg"}