{"event":{"view":{"activity_name":"com.sec.android.app.sbrowser/.SBrowserMainActivity","resource_id":"com.sec.android.app.sbrowser:id/copy_button","class_":"android.widget.ImageButton","pointer":null,"content_desc":"Copy web address","enabled":true,"visible":true,"checked":false,"selected":false,"editable":false,"clickable":true,"long_clickable":false,"scrollable_horizontal":false,"scrollable_vertical":false,"checkable":false,"text":null,"text_hint":null,"bounds":[837,89,905,196],"rel_bounds":[837,89,905,196],"children":[],"ancestors":[],"semantic_classes":["Button (including text and image)"],"uid":"799e23dbcb657966214c32a2f822d4d7","is_password":false,"serialize_class":"AndroidViewTree","package_name":"com.sec.android.app.sbrowser","fingerprint":"","meta_info":null},"event_type":"touch","_proba":0.182115826912827,"tag":"2024-03-29_155928528648"},"str":"TouchEvent(state=589751827c124fac0d25900b113a9f77,view=799e23dbcb657966214c32a2f822d4d7)","tag":"2024-03-29_155928528648","device_time":"2024-03-29 15:59:36.053","epoch":"1711695576053","to_tag":"2024-03-29_155937378138","index":459,"image":null,"to_image":null,"crash":{},"anr":{},"dqa":{},"from":"589751827c124fac0d25900b113a9f77","to":"589751827c124fac0d25900b113a9f77","view_img":"views\\view_799e23dbcb657966214c32a2f822d4d7_2024-03-29_155928528648.jpg"}