{"event":{"view":{"activity_name":"com.sec.android.app.sbrowser/.SBrowserMainActivity","resource_id":"com.sec.android.app.sbrowser:id/tab_manager_back_button","class_":"android.widget.ImageButton","pointer":null,"content_desc":"Navigate up","enabled":true,"visible":true,"checked":false,"selected":false,"editable":false,"clickable":true,"long_clickable":false,"scrollable_horizontal":false,"scrollable_vertical":false,"checkable":false,"text":null,"text_hint":null,"bounds":[23,142,158,277],"rel_bounds":[23,142,158,277],"children":[],"ancestors":[],"semantic_classes":["Button (including text and image)"],"uid":"c15ec146ab01801ab4383e1b3a1922f5","is_password":false,"serialize_class":"AndroidViewTree","package_name":"com.sec.android.app.sbrowser","fingerprint":"","meta_info":null},"event_type":"touch","_proba":0.24863278392124719,"tag":"2024-03-29_160104762938"},"str":"TouchEvent(state=99d0502b01f60b4d76630bf7b38fc6e8,view=c15ec146ab01801ab4383e1b3a1922f5)","tag":"2024-03-29_160104762938","device_time":"2024-03-29 16:01:07.270","epoch":"1711695667270","to_tag":"2024-03-29_160108736641","index":471,"image":"screenshots\\screen_2024-03-29_160104762938.jpg","to_image":"screenshots\\screen_2024-03-29_160108736641.jpg","crash":{},"anr":{},"dqa":{},"from":"99d0502b01f60b4d76630bf7b38fc6e8","to":"647b46943a58e775d204af32a895a6ef","view_img":"views\\view_c15ec146ab01801ab4383e1b3a1922f5_2024-03-29_160104762938.jpg"}