{"event":{"view":{"activity_name":"com.sec.android.app.sbrowser/.SBrowserMainActivity","resource_id":"com.sec.android.app.sbrowser:id/action_tabs","class_":"android.widget.Button","pointer":null,"content_desc":"Tabs","enabled":true,"visible":true,"checked":false,"selected":false,"editable":false,"clickable":true,"long_clickable":true,"scrollable_horizontal":false,"scrollable_vertical":false,"checkable":false,"text":null,"text_hint":null,"bounds":[770,2046,925,2181],"rel_bounds":[770,2046,925,2181],"children":[{"activity_name":"com.sec.android.app.sbrowser/.SBrowserMainActivity","resource_id":"com.sec.android.app.sbrowser:id/tabs_icon","class_":"android.widget.TextView","pointer":null,"content_desc":null,"enabled":true,"visible":true,"checked":false,"selected":false,"editable":false,"clickable":false,"long_clickable":false,"scrollable_horizontal":false,"scrollable_vertical":false,"checkable":false,"text":"1","text_hint":null,"bounds":[813,2079,881,2147],"rel_bounds":[813,2079,881,2147],"children":[],"ancestors":[],"semantic_classes":["Button (including text and image)"],"uid":"0f285ff5979c44e14fbc16d58579eabe","is_password":false,"serialize_class":"AndroidViewTree","package_name":"com.sec.android.app.sbrowser","fingerprint":"","meta_info":null}],"ancestors":[],"semantic_classes":["Button (including text and image)"],"uid":"97d4d8a70bb5bb2d2866a717f44b4ec5","is_password":false,"serialize_class":"AndroidViewTree","package_name":"com.sec.android.app.sbrowser","fingerprint":"","meta_info":null},"event_type":"touch","_proba":0.20775993119874944,"tag":"2024-03-29_152637234728"},"str":"TouchEvent(state=bd05696375f96d160c46000184ad936d,view=97d4d8a70bb5bb2d2866a717f44b4ec5)","tag":"2024-03-29_152637234728","device_time":"2024-03-29 15:26:39.830","epoch":"1711693599830","to_tag":"2024-03-29_152641174627","index":23,"image":"screenshots\\screen_2024-03-29_152637234728.jpg","to_image":"screenshots\\screen_2024-03-29_152641174627.jpg","crash":{},"anr":{},"dqa":{},"from":"bd05696375f96d160c46000184ad936d","to":"f2247447b9c4fb137bc9a08fb2813e34","view_img":"views\\view_97d4d8a70bb5bb2d2866a717f44b4ec5_2024-03-29_152637234728.jpg"}