{"event":{"view":{"activity_name":"com.sec.android.app.sbrowser/.sites.SitesActivity","resource_id":"com.sec.android.app.sbrowser:id/edit_text","class_":"android.widget.EditText","pointer":null,"content_desc":null,"enabled":true,"visible":true,"checked":false,"selected":false,"editable":true,"clickable":true,"long_clickable":true,"scrollable_horizontal":false,"scrollable_vertical":false,"checkable":false,"text":"Hello STEM","text_hint":null,"bounds":[96,1781,984,1911],"rel_bounds":[96,1781,984,1911],"children":[],"ancestors":[],"semantic_classes":["Input"],"uid":"3df15fd62b555b67cf89a32f50802f63","is_password":false,"serialize_class":"AndroidViewTree","package_name":"com.sec.android.app.sbrowser","fingerprint":"","meta_info":null},"event_type":"touch","_proba":0.1379171362388829,"tag":"2024-03-29_155601794776"},"str":"TouchEvent(state=5ebc976ffa6ee7ebece7812c185a2f4f,view=3df15fd62b555b67cf89a32f50802f63)","tag":"2024-03-29_155601794776","device_time":"2024-03-29 15:56:04.221","epoch":"1711695364221","to_tag":"2024-03-29_155605541878","index":418,"image":"screenshots\\screen_2024-03-29_155601794776.jpg","to_image":"screenshots\\screen_2024-03-29_155605541878.jpg","crash":{},"anr":{},"dqa":{},"from":"5ebc976ffa6ee7ebece7812c185a2f4f","to":"5ebc976ffa6ee7ebece7812c185a2f4f","view_img":"views\\view_3df15fd62b555b67cf89a32f50802f63_2024-03-29_155601794776.jpg"}