{"event":{"view":{"activity_name":"com.sec.android.app.sbrowser/.SBrowserMainActivity","resource_id":"com.sec.android.app.sbrowser:id/action_tabs","class_":"android.widget.Button","pointer":null,"content_desc":"Tabs","enabled":true,"visible":true,"checked":false,"selected":false,"editable":false,"clickable":true,"long_clickable":true,"scrollable_horizontal":false,"scrollable_vertical":false,"checkable":false,"text":null,"text_hint":null,"bounds":[770,2046,925,2181],"rel_bounds":[770,2046,925,2181],"children":[{"activity_name":"com.sec.android.app.sbrowser/.SBrowserMainActivity","resource_id":"com.sec.android.app.sbrowser:id/tabs_icon","class_":"android.widget.TextView","pointer":null,"content_desc":null,"enabled":true,"visible":true,"checked":false,"selected":false,"editable":false,"clickable":false,"long_clickable":false,"scrollable_horizontal":false,"scrollable_vertical":false,"checkable":false,"text":"5","text_hint":null,"bounds":[813,2079,881,2147],"rel_bounds":[813,2079,881,2147],"children":[],"ancestors":[],"semantic_classes":["Button (including text and image)"],"uid":"83f69cd9834506ea44dcc55df5a9539a","is_password":false,"serialize_class":"AndroidViewTree","package_name":"com.sec.android.app.sbrowser","fingerprint":"","meta_info":null}],"ancestors":[],"semantic_classes":["Button (including text and image)"],"uid":"cbd1c80ee22bdfea4c4bd0fd2d4fdd3f","is_password":false,"serialize_class":"AndroidViewTree","package_name":"com.sec.android.app.sbrowser","fingerprint":"","meta_info":null},"event_type":"touch","_proba":0.11883306868516441,"tag":"2024-03-29_153113837713"},"str":"TouchEvent(state=9c9f67805a85e4b7ff10d7aae5533d3e,view=cbd1c80ee22bdfea4c4bd0fd2d4fdd3f)","tag":"2024-03-29_153113837713","device_time":"2024-03-29 15:31:16.379","epoch":"1711693876379","to_tag":"2024-03-29_153117678819","index":91,"image":"screenshots\\screen_2024-03-29_153113837713.jpg","to_image":"screenshots\\screen_2024-03-29_153117678819.jpg","crash":{},"anr":{},"dqa":{},"from":"9c9f67805a85e4b7ff10d7aae5533d3e","to":"d218e4d2754adc1385d5e54046734527","view_img":"views\\view_cbd1c80ee22bdfea4c4bd0fd2d4fdd3f_2024-03-29_153113837713.jpg"}