{"event":{"view":{"activity_name":"com.sec.android.app.sbrowser/.SBrowserMainActivity","resource_id":"com.sec.android.app.sbrowser:id/tab_manager_back_button","class_":"android.widget.ImageButton","pointer":null,"content_desc":"Navigate up","enabled":true,"visible":true,"checked":false,"selected":false,"editable":false,"clickable":true,"long_clickable":false,"scrollable_horizontal":false,"scrollable_vertical":false,"checkable":false,"text":null,"text_hint":null,"bounds":[23,142,158,277],"rel_bounds":[23,142,158,277],"children":[],"ancestors":[],"semantic_classes":["Button (including text and image)"],"uid":"c15ec146ab01801ab4383e1b3a1922f5","is_password":false,"serialize_class":"AndroidViewTree","package_name":"com.sec.android.app.sbrowser","fingerprint":"","meta_info":null},"event_type":"touch","_proba":0.49030503862678265,"tag":"2024-03-29_153929709017"},"str":"TouchEvent(state=6946f2d23139f05764e4bcd640106f0d,view=c15ec146ab01801ab4383e1b3a1922f5)","tag":"2024-03-29_153929709017","device_time":"2024-03-29 15:39:32.181","epoch":"1711694372181","to_tag":"2024-03-29_153933477792","index":202,"image":"screenshots\\screen_2024-03-29_153929709017.jpg","to_image":"screenshots\\screen_2024-03-29_153933477792.jpg","crash":{},"anr":{},"dqa":{},"from":"6946f2d23139f05764e4bcd640106f0d","to":"a6fbb6ababe19f89fb90cd8e0ded653f","view_img":"views\\view_c15ec146ab01801ab4383e1b3a1922f5_2024-03-29_153929709017.jpg"}