{"event":{"view":{"activity_name":"com.sec.android.app.sbrowser/.SBrowserMainActivity","resource_id":"com.sec.android.app.sbrowser:id/bookmark_star_icon","class_":"android.widget.ImageButton","pointer":null,"content_desc":"Remove from Bookmarks","enabled":true,"visible":true,"checked":false,"selected":false,"editable":false,"clickable":true,"long_clickable":false,"scrollable_horizontal":false,"scrollable_vertical":false,"checkable":false,"text":null,"text_hint":null,"bounds":[57,89,125,196],"rel_bounds":[57,89,125,196],"children":[],"ancestors":[],"semantic_classes":["Button (including text and image)"],"uid":"55e82f269731601b75f8abb885973260","is_password":false,"serialize_class":"AndroidViewTree","package_name":"com.sec.android.app.sbrowser","fingerprint":"","meta_info":null},"event_type":"touch","_proba":0.22903379781512284,"tag":"2024-03-29_152535478743"},"str":"TouchEvent(state=51451e1d53fa5d1f090129b5ba6b6ebc,view=55e82f269731601b75f8abb885973260)","tag":"2024-03-29_152535478743","device_time":"2024-03-29 15:25:37.933","epoch":"1711693537933","to_tag":"2024-03-29_152539252880","index":7,"image":"screenshots\\screen_2024-03-29_152535478743.jpg","to_image":"screenshots\\screen_2024-03-29_152539252880.jpg","crash":{},"anr":{},"dqa":{},"from":"51451e1d53fa5d1f090129b5ba6b6ebc","to":"9c9f67805a85e4b7ff10d7aae5533d3e","view_img":"views\\view_55e82f269731601b75f8abb885973260_2024-03-29_152535478743.jpg"}