{"event":{"view":{"activity_name":"com.sec.android.app.sbrowser/.sites.SitesActivity","resource_id":"android:id/button1","class_":"android.widget.Button","pointer":null,"content_desc":null,"enabled":true,"visible":true,"checked":false,"selected":false,"editable":false,"clickable":true,"long_clickable":false,"scrollable_horizontal":false,"scrollable_vertical":false,"checkable":false,"text":"Delete","text_hint":null,"bounds":[541,1979,984,2080],"rel_bounds":[541,1979,984,2080],"children":[],"ancestors":[],"semantic_classes":["collection manipulation (add, delete, etc.)","Button (including text and image)"],"uid":"7ef9877a9642ae4a4c15d0473441bb91","is_password":false,"serialize_class":"AndroidViewTree","package_name":"com.sec.android.app.sbrowser","fingerprint":"","meta_info":null},"event_type":"touch","_proba":0.591210088489714,"tag":"2024-03-29_155703095828"},"str":"TouchEvent(state=c0f5829bb36dceccafa30f07506b21a2,view=7ef9877a9642ae4a4c15d0473441bb91)","tag":"2024-03-29_155703095828","device_time":"2024-03-29 15:57:05.537","epoch":"1711695425537","to_tag":"2024-03-29_155706836522","index":434,"image":"screenshots\\screen_2024-03-29_155703095828.jpg","to_image":"screenshots\\screen_2024-03-29_155706836522.jpg","crash":{},"anr":{},"dqa":{},"from":"c0f5829bb36dceccafa30f07506b21a2","to":"fca496a0dfef517690c64a53b7336995","view_img":"views\\view_7ef9877a9642ae4a4c15d0473441bb91_2024-03-29_155703095828.jpg"}