{"event":{"view":{"activity_name":"com.sec.android.app.sbrowser/.SBrowserMainActivity","resource_id":"com.sec.android.app.sbrowser:id/action_home","class_":"android.widget.ImageButton","pointer":null,"content_desc":"Home","enabled":true,"visible":true,"checked":false,"selected":false,"editable":false,"clickable":true,"long_clickable":true,"scrollable_horizontal":false,"scrollable_vertical":false,"checkable":false,"text":null,"text_hint":null,"bounds":[308,2046,462,2181],"rel_bounds":[308,2046,462,2181],"children":[],"ancestors":[],"semantic_classes":["Button (including text and image)"],"uid":"d36c9556eb9aed949d153eb61a850776","is_password":false,"serialize_class":"AndroidViewTree","package_name":"com.sec.android.app.sbrowser","fingerprint":"","meta_info":null},"duration":2000,"event_type":"long_touch","_proba":0.00004300879175295215,"tag":"2024-03-29_153341454646"},"str":"LongTouchEvent(state=9c9f67805a85e4b7ff10d7aae5533d3e,view=d36c9556eb9aed949d153eb61a850776,duration=2000)","tag":"2024-03-29_153341454646","device_time":"2024-03-29 15:33:48.934","epoch":"1711694028934","to_tag":"2024-03-29_153350238626","index":115,"image":null,"to_image":null,"crash":{},"anr":{},"dqa":{},"from":"9c9f67805a85e4b7ff10d7aae5533d3e","to":"f8991381600b26fff63a4f87a54db814","view_img":"views\\view_d36c9556eb9aed949d153eb61a850776_2024-03-29_153341454646.jpg"}