{"event":{"view":{"activity_name":"com.sec.android.app.sbrowser/.SBrowserMainActivity","resource_id":"com.sec.android.app.sbrowser:id/action_tabs","class_":"android.widget.Button","pointer":null,"content_desc":"Tabs","enabled":true,"visible":true,"checked":false,"selected":false,"editable":false,"clickable":true,"long_clickable":true,"scrollable_horizontal":false,"scrollable_vertical":false,"checkable":false,"text":null,"text_hint":null,"bounds":[770,2046,925,2181],"rel_bounds":[770,2046,925,2181],"children":[{"activity_name":"com.sec.android.app.sbrowser/.SBrowserMainActivity","resource_id":"com.sec.android.app.sbrowser:id/tabs_icon","class_":"android.widget.TextView","pointer":null,"content_desc":null,"enabled":true,"visible":true,"checked":false,"selected":false,"editable":false,"clickable":false,"long_clickable":false,"scrollable_horizontal":false,"scrollable_vertical":false,"checkable":false,"text":"14","text_hint":null,"bounds":[813,2079,881,2147],"rel_bounds":[813,2079,881,2147],"children":[],"ancestors":[],"semantic_classes":["Button (including text and image)"],"uid":"bdb39d5f2f48548b0cc512c59bcb9596","is_password":false,"serialize_class":"AndroidViewTree","package_name":"com.sec.android.app.sbrowser","fingerprint":"","meta_info":null}],"ancestors":[],"semantic_classes":["Button (including text and image)"],"uid":"3b2c7431e53f72a1bca48bb47ac94e24","is_password":false,"serialize_class":"AndroidViewTree","package_name":"com.sec.android.app.sbrowser","fingerprint":"","meta_info":null},"event_type":"touch","_proba":0.08716310140609126,"tag":"2024-03-29_160218197993"},"str":"TouchEvent(state=bd05696375f96d160c46000184ad936d,view=3b2c7431e53f72a1bca48bb47ac94e24)","tag":"2024-03-29_160218197993","device_time":"2024-03-29 16:02:21.177","epoch":"1711695741177","to_tag":"2024-03-29_160222447151","index":490,"image":"screenshots\\screen_2024-03-29_160218197993.jpg","to_image":"screenshots\\screen_2024-03-29_160222447151.jpg","crash":{},"anr":{},"dqa":{},"from":"bd05696375f96d160c46000184ad936d","to":"dbac2d44c12cf154174a1a36e5daf87d","view_img":"views\\view_3b2c7431e53f72a1bca48bb47ac94e24_2024-03-29_160218197993.jpg"}