{"event":{"view":{"activity_name":"com.sec.android.app.sbrowser/.sites.SitesActivity","resource_id":null,"class_":"android.widget.ImageButton","pointer":null,"content_desc":"Navigate up","enabled":true,"visible":true,"checked":false,"selected":false,"editable":false,"clickable":true,"long_clickable":false,"scrollable_horizontal":false,"scrollable_vertical":false,"checkable":false,"text":null,"text_hint":null,"bounds":[0,120,158,300],"rel_bounds":[0,120,158,300],"children":[],"ancestors":[],"semantic_classes":["Button (including text and image)"],"uid":"8b35fd606d1bf0e37203d5d3e83c8191","is_password":false,"serialize_class":"AndroidViewTree","package_name":"com.sec.android.app.sbrowser","fingerprint":"","meta_info":null},"event_type":"touch","_proba":0.2317002595582752,"tag":"2024-03-29_154544858263"},"str":"TouchEvent(state=225f5dab4598360a7192d87e8508c213,view=8b35fd606d1bf0e37203d5d3e83c8191)","tag":"2024-03-29_154544858263","device_time":"2024-03-29 15:45:47.158","epoch":"1711694747158","to_tag":"2024-03-29_154548488752","index":276,"image":"screenshots\\screen_2024-03-29_154544858263.jpg","to_image":null,"crash":{},"anr":{},"dqa":{},"from":"225f5dab4598360a7192d87e8508c213","to":"9c9f67805a85e4b7ff10d7aae5533d3e","view_img":"views\\view_8b35fd606d1bf0e37203d5d3e83c8191_2024-03-29_154544858263.jpg"}