{"event":{"view":{"activity_name":"com.sec.android.app.sbrowser/.SBrowserMainActivity","resource_id":"com.sec.android.app.sbrowser:id/action_bookmarks","class_":"android.widget.ImageButton","pointer":null,"content_desc":"Bookmarks","enabled":true,"visible":true,"checked":false,"selected":false,"editable":false,"clickable":true,"long_clickable":true,"scrollable_horizontal":false,"scrollable_vertical":false,"checkable":false,"text":null,"text_hint":null,"bounds":[616,2046,770,2181],"rel_bounds":[616,2046,770,2181],"children":[],"ancestors":[],"semantic_classes":["Button (including text and image)"],"uid":"619cf02349624a12144566da6e306dbd","is_password":false,"serialize_class":"AndroidViewTree","package_name":"com.sec.android.app.sbrowser","fingerprint":"","meta_info":null},"event_type":"touch","_proba":0.24865353348425126,"tag":"2024-03-29_152911650905"},"str":"TouchEvent(state=126706dc2dd41821e4aa31f9bbe6bcdd,view=619cf02349624a12144566da6e306dbd)","tag":"2024-03-29_152911650905","device_time":"2024-03-29 15:29:14.101","epoch":"1711693754101","to_tag":"2024-03-29_152915441750","index":61,"image":"screenshots\\screen_2024-03-29_152911650905.jpg","to_image":"screenshots\\screen_2024-03-29_152915441750.jpg","crash":{},"anr":{},"dqa":{},"from":"126706dc2dd41821e4aa31f9bbe6bcdd","to":"e13bffa1c147d47958ef45e8b85e3a53","view_img":"views\\view_619cf02349624a12144566da6e306dbd_2024-03-29_152911650905.jpg"}