{"event":{"view":{"activity_name":"com.sec.android.app.sbrowser/.SBrowserMainActivity","resource_id":"com.sec.android.app.sbrowser:id/tab_manager_select_all_checkbox","class_":"android.widget.CheckBox","pointer":null,"content_desc":null,"enabled":true,"visible":true,"checked":false,"selected":false,"editable":false,"clickable":false,"long_clickable":false,"scrollable_horizontal":false,"scrollable_vertical":false,"checkable":true,"text":null,"text_hint":null,"bounds":[45,148,135,238],"rel_bounds":[45,148,135,238],"children":[],"ancestors":[],"semantic_classes":["Container (including radio buttons and checkboxes"],"uid":"6fa32beffc12f9839f10a8165aeffdd5","is_password":false,"serialize_class":"AndroidViewTree","package_name":"com.sec.android.app.sbrowser","fingerprint":"","meta_info":null},"event_type":"touch","_proba":0.4012284924455449,"tag":"2024-03-29_154634081605"},"str":"TouchEvent(state=2cb9b43bec9cc93f074bf1549255e2dc,view=6fa32beffc12f9839f10a8165aeffdd5)","tag":"2024-03-29_154634081605","device_time":"2024-03-29 15:46:36.612","epoch":"1711694796612","to_tag":"2024-03-29_154637981692","index":286,"image":"screenshots\\screen_2024-03-29_154634081605.jpg","to_image":"screenshots\\screen_2024-03-29_154637981692.jpg","crash":{},"anr":{},"dqa":{},"from":"2cb9b43bec9cc93f074bf1549255e2dc","to":"6b7ba9511824d20aa2e225742a35353e","view_img":"views\\view_6fa32beffc12f9839f10a8165aeffdd5_2024-03-29_154634081605.jpg"}