{"event":{"view":{"activity_name":"com.sec.android.app.sbrowser/.SBrowserMainActivity","resource_id":"com.sec.android.app.sbrowser:id/search_engine_row_layout","class_":"android.widget.LinearLayout","pointer":null,"content_desc":"Checked, Google, Dropdown list","enabled":true,"visible":true,"checked":false,"selected":false,"editable":false,"clickable":true,"long_clickable":false,"scrollable_horizontal":false,"scrollable_vertical":false,"checkable":false,"text":null,"text_hint":null,"bounds":[29,89,669,236],"rel_bounds":[29,89,669,236],"children":[{"activity_name":"com.sec.android.app.sbrowser/.SBrowserMainActivity","resource_id":"com.sec.android.app.sbrowser:id/search_engine_row_icon","class_":"android.widget.ImageView","pointer":null,"content_desc":null,"enabled":true,"visible":true,"checked":false,"selected":false,"editable":false,"clickable":false,"long_clickable":false,"scrollable_horizontal":false,"scrollable_vertical":false,"checkable":false,"text":null,"text_hint":null,"bounds":[97,128,165,196],"rel_bounds":[97,128,165,196],"children":[],"ancestors":[],"semantic_classes":["Image"],"uid":"f58a57e049805682fd1034b22269e3c6","is_password":false,"serialize_class":"AndroidViewTree","package_name":"com.sec.android.app.sbrowser","fingerprint":"","meta_info":null},{"activity_name":"com.sec.android.app.sbrowser/.SBrowserMainActivity","resource_id":null,"class_":"android.widget.RelativeLayout","pointer":null,"content_desc":null,"enabled":true,"visible":true,"checked":false,"selected":false,"editable":false,"clickable":false,"long_clickable":false,"scrollable_horizontal":false,"scrollable_vertical":false,"checkable":false,"text":null,"text_hint":null,"bounds":[165,129,568,195],"rel_bounds":[165,129,568,195],"children":[{"activity_name":"com.sec.android.app.sbrowser/.SBrowserMainActivity","resource_id":"com.sec.android.app.sbrowser:id/search_engine_row_title","class_":"android.widget.TextView","pointer":null,"content_desc":null,"enabled":true,"visible":true,"checked":false,"selected":false,"editable":false,"clickable":false,"long_clickable":false,"scrollable_horizontal":false,"scrollable_vertical":false,"checkable":false,"text":"Google (default)","text_hint":null,"bounds":[193,129,500,195],"rel_bounds":[193,129,500,195],"children":[],"ancestors":[],"semantic_classes":["Button (including text and image)"],"uid":"9752ea1669e064dd0267b29c324d355c","is_password":false,"serialize_class":"AndroidViewTree","package_name":"com.sec.android.app.sbrowser","fingerprint":"","meta_info":null}],"ancestors":[],"semantic_classes":["Layout"],"uid":"ec7353ac671901c7526389815560a922","is_password":false,"serialize_class":"AndroidViewTree","package_name":"com.sec.android.app.sbrowser","fingerprint":"","meta_info":null},{"activity_name":"com.sec.android.app.sbrowser/.SBrowserMainActivity","resource_id":"com.sec.android.app.sbrowser:id/dropdown_check","class_":"android.widget.ImageView","pointer":null,"content_desc":null,"enabled":true,"visible":true,"checked":false,"selected":false,"editable":false,"clickable":false,"long_clickable":false,"scrollable_horizontal":false,"scrollable_vertical":false,"checkable":false,"text":null,"text_hint":null,"bounds":[545,134,601,190],"rel_bounds":[545,134,601,190],"children":[],"ancestors":[],"semantic_classes":["Image"],"uid":"feca314364b29169da9d633d75771bee","is_password":false,"serialize_class":"AndroidViewTree","package_name":"com.sec.android.app.sbrowser","fingerprint":"","meta_info":null}],"ancestors":[],"semantic_classes":["Layout"],"uid":"33b06c0be8aa23577b6b24ae11e4eb79","is_password":false,"serialize_class":"AndroidViewTree","package_name":"com.sec.android.app.sbrowser","fingerprint":"","meta_info":null},"event_type":"touch","_proba":0.12450143477726608,"tag":"2024-03-29_153214266893"},"str":"TouchEvent(state=6747831df6ac966f68bcd5017c9f92bc,view=33b06c0be8aa23577b6b24ae11e4eb79)","tag":"2024-03-29_153214266893","device_time":"2024-03-29 15:32:21.824","epoch":"1711693941824","to_tag":"2024-03-29_153223112698","index":104,"image":null,"to_image":null,"crash":{},"anr":{},"dqa":{},"from":"6747831df6ac966f68bcd5017c9f92bc","to":"f8991381600b26fff63a4f87a54db814","view_img":"views\\view_33b06c0be8aa23577b6b24ae11e4eb79_2024-03-29_153214266893.jpg"}