{"event":{"view":{"activity_name":"com.sec.android.app.sbrowser/.SBrowserMainActivity","resource_id":"com.sec.android.app.sbrowser:id/search_engine_row_layout","class_":"android.widget.LinearLayout","pointer":null,"content_desc":"Not checked, YouTube, Dropdown list","enabled":true,"visible":true,"checked":false,"selected":false,"editable":false,"clickable":true,"long_clickable":false,"scrollable_horizontal":false,"scrollable_vertical":false,"checkable":false,"text":null,"text_hint":null,"bounds":[29,677,669,824],"rel_bounds":[29,677,669,824],"children":[{"activity_name":"com.sec.android.app.sbrowser/.SBrowserMainActivity","resource_id":"com.sec.android.app.sbrowser:id/search_engine_row_icon","class_":"android.widget.ImageView","pointer":null,"content_desc":null,"enabled":true,"visible":true,"checked":false,"selected":false,"editable":false,"clickable":false,"long_clickable":false,"scrollable_horizontal":false,"scrollable_vertical":false,"checkable":false,"text":null,"text_hint":null,"bounds":[97,716,165,784],"rel_bounds":[97,716,165,784],"children":[],"ancestors":[],"semantic_classes":["Image"],"uid":"f58a57e049805682fd1034b22269e3c6","is_password":false,"serialize_class":"AndroidViewTree","package_name":"com.sec.android.app.sbrowser","fingerprint":"","meta_info":null},{"activity_name":"com.sec.android.app.sbrowser/.SBrowserMainActivity","resource_id":null,"class_":"android.widget.RelativeLayout","pointer":null,"content_desc":null,"enabled":true,"visible":true,"checked":false,"selected":false,"editable":false,"clickable":false,"long_clickable":false,"scrollable_horizontal":false,"scrollable_vertical":false,"checkable":false,"text":null,"text_hint":null,"bounds":[165,717,669,783],"rel_bounds":[165,717,669,783],"children":[{"activity_name":"com.sec.android.app.sbrowser/.SBrowserMainActivity","resource_id":"com.sec.android.app.sbrowser:id/search_engine_row_title","class_":"android.widget.TextView","pointer":null,"content_desc":null,"enabled":true,"visible":true,"checked":false,"selected":false,"editable":false,"clickable":false,"long_clickable":false,"scrollable_horizontal":false,"scrollable_vertical":false,"checkable":false,"text":"YouTube","text_hint":null,"bounds":[193,717,387,783],"rel_bounds":[193,717,387,783],"children":[],"ancestors":[],"semantic_classes":["Button (including text and image)"],"uid":"63f3efd1704cc72dc6000b765f2c99d6","is_password":false,"serialize_class":"AndroidViewTree","package_name":"com.sec.android.app.sbrowser","fingerprint":"","meta_info":null}],"ancestors":[],"semantic_classes":["Layout"],"uid":"c4e9eab4b3acc59281a7b1e64b980f4a","is_password":false,"serialize_class":"AndroidViewTree","package_name":"com.sec.android.app.sbrowser","fingerprint":"","meta_info":null}],"ancestors":[],"semantic_classes":["Layout"],"uid":"c4d2f116ff0238d9bc149e83e37f316a","is_password":false,"serialize_class":"AndroidViewTree","package_name":"com.sec.android.app.sbrowser","fingerprint":"","meta_info":null},"event_type":"touch","_proba":0.35426011331955065,"tag":"2024-03-29_160013235861"},"str":"TouchEvent(state=6747831df6ac966f68bcd5017c9f92bc,view=c4d2f116ff0238d9bc149e83e37f316a)","tag":"2024-03-29_160013235861","device_time":"2024-03-29 16:00:20.671","epoch":"1711695620671","to_tag":"2024-03-29_160021971885","index":464,"image":null,"to_image":null,"crash":{},"anr":{},"dqa":{},"from":"6747831df6ac966f68bcd5017c9f92bc","to":"5dd9ad979ab567156b26a12cc167c60c","view_img":"views\\view_c4d2f116ff0238d9bc149e83e37f316a_2024-03-29_160013235861.jpg"}