{"event":{"view":{"activity_name":"com.sec.android.app.sbrowser/.SBrowserMainActivity","resource_id":"com.sec.android.app.sbrowser:id/tab_manager_back_button","class_":"android.widget.ImageButton","pointer":null,"content_desc":"Navigate up","enabled":true,"visible":true,"checked":false,"selected":false,"editable":false,"clickable":true,"long_clickable":false,"scrollable_horizontal":false,"scrollable_vertical":false,"checkable":false,"text":null,"text_hint":null,"bounds":[23,142,158,277],"rel_bounds":[23,142,158,277],"children":[],"ancestors":[],"semantic_classes":["Button (including text and image)"],"uid":"c15ec146ab01801ab4383e1b3a1922f5","is_password":false,"serialize_class":"AndroidViewTree","package_name":"com.sec.android.app.sbrowser","fingerprint":"","meta_info":null},"event_type":"touch","_proba":0.3710277576637502,"tag":"2024-03-29_155225790665"},"str":"TouchEvent(state=5a7aa555d5fbf87db3ef59d7833ee8ca,view=c15ec146ab01801ab4383e1b3a1922f5)","tag":"2024-03-29_155225790665","device_time":"2024-03-29 15:52:28.325","epoch":"1711695148325","to_tag":"2024-03-29_155229656971","index":372,"image":"screenshots\\screen_2024-03-29_155225790665.jpg","to_image":"screenshots\\screen_2024-03-29_155229656971.jpg","crash":{},"anr":{},"dqa":{},"from":"5a7aa555d5fbf87db3ef59d7833ee8ca","to":"010fc5847e452b204df60655b56433b9","view_img":"views\\view_c15ec146ab01801ab4383e1b3a1922f5_2024-03-29_155225790665.jpg"}