{"event":{"view":{"activity_name":"com.sec.android.app.sbrowser/.sites.SitesActivity","resource_id":"com.sec.android.app.sbrowser:id/edit_text","class_":"android.widget.EditText","pointer":null,"content_desc":null,"enabled":true,"visible":true,"checked":false,"selected":false,"editable":true,"clickable":true,"long_clickable":true,"scrollable_horizontal":false,"scrollable_vertical":false,"checkable":false,"text":"Folder 1","text_hint":null,"bounds":[96,1781,984,1911],"rel_bounds":[96,1781,984,1911],"children":[],"ancestors":[],"semantic_classes":["Input"],"uid":"e7ed050123dfd6af9372b7c86089c469","is_password":false,"serialize_class":"AndroidViewTree","package_name":"com.sec.android.app.sbrowser","fingerprint":"","meta_info":null},"text":"Hello STEM","event_type":"set_text","_proba":0.0008721130132796235,"tag":"2024-03-29_154402455070"},"str":"SetTextEvent(state=803d17927a00a8b8b9ae4aed79ccb4a8,view=e7ed050123dfd6af9372b7c86089c469)","tag":"2024-03-29_154402455070","device_time":"2024-03-29 15:44:06.056","epoch":"1711694646056","to_tag":"2024-03-29_154407369343","index":251,"image":"screenshots\\screen_2024-03-29_154402455070.jpg","to_image":"screenshots\\screen_2024-03-29_154407369343.jpg","crash":{},"anr":{},"dqa":{},"from":"803d17927a00a8b8b9ae4aed79ccb4a8","to":"5ebc976ffa6ee7ebece7812c185a2f4f","view_img":"views\\view_e7ed050123dfd6af9372b7c86089c469_2024-03-29_154402455070.jpg"}