{"event":{"view":{"activity_name":"com.sec.android.app.sbrowser/.SBrowserMainActivity","resource_id":"com.sec.android.app.sbrowser:id/action_bookmarks","class_":"android.widget.ImageButton","pointer":null,"content_desc":"Bookmarks","enabled":true,"visible":true,"checked":false,"selected":false,"editable":false,"clickable":true,"long_clickable":true,"scrollable_horizontal":false,"scrollable_vertical":false,"checkable":false,"text":null,"text_hint":null,"bounds":[616,2046,770,2181],"rel_bounds":[616,2046,770,2181],"children":[],"ancestors":[],"semantic_classes":["Button (including text and image)"],"uid":"619cf02349624a12144566da6e306dbd","is_password":false,"serialize_class":"AndroidViewTree","package_name":"com.sec.android.app.sbrowser","fingerprint":"","meta_info":null},"event_type":"touch","_proba":0.2812649053317468,"tag":"2024-03-29_154811410211"},"str":"TouchEvent(state=a44f4b60f990e88cfdcc084b4c9757aa,view=619cf02349624a12144566da6e306dbd)","tag":"2024-03-29_154811410211","device_time":"2024-03-29 15:48:14.455","epoch":"1711694894455","to_tag":"2024-03-29_154815807035","index":308,"image":"screenshots\\screen_2024-03-29_154811410211.jpg","to_image":"screenshots\\screen_2024-03-29_154815807035.jpg","crash":{},"anr":{},"dqa":{},"from":"a44f4b60f990e88cfdcc084b4c9757aa","to":"d5d7dd131d6a0e25e2e49ba0c9d76f39","view_img":"views\\view_619cf02349624a12144566da6e306dbd_2024-03-29_154811410211.jpg"}