{"event":{"view":{"activity_name":"com.sec.android.app.sbrowser/.sites.SitesActivity","resource_id":"com.sec.android.app.sbrowser:id/sites_search_back_button","class_":"android.widget.ImageButton","pointer":null,"content_desc":"Navigate up","enabled":true,"visible":true,"checked":false,"selected":false,"editable":false,"clickable":true,"long_clickable":false,"scrollable_horizontal":false,"scrollable_vertical":false,"checkable":false,"text":null,"text_hint":null,"bounds":[56,176,124,244],"rel_bounds":[56,176,124,244],"children":[],"ancestors":[],"semantic_classes":["Button (including text and image)"],"uid":"bc2ae519513e408edae0781750fdbdfb","is_password":false,"serialize_class":"AndroidViewTree","package_name":"com.sec.android.app.sbrowser","fingerprint":"","meta_info":null},"event_type":"touch","_proba":0.7276535237876323,"tag":"2024-03-29_155206211247"},"str":"TouchEvent(state=c16b42265babc2ac4a07fddfb3542eba,view=bc2ae519513e408edae0781750fdbdfb)","tag":"2024-03-29_155206211247","device_time":"2024-03-29 15:52:08.712","epoch":"1711695128712","to_tag":"2024-03-29_155210029606","index":367,"image":"screenshots\\screen_2024-03-29_155206211247.jpg","to_image":"screenshots\\screen_2024-03-29_155210029606.jpg","crash":{},"anr":{},"dqa":{},"from":"c16b42265babc2ac4a07fddfb3542eba","to":"397cfe2ad97982d7bd6effaa206fb49d","view_img":"views\\view_bc2ae519513e408edae0781750fdbdfb_2024-03-29_155206211247.jpg"}