{"event":{"view":{"activity_name":"com.sec.android.app.sbrowser/.sites.SitesActivity","resource_id":null,"class_":"android.widget.ImageButton","pointer":null,"content_desc":"Navigate up","enabled":true,"visible":true,"checked":false,"selected":false,"editable":false,"clickable":true,"long_clickable":false,"scrollable_horizontal":false,"scrollable_vertical":false,"checkable":false,"text":null,"text_hint":null,"bounds":[0,120,158,300],"rel_bounds":[0,120,158,300],"children":[],"ancestors":[],"semantic_classes":["Button (including text and image)"],"uid":"8b35fd606d1bf0e37203d5d3e83c8191","is_password":false,"serialize_class":"AndroidViewTree","package_name":"com.sec.android.app.sbrowser","fingerprint":"","meta_info":null},"event_type":"touch","_proba":0.16397946332642624,"tag":"2024-03-29_152833468241"},"str":"TouchEvent(state=e13bffa1c147d47958ef45e8b85e3a53,view=8b35fd606d1bf0e37203d5d3e83c8191)","tag":"2024-03-29_152833468241","device_time":"2024-03-29 15:28:35.885","epoch":"1711693715885","to_tag":"2024-03-29_152837198233","index":51,"image":"screenshots\\screen_2024-03-29_152833468241.jpg","to_image":"screenshots\\screen_2024-03-29_152837198233.jpg","crash":{},"anr":{},"dqa":{},"from":"e13bffa1c147d47958ef45e8b85e3a53","to":"2b8848fbfa5b5cfe073fa0997aa13137","view_img":"views\\view_8b35fd606d1bf0e37203d5d3e83c8191_2024-03-29_152833468241.jpg"}