{"event":{"view":{"activity_name":"com.sec.android.app.sbrowser/.sites.SitesActivity","resource_id":"android:id/button1","class_":"android.widget.Button","pointer":null,"content_desc":null,"enabled":true,"visible":true,"checked":false,"selected":false,"editable":false,"clickable":true,"long_clickable":false,"scrollable_horizontal":false,"scrollable_vertical":false,"checkable":false,"text":"Create","text_hint":null,"bounds":[543,1979,984,2080],"rel_bounds":[543,1979,984,2080],"children":[],"ancestors":[],"semantic_classes":["collection manipulation (add, delete, etc.)","Button (including text and image)"],"uid":"2ea7e328a52bcd4017405e7f96fec65c","is_password":false,"serialize_class":"AndroidViewTree","package_name":"com.sec.android.app.sbrowser","fingerprint":"","meta_info":null},"event_type":"touch","_proba":0.6019689225337033,"tag":"2024-03-29_152923113114"},"str":"TouchEvent(state=803d17927a00a8b8b9ae4aed79ccb4a8,view=2ea7e328a52bcd4017405e7f96fec65c)","tag":"2024-03-29_152923113114","device_time":"2024-03-29 15:29:25.509","epoch":"1711693765509","to_tag":"2024-03-29_152926815047","index":64,"image":"screenshots\\screen_2024-03-29_152923113114.jpg","to_image":"screenshots\\screen_2024-03-29_152926815047.jpg","crash":{},"anr":{},"dqa":{},"from":"803d17927a00a8b8b9ae4aed79ccb4a8","to":"f2fe41805be61ec9984e6d9be4aa3e2c","view_img":"views\\view_2ea7e328a52bcd4017405e7f96fec65c_2024-03-29_152923113114.jpg"}