{"event":{"view":{"activity_name":"com.sec.android.app.sbrowser/.SBrowserMainActivity","resource_id":"com.sec.android.app.sbrowser:id/tab_manager_bottom_secret_button","class_":"android.widget.FrameLayout","pointer":null,"content_desc":null,"enabled":true,"visible":true,"checked":false,"selected":false,"editable":false,"clickable":true,"long_clickable":true,"scrollable_horizontal":false,"scrollable_vertical":false,"checkable":false,"text":null,"text_hint":null,"bounds":[68,2021,540,2181],"rel_bounds":[68,2021,540,2181],"children":[{"activity_name":"com.sec.android.app.sbrowser/.SBrowserMainActivity","resource_id":"com.sec.android.app.sbrowser:id/tab_manager_bottom_secret_button_text","class_":"android.widget.Button","pointer":null,"content_desc":"Turn off Secret mode","enabled":true,"visible":true,"checked":false,"selected":false,"editable":false,"clickable":false,"long_clickable":false,"scrollable_horizontal":false,"scrollable_vertical":false,"checkable":false,"text":"Turn off\nSecret mode","text_hint":null,"bounds":[152,2032,456,2170],"rel_bounds":[152,2032,456,2170],"children":[],"ancestors":[],"semantic_classes":["Button (including text and image)"],"uid":"b52e6b21f6601459cf6cc76278b8e262","is_password":false,"serialize_class":"AndroidViewTree","package_name":"com.sec.android.app.sbrowser","fingerprint":"","meta_info":null}],"ancestors":[],"semantic_classes":["Layout"],"uid":"a690836cec26c423031491a08582507e","is_password":false,"serialize_class":"AndroidViewTree","package_name":"com.sec.android.app.sbrowser","fingerprint":"","meta_info":null},"event_type":"touch","_proba":0.1715817778376086,"tag":"2024-03-29_153359085072"},"str":"TouchEvent(state=d218e4d2754adc1385d5e54046734527,view=a690836cec26c423031491a08582507e)","tag":"2024-03-29_153359085072","device_time":"2024-03-29 15:34:06.833","epoch":"1711694046833","to_tag":"2024-03-29_153408164154","index":117,"image":null,"to_image":"screenshots\\screen_2024-03-29_153408164154.jpg","crash":{},"anr":{},"dqa":{},"from":"d218e4d2754adc1385d5e54046734527","to":"b5b6d7d9585f5588ad45e23e7cf5e694","view_img":"views\\view_a690836cec26c423031491a08582507e_2024-03-29_153359085072.jpg"}