{"event":{"view":{"activity_name":"com.sec.android.app.sbrowser/.sites.SitesActivity","resource_id":"com.sec.android.app.sbrowser:id/edit_text_search_data","class_":"android.widget.EditText","pointer":null,"content_desc":"Search","enabled":true,"visible":true,"checked":false,"selected":false,"editable":true,"clickable":true,"long_clickable":true,"scrollable_horizontal":false,"scrollable_vertical":false,"checkable":false,"text":null,"text_hint":null,"bounds":[158,172,922,248],"rel_bounds":[158,172,922,248],"children":[],"ancestors":[],"semantic_classes":["Input"],"uid":"ca25f072c59d0f724f31e2cfcbc20c1a","is_password":false,"serialize_class":"AndroidViewTree","package_name":"com.sec.android.app.sbrowser","fingerprint":"","meta_info":null},"event_type":"touch","_proba":0.04434815564413507,"tag":"2024-03-29_152816521726"},"str":"TouchEvent(state=c16b42265babc2ac4a07fddfb3542eba,view=ca25f072c59d0f724f31e2cfcbc20c1a)","tag":"2024-03-29_152816521726","device_time":"2024-03-29 15:28:19.013","epoch":"1711693699013","to_tag":"2024-03-29_152820392599","index":47,"image":"screenshots\\screen_2024-03-29_152816521726.jpg","to_image":"screenshots\\screen_2024-03-29_152820392599.jpg","crash":{},"anr":{},"dqa":{},"from":"c16b42265babc2ac4a07fddfb3542eba","to":"c16b42265babc2ac4a07fddfb3542eba","view_img":"views\\view_ca25f072c59d0f724f31e2cfcbc20c1a_2024-03-29_152816521726.jpg"}