{"event":{"view":{"activity_name":"com.sec.android.app.sbrowser/.sites.SitesActivity","resource_id":null,"class_":"android.widget.ImageButton","pointer":null,"content_desc":"Navigate up","enabled":true,"visible":true,"checked":false,"selected":false,"editable":false,"clickable":true,"long_clickable":false,"scrollable_horizontal":false,"scrollable_vertical":false,"checkable":false,"text":null,"text_hint":null,"bounds":[0,120,158,300],"rel_bounds":[0,120,158,300],"children":[],"ancestors":[],"semantic_classes":["Button (including text and image)"],"uid":"8b35fd606d1bf0e37203d5d3e83c8191","is_password":false,"serialize_class":"AndroidViewTree","package_name":"com.sec.android.app.sbrowser","fingerprint":"","meta_info":null},"event_type":"touch","_proba":0.33626686280380225,"tag":"2024-03-29_155006977184"},"str":"TouchEvent(state=fca496a0dfef517690c64a53b7336995,view=8b35fd606d1bf0e37203d5d3e83c8191)","tag":"2024-03-29_155006977184","device_time":"2024-03-29 15:50:09.463","epoch":"1711695009463","to_tag":"2024-03-29_155010766603","index":336,"image":"screenshots\\screen_2024-03-29_155006977184.jpg","to_image":"screenshots\\screen_2024-03-29_155010766603.jpg","crash":{},"anr":{},"dqa":{},"from":"fca496a0dfef517690c64a53b7336995","to":"d5d7dd131d6a0e25e2e49ba0c9d76f39","view_img":"views\\view_8b35fd606d1bf0e37203d5d3e83c8191_2024-03-29_155006977184.jpg"}