{"event":{"intent":"am force-stop com.sec.android.app.sbrowser","tag":"2024-03-29_152506544019","event_type":"intent"},"str":"IntentEvent(state=70bd5807ad15a804f1df743da09bd5d6,intent='am force-stop com.sec.android.app.sbrowser')","tag":"2024-03-29_152506544019","device_time":"2024-03-29 15:25:10.792","epoch":"1711693510792","to_tag":"2024-03-29_152513352365","index":1,"image":"screenshots\\screen_2024-03-29_152506544019.jpg","to_image":"screenshots\\screen_2024-03-29_152513352365.jpg","crash":{},"anr":{},"dqa":{},"from":"70bd5807ad15a804f1df743da09bd5d6","to":"54bd3dc8f2de36ff966dafcc5e02ca67"}