{"event":{"intent":"am start com.sec.android.app.sbrowser/.SBrowserMainActivity","tag":"2024-03-29_152517876394","event_type":"intent"},"str":"IntentEvent(state=002424a97f278df6dbb9bb6ebc28b4aa,intent='am start com.sec.android.app.sbrowser/.SBrowserMainActivity')","tag":"2024-03-29_152517876394","device_time":"2024-03-29 15:25:22.477","epoch":"1711693522477","to_tag":"2024-03-29_152523783564","index":3,"image":"screenshots\\screen_2024-03-29_152517876394.jpg","to_image":"screenshots\\screen_2024-03-29_152523783564.jpg","crash":{},"anr":{},"dqa":{},"from":"002424a97f278df6dbb9bb6ebc28b4aa","to":"13d1dde49f382bde7ca853011f80ee26"}