{"event":{"view":{"activity_name":"com.sec.android.app.sbrowser/.sites.SitesActivity","resource_id":"com.sec.android.app.sbrowser:id/actionbar_select_all_checkbox","class_":"android.widget.CheckBox","pointer":null,"content_desc":"1 selected.","enabled":true,"visible":true,"checked":false,"selected":false,"editable":false,"clickable":true,"long_clickable":false,"scrollable_horizontal":false,"scrollable_vertical":false,"checkable":true,"text":null,"text_hint":null,"bounds":[45,156,135,246],"rel_bounds":[45,156,135,246],"children":[],"ancestors":[],"semantic_classes":["Container (including radio buttons and checkboxes"],"uid":"b17f290beb02105449cae818f3d743d9","is_password":false,"serialize_class":"AndroidViewTree","package_name":"com.sec.android.app.sbrowser","fingerprint":"","meta_info":null},"event_type":"touch","_proba":0.1940728214364277,"tag":"2024-03-29_155115848969"},"str":"TouchEvent(state=f9fa893af10ef60b2b39be38caff0dfe,view=b17f290beb02105449cae818f3d743d9)","tag":"2024-03-29_155115848969","device_time":"2024-03-29 15:51:18.352","epoch":"1711695078352","to_tag":"2024-03-29_155119666883","index":354,"image":"screenshots\\screen_2024-03-29_155115848969.jpg","to_image":"screenshots\\screen_2024-03-29_155119666883.jpg","crash":{},"anr":{},"dqa":{},"from":"f9fa893af10ef60b2b39be38caff0dfe","to":"9afbe3481b2380ed06ba4f3f0bea4a7a","view_img":"views\\view_b17f290beb02105449cae818f3d743d9_2024-03-29_155115848969.jpg"}