{"event":{"view":{"activity_name":"com.sec.android.app.sbrowser/.SBrowserMainActivity","resource_id":"android:id/button1","class_":"android.widget.Button","pointer":null,"content_desc":null,"enabled":true,"visible":true,"checked":false,"selected":false,"editable":false,"clickable":true,"long_clickable":false,"scrollable_horizontal":false,"scrollable_vertical":false,"checkable":false,"text":"Delete","text_hint":null,"bounds":[541,1979,984,2080],"rel_bounds":[541,1979,984,2080],"children":[],"ancestors":[],"semantic_classes":["collection manipulation (add, delete, etc.)","Button (including text and image)"],"uid":"e8cdd02795d2e05592629b4908a9ab8c","is_password":false,"serialize_class":"AndroidViewTree","package_name":"com.sec.android.app.sbrowser","fingerprint":"","meta_info":null},"event_type":"touch","_proba":0.6966221611424352,"tag":"2024-03-29_153001252758"},"str":"TouchEvent(state=c0f5829bb36dceccafa30f07506b21a2,view=e8cdd02795d2e05592629b4908a9ab8c)","tag":"2024-03-29_153001252758","device_time":"2024-03-29 15:30:03.669","epoch":"1711693803669","to_tag":"2024-03-29_153005005054","index":74,"image":"screenshots\\screen_2024-03-29_153001252758.jpg","to_image":"screenshots\\screen_2024-03-29_153005005054.jpg","crash":{},"anr":{},"dqa":{},"from":"c0f5829bb36dceccafa30f07506b21a2","to":"ad3724d8bebab6139f62cd09a90de4de","view_img":"views\\view_e8cdd02795d2e05592629b4908a9ab8c_2024-03-29_153001252758.jpg"}