{"event":{"view":{"activity_name":"com.sec.android.app.sbrowser/.sites.SitesActivity","resource_id":"com.sec.android.app.sbrowser:id/actionbar_select_all_checkbox","class_":"android.widget.CheckBox","pointer":null,"content_desc":"Nothing selected.","enabled":true,"visible":true,"checked":false,"selected":false,"editable":false,"clickable":true,"long_clickable":false,"scrollable_horizontal":false,"scrollable_vertical":false,"checkable":true,"text":null,"text_hint":null,"bounds":[45,156,135,246],"rel_bounds":[45,156,135,246],"children":[],"ancestors":[],"semantic_classes":["Container (including radio buttons and checkboxes"],"uid":"b17f290beb02105449cae818f3d743d9","is_password":false,"serialize_class":"AndroidViewTree","package_name":"com.sec.android.app.sbrowser","fingerprint":"","meta_info":null},"event_type":"touch","_proba":0.21024462950525222,"tag":"2024-03-29_155124127119"},"str":"TouchEvent(state=b965441ae884d23a9d1263684c01bde7,view=b17f290beb02105449cae818f3d743d9)","tag":"2024-03-29_155124127119","device_time":"2024-03-29 15:51:26.677","epoch":"1711695086677","to_tag":"2024-03-29_155127967482","index":356,"image":"screenshots\\screen_2024-03-29_155124127119.jpg","to_image":"screenshots\\screen_2024-03-29_155127967482.jpg","crash":{},"anr":{},"dqa":{},"from":"b965441ae884d23a9d1263684c01bde7","to":"9afbe3481b2380ed06ba4f3f0bea4a7a","view_img":"views\\view_b17f290beb02105449cae818f3d743d9_2024-03-29_155124127119.jpg"}