{"event":{"view":{"activity_name":"com.sec.android.app.sbrowser/.sites.SitesActivity","resource_id":null,"class_":"android.widget.LinearLayout","pointer":null,"content_desc":null,"enabled":true,"visible":true,"checked":false,"selected":false,"editable":false,"clickable":true,"long_clickable":false,"scrollable_horizontal":false,"scrollable_vertical":false,"checkable":false,"text":null,"text_hint":null,"bounds":[42,339,504,401],"rel_bounds":[42,339,504,401],"children":[{"activity_name":"com.sec.android.app.sbrowser/.sites.SitesActivity","resource_id":"com.sec.android.app.sbrowser:id/path_indicator_button","class_":"android.widget.TextView","pointer":null,"content_desc":"Secret mode bookmarks, Folder, Double tap to open folder.","enabled":true,"visible":true,"checked":false,"selected":false,"editable":false,"clickable":false,"long_clickable":false,"scrollable_horizontal":false,"scrollable_vertical":false,"checkable":false,"text":"Secret mode bookmarks","text_hint":null,"bounds":[42,339,504,401],"rel_bounds":[42,339,504,401],"children":[],"ancestors":[],"semantic_classes":["Button (including text and image)"],"uid":"42e9ff1ea69820b6fe20959a1c86d3f6","is_password":false,"serialize_class":"AndroidViewTree","package_name":"com.sec.android.app.sbrowser","fingerprint":"","meta_info":null}],"ancestors":[],"semantic_classes":["Layout"],"uid":"6b41702ee773c1d91d05f8c7a57c0836","is_password":false,"serialize_class":"AndroidViewTree","package_name":"com.sec.android.app.sbrowser","fingerprint":"","meta_info":null},"event_type":"touch","_proba":0.016734416074739227,"tag":"2024-03-29_155632401213"},"str":"TouchEvent(state=59a34ddcc553b7be4bb65b55c2ff911d,view=6b41702ee773c1d91d05f8c7a57c0836)","tag":"2024-03-29_155632401213","device_time":"2024-03-29 15:56:34.756","epoch":"1711695394756","to_tag":"2024-03-29_155636086364","index":426,"image":"screenshots\\screen_2024-03-29_155632401213.jpg","to_image":"screenshots\\screen_2024-03-29_155636086364.jpg","crash":{},"anr":{},"dqa":{},"from":"59a34ddcc553b7be4bb65b55c2ff911d","to":"225f5dab4598360a7192d87e8508c213","view_img":"views\\view_6b41702ee773c1d91d05f8c7a57c0836_2024-03-29_155632401213.jpg"}