{"event":{"view":{"activity_name":"com.sec.android.app.sbrowser/.sites.SitesActivity","resource_id":null,"class_":"android.widget.ImageButton","pointer":null,"content_desc":"Navigate up","enabled":true,"visible":true,"checked":false,"selected":false,"editable":false,"clickable":true,"long_clickable":false,"scrollable_horizontal":false,"scrollable_vertical":false,"checkable":false,"text":null,"text_hint":null,"bounds":[0,120,158,300],"rel_bounds":[0,120,158,300],"children":[],"ancestors":[],"semantic_classes":["Button (including text and image)"],"uid":"8b35fd606d1bf0e37203d5d3e83c8191","is_password":false,"serialize_class":"AndroidViewTree","package_name":"com.sec.android.app.sbrowser","fingerprint":"","meta_info":null},"event_type":"touch","_proba":0.2530281266020305,"tag":"2024-03-29_155049305271"},"str":"TouchEvent(state=09fcca9b6ecbfa99eb8dc16448a77c56,view=8b35fd606d1bf0e37203d5d3e83c8191)","tag":"2024-03-29_155049305271","device_time":"2024-03-29 15:50:51.749","epoch":"1711695051749","to_tag":"2024-03-29_155053107019","index":347,"image":"screenshots\\screen_2024-03-29_155049305271.jpg","to_image":"screenshots\\screen_2024-03-29_155053107019.jpg","crash":{},"anr":{},"dqa":{},"from":"09fcca9b6ecbfa99eb8dc16448a77c56","to":"59a34ddcc553b7be4bb65b55c2ff911d","view_img":"views\\view_8b35fd606d1bf0e37203d5d3e83c8191_2024-03-29_155049305271.jpg"}