{"event":{"view":{"activity_name":"com.sec.android.app.sbrowser/.SBrowserMainActivity","resource_id":"com.sec.android.app.sbrowser:id/tab_manager_bottom_secret_button","class_":"android.widget.FrameLayout","pointer":null,"content_desc":null,"enabled":true,"visible":true,"checked":false,"selected":false,"editable":false,"clickable":true,"long_clickable":true,"scrollable_horizontal":false,"scrollable_vertical":false,"checkable":false,"text":null,"text_hint":null,"bounds":[68,2021,540,2181],"rel_bounds":[68,2021,540,2181],"children":[{"activity_name":"com.sec.android.app.sbrowser/.SBrowserMainActivity","resource_id":"com.sec.android.app.sbrowser:id/tab_manager_bottom_secret_button_text","class_":"android.widget.Button","pointer":null,"content_desc":"Turn on Secret mode","enabled":true,"visible":true,"checked":false,"selected":false,"editable":false,"clickable":false,"long_clickable":false,"scrollable_horizontal":false,"scrollable_vertical":false,"checkable":false,"text":"Turn on\nSecret mode","text_hint":null,"bounds":[152,2032,456,2170],"rel_bounds":[152,2032,456,2170],"children":[],"ancestors":[],"semantic_classes":["Button (including text and image)"],"uid":"f3320f23a578d5ece0010561f853c2b4","is_password":false,"serialize_class":"AndroidViewTree","package_name":"com.sec.android.app.sbrowser","fingerprint":"","meta_info":null}],"ancestors":[],"semantic_classes":["Layout"],"uid":"4569afa79cd788f117e35038a162eb64","is_password":false,"serialize_class":"AndroidViewTree","package_name":"com.sec.android.app.sbrowser","fingerprint":"","meta_info":null},"event_type":"touch","_proba":0.16709780277176103,"tag":"2024-03-29_154729084717"},"str":"TouchEvent(state=520ebb5f5b7fef76fc2a3e401d3c7e0e,view=4569afa79cd788f117e35038a162eb64)","tag":"2024-03-29_154729084717","device_time":"2024-03-29 15:47:31.634","epoch":"1711694851634","to_tag":"2024-03-29_154732956042","index":300,"image":"screenshots\\screen_2024-03-29_154729084717.jpg","to_image":null,"crash":{},"anr":{},"dqa":{},"from":"520ebb5f5b7fef76fc2a3e401d3c7e0e","to":"b5b6d7d9585f5588ad45e23e7cf5e694","view_img":"views\\view_4569afa79cd788f117e35038a162eb64_2024-03-29_154729084717.jpg"}