{"event":{"view":{"activity_name":"com.sec.android.app.sbrowser/.SBrowserMainActivity","resource_id":"com.sec.android.app.sbrowser:id/tab_manager_actionbar_select_all_layout","class_":"android.widget.CheckBox","pointer":null,"content_desc":"Not checked,  Select all","enabled":true,"visible":true,"checked":false,"selected":false,"editable":false,"clickable":true,"long_clickable":false,"scrollable_horizontal":false,"scrollable_vertical":false,"checkable":false,"text":null,"text_hint":null,"bounds":[0,120,180,300],"rel_bounds":[0,120,180,300],"children":[{"activity_name":"com.sec.android.app.sbrowser/.SBrowserMainActivity","resource_id":"com.sec.android.app.sbrowser:id/tab_manager_select_all_checkbox","class_":"android.widget.CheckBox","pointer":null,"content_desc":null,"enabled":true,"visible":true,"checked":false,"selected":false,"editable":false,"clickable":false,"long_clickable":false,"scrollable_horizontal":false,"scrollable_vertical":false,"checkable":true,"text":null,"text_hint":null,"bounds":[45,148,135,238],"rel_bounds":[45,148,135,238],"children":[],"ancestors":[],"semantic_classes":["Container (including radio buttons and checkboxes"],"uid":"6fa32beffc12f9839f10a8165aeffdd5","is_password":false,"serialize_class":"AndroidViewTree","package_name":"com.sec.android.app.sbrowser","fingerprint":"","meta_info":null},{"activity_name":"com.sec.android.app.sbrowser/.SBrowserMainActivity","resource_id":"com.sec.android.app.sbrowser:id/tab_manager_select_all_checkbox_text","class_":"android.widget.TextView","pointer":null,"content_desc":null,"enabled":true,"visible":true,"checked":false,"selected":false,"editable":false,"clickable":false,"long_clickable":false,"scrollable_horizontal":false,"scrollable_vertical":false,"checkable":false,"text":"All","text_hint":null,"bounds":[72,238,108,284],"rel_bounds":[72,238,108,284],"children":[],"ancestors":[],"semantic_classes":["Button (including text and image)"],"uid":"68a7343e3e987eb834b05ba546832c6d","is_password":false,"serialize_class":"AndroidViewTree","package_name":"com.sec.android.app.sbrowser","fingerprint":"","meta_info":null}],"ancestors":[],"semantic_classes":["Container (including radio buttons and checkboxes"],"uid":"8e70242b1813bdbea1cb0f0865a1827e","is_password":false,"serialize_class":"AndroidViewTree","package_name":"com.sec.android.app.sbrowser","fingerprint":"","meta_info":null},"event_type":"touch","_proba":0.19887565746477157,"tag":"2024-03-29_154657599115"},"str":"TouchEvent(state=2cb9b43bec9cc93f074bf1549255e2dc,view=8e70242b1813bdbea1cb0f0865a1827e)","tag":"2024-03-29_154657599115","device_time":"2024-03-29 15:47:00.228","epoch":"1711694820228","to_tag":"2024-03-29_154701540709","index":292,"image":"screenshots\\screen_2024-03-29_154657599115.jpg","to_image":"screenshots\\screen_2024-03-29_154701540709.jpg","crash":{},"anr":{},"dqa":{},"from":"2cb9b43bec9cc93f074bf1549255e2dc","to":"6b7ba9511824d20aa2e225742a35353e","view_img":"views\\view_8e70242b1813bdbea1cb0f0865a1827e_2024-03-29_154657599115.jpg"}