{"event":{"view":{"activity_name":"com.sec.android.app.sbrowser/.SBrowserMainActivity","resource_id":"com.sec.android.app.sbrowser:id/toolbar_reload","class_":"android.widget.ImageButton","pointer":null,"content_desc":"Refresh","enabled":true,"visible":true,"checked":false,"selected":false,"editable":false,"clickable":true,"long_clickable":false,"scrollable_horizontal":false,"scrollable_vertical":false,"checkable":false,"text":null,"text_hint":null,"bounds":[955,89,1023,196],"rel_bounds":[955,89,1023,196],"children":[],"ancestors":[],"semantic_classes":["Button (including text and image)"],"uid":"e16e2a86e3468c42d7cff5830616074a","is_password":false,"serialize_class":"AndroidViewTree","package_name":"com.sec.android.app.sbrowser","fingerprint":"","meta_info":null},"event_type":"touch","_proba":0.06505400280873269,"tag":"2024-03-29_152622106016"},"str":"TouchEvent(state=9c9f67805a85e4b7ff10d7aae5533d3e,view=e16e2a86e3468c42d7cff5830616074a)","tag":"2024-03-29_152622106016","device_time":"2024-03-29 15:26:24.560","epoch":"1711693584560","to_tag":"2024-03-29_152625854043","index":19,"image":"screenshots\\screen_2024-03-29_152622106016.jpg","to_image":"screenshots\\screen_2024-03-29_152625854043.jpg","crash":{},"anr":{},"dqa":{},"from":"9c9f67805a85e4b7ff10d7aae5533d3e","to":"9c9f67805a85e4b7ff10d7aae5533d3e","view_img":"views\\view_e16e2a86e3468c42d7cff5830616074a_2024-03-29_152622106016.jpg"}