{"event":{"view":{"activity_name":"com.sec.android.app.sbrowser/.SBrowserMainActivity","resource_id":"com.sec.android.app.sbrowser:id/tab_manager_options_layout","class_":"android.widget.ImageButton","pointer":null,"content_desc":"More options","enabled":true,"visible":true,"checked":false,"selected":false,"editable":false,"clickable":true,"long_clickable":false,"scrollable_horizontal":false,"scrollable_vertical":false,"checkable":false,"text":null,"text_hint":null,"bounds":[939,142,1057,277],"rel_bounds":[939,142,1057,277],"children":[],"ancestors":[],"semantic_classes":["Button (including text and image)"],"uid":"20973539252f4dc0036063b0f209e8cd","is_password":false,"serialize_class":"AndroidViewTree","package_name":"com.sec.android.app.sbrowser","fingerprint":"","meta_info":null},"event_type":"touch","_proba":0.0228363921466314,"tag":"2024-03-29_153446690747"},"str":"TouchEvent(state=620368a3151c00b7f9bdaf826d360d8f,view=20973539252f4dc0036063b0f209e8cd)","tag":"2024-03-29_153446690747","device_time":"2024-03-29 15:34:49.154","epoch":"1711694089154","to_tag":"2024-03-29_153450466543","index":128,"image":"screenshots\\screen_2024-03-29_153446690747.jpg","to_image":"screenshots\\screen_2024-03-29_153450466543.jpg","crash":{},"anr":{},"dqa":{},"from":"620368a3151c00b7f9bdaf826d360d8f","to":"fd55833f0a85653efff1d6ebdfc6073a","view_img":"views\\view_20973539252f4dc0036063b0f209e8cd_2024-03-29_153446690747.jpg"}