{"event":{"view":{"activity_name":"com.sec.android.app.sbrowser/.sites.SitesActivity","resource_id":"com.sec.android.app.sbrowser:id/sites_search_back_button","class_":"android.widget.ImageButton","pointer":null,"content_desc":"Navigate up","enabled":true,"visible":true,"checked":false,"selected":false,"editable":false,"clickable":true,"long_clickable":false,"scrollable_horizontal":false,"scrollable_vertical":false,"checkable":false,"text":null,"text_hint":null,"bounds":[56,176,124,244],"rel_bounds":[56,176,124,244],"children":[],"ancestors":[],"semantic_classes":["Button (including text and image)"],"uid":"bc2ae519513e408edae0781750fdbdfb","is_password":false,"serialize_class":"AndroidViewTree","package_name":"com.sec.android.app.sbrowser","fingerprint":"","meta_info":null},"event_type":"touch","_proba":0.7276535237876323,"tag":"2024-03-29_155045514368"},"str":"TouchEvent(state=c16b42265babc2ac4a07fddfb3542eba,view=bc2ae519513e408edae0781750fdbdfb)","tag":"2024-03-29_155045514368","device_time":"2024-03-29 15:50:47.987","epoch":"1711695047987","to_tag":"2024-03-29_155049305271","index":346,"image":"screenshots\\screen_2024-03-29_155045514368.jpg","to_image":"screenshots\\screen_2024-03-29_155049305271.jpg","crash":{},"anr":{},"dqa":{},"from":"c16b42265babc2ac4a07fddfb3542eba","to":"09fcca9b6ecbfa99eb8dc16448a77c56","view_img":"views\\view_bc2ae519513e408edae0781750fdbdfb_2024-03-29_155045514368.jpg"}