{"event":{"view":{"activity_name":"com.sec.android.app.sbrowser/.sites.bookmark.view.select_bookmark_folder.SelectBookmarkFolderActivity","resource_id":null,"class_":"android.widget.LinearLayout","pointer":null,"content_desc":"Folder 1, Folder","enabled":true,"visible":true,"checked":false,"selected":false,"editable":false,"clickable":true,"long_clickable":true,"scrollable_horizontal":false,"scrollable_vertical":false,"checkable":false,"text":null,"text_hint":null,"bounds":[0,1420,1080,1580],"rel_bounds":[0,1420,1080,1580],"children":[{"activity_name":"com.sec.android.app.sbrowser/.sites.bookmark.view.select_bookmark_folder.SelectBookmarkFolderActivity","resource_id":"com.sec.android.app.sbrowser:id/title_view_parent","class_":"android.widget.LinearLayout","pointer":null,"content_desc":null,"enabled":true,"visible":true,"checked":false,"selected":false,"editable":false,"clickable":false,"long_clickable":false,"scrollable_horizontal":false,"scrollable_vertical":false,"checkable":false,"text":null,"text_hint":null,"bounds":[34,1420,1012,1578],"rel_bounds":[34,1420,1012,1578],"children":[{"activity_name":"com.sec.android.app.sbrowser/.sites.bookmark.view.select_bookmark_folder.SelectBookmarkFolderActivity","resource_id":"com.sec.android.app.sbrowser:id/dummy_view","class_":"android.view.View","pointer":null,"content_desc":null,"enabled":true,"visible":false,"checked":false,"selected":false,"editable":false,"clickable":false,"long_clickable":false,"scrollable_horizontal":false,"scrollable_vertical":false,"checkable":false,"text":null,"text_hint":null,"bounds":[140,1420,140,1420],"rel_bounds":[140,1420,140,1420],"children":[],"ancestors":[],"semantic_classes":["Base View Android API class (android.view.View)"],"uid":"4fa2113c6180069ec27e12eb6be727bf","is_password":false,"serialize_class":"AndroidViewTree","package_name":"com.sec.android.app.sbrowser","fingerprint":"","meta_info":null},{"activity_name":"com.sec.android.app.sbrowser/.sites.bookmark.view.select_bookmark_folder.SelectBookmarkFolderActivity","resource_id":"com.sec.android.app.sbrowser:id/title_view","class_":"android.widget.LinearLayout","pointer":null,"content_desc":null,"enabled":true,"visible":true,"checked":false,"selected":false,"editable":false,"clickable":false,"long_clickable":false,"scrollable_horizontal":false,"scrollable_vertical":false,"checkable":false,"text":null,"text_hint":null,"bounds":[140,1420,1012,1578],"rel_bounds":[140,1420,1012,1578],"children":[{"activity_name":"com.sec.android.app.sbrowser/.sites.bookmark.view.select_bookmark_folder.SelectBookmarkFolderActivity","resource_id":"com.sec.android.app.sbrowser:id/folder_icon","class_":"android.widget.ImageView","pointer":null,"content_desc":null,"enabled":true,"visible":true,"checked":false,"selected":false,"editable":false,"clickable":false,"long_clickable":false,"scrollable_horizontal":false,"scrollable_vertical":false,"checkable":false,"text":null,"text_hint":null,"bounds":[163,1465,287,1533],"rel_bounds":[163,1465,287,1533],"children":[],"ancestors":[],"semantic_classes":["Image"],"uid":"d24ffd122bfc48cd34bf99ca5bdcd9dd","is_password":false,"serialize_class":"AndroidViewTree","package_name":"com.sec.android.app.sbrowser","fingerprint":"","meta_info":null},{"activity_name":"com.sec.android.app.sbrowser/.sites.bookmark.view.select_bookmark_folder.SelectBookmarkFolderActivity","resource_id":"com.sec.android.app.sbrowser:id/bookmark_folder_title","class_":"android.widget.TextView","pointer":null,"content_desc":null,"enabled":true,"visible":true,"checked":false,"selected":false,"editable":false,"clickable":false,"long_clickable":false,"scrollable_horizontal":false,"scrollable_vertical":false,"checkable":false,"text":"Folder 1","text_hint":null,"bounds":[332,1420,984,1578],"rel_bounds":[332,1420,984,1578],"children":[],"ancestors":[],"semantic_classes":["Button (including text and image)"],"uid":"6d62a6382f629c3382be989a1d9ef3cf","is_password":false,"serialize_class":"AndroidViewTree","package_name":"com.sec.android.app.sbrowser","fingerprint":"","meta_info":null}],"ancestors":[],"semantic_classes":["Layout"],"uid":"0d988c703d44a60d0a6f7b8426f1db3a","is_password":false,"serialize_class":"AndroidViewTree","package_name":"com.sec.android.app.sbrowser","fingerprint":"","meta_info":null}],"ancestors":[],"semantic_classes":["Layout"],"uid":"7b8c58378408eefb2d466a031953960b","is_password":false,"serialize_class":"AndroidViewTree","package_name":"com.sec.android.app.sbrowser","fingerprint":"","meta_info":null},{"activity_name":"com.sec.android.app.sbrowser/.sites.bookmark.view.select_bookmark_folder.SelectBookmarkFolderActivity","resource_id":"com.sec.android.app.sbrowser:id/bookmark_folder_line","class_":"android.view.View","pointer":null,"content_desc":null,"enabled":true,"visible":true,"checked":false,"selected":false,"editable":false,"clickable":false,"long_clickable":false,"scrollable_horizontal":false,"scrollable_vertical":false,"checkable":false,"text":null,"text_hint":null,"bounds":[56,1578,1012,1580],"rel_bounds":[56,1578,1012,1580],"children":[],"ancestors":[],"semantic_classes":["Base View Android API class (android.view.View)"],"uid":"3120801d134ece06243f6e177bfa1816","is_password":false,"serialize_class":"AndroidViewTree","package_name":"com.sec.android.app.sbrowser","fingerprint":"","meta_info":null}],"ancestors":[],"semantic_classes":["Layout"],"uid":"47b50e203b40a80cdb3d47545c9ef63f","is_password":false,"serialize_class":"AndroidViewTree","package_name":"com.sec.android.app.sbrowser","fingerprint":"","meta_info":null},"event_type":"touch","_proba":0.14930577239125808,"tag":"2024-03-29_153741643974"},"str":"TouchEvent(state=ab1d74995d930a160fe5da9bc7f71fdf,view=47b50e203b40a80cdb3d47545c9ef63f)","tag":"2024-03-29_153741643974","device_time":"2024-03-29 15:37:44.140","epoch":"1711694264140","to_tag":"2024-03-29_153745485298","index":174,"image":"screenshots\\screen_2024-03-29_153741643974.jpg","to_image":"screenshots\\screen_2024-03-29_153745485298.jpg","crash":{},"anr":{},"dqa":{},"from":"ab1d74995d930a160fe5da9bc7f71fdf","to":"ab1d74995d930a160fe5da9bc7f71fdf","view_img":"views\\view_47b50e203b40a80cdb3d47545c9ef63f_2024-03-29_153741643974.jpg"}