{"event":{"view":{"activity_name":"com.sec.android.app.sbrowser/.SBrowserMainActivity","resource_id":"com.sec.android.app.sbrowser:id/action_tabs","class_":"android.widget.Button","pointer":null,"content_desc":"Tabs","enabled":true,"visible":true,"checked":false,"selected":false,"editable":false,"clickable":true,"long_clickable":true,"scrollable_horizontal":false,"scrollable_vertical":false,"checkable":false,"text":null,"text_hint":null,"bounds":[770,2046,925,2181],"rel_bounds":[770,2046,925,2181],"children":[{"activity_name":"com.sec.android.app.sbrowser/.SBrowserMainActivity","resource_id":"com.sec.android.app.sbrowser:id/tabs_icon","class_":"android.widget.TextView","pointer":null,"content_desc":null,"enabled":true,"visible":true,"checked":false,"selected":false,"editable":false,"clickable":false,"long_clickable":false,"scrollable_horizontal":false,"scrollable_vertical":false,"checkable":false,"text":"3","text_hint":null,"bounds":[813,2079,881,2147],"rel_bounds":[813,2079,881,2147],"children":[],"ancestors":[],"semantic_classes":["Button (including text and image)"],"uid":"957a4b1b92cce16a984b019270a9483b","is_password":false,"serialize_class":"AndroidViewTree","package_name":"com.sec.android.app.sbrowser","fingerprint":"","meta_info":null}],"ancestors":[],"semantic_classes":["Button (including text and image)"],"uid":"6bef78e9236c2cf23c2c228a814c740c","is_password":false,"serialize_class":"AndroidViewTree","package_name":"com.sec.android.app.sbrowser","fingerprint":"","meta_info":null},"event_type":"touch","_proba":0.1725385261496536,"tag":"2024-03-29_153008836582"},"str":"TouchEvent(state=bd05696375f96d160c46000184ad936d,view=6bef78e9236c2cf23c2c228a814c740c)","tag":"2024-03-29_153008836582","device_time":"2024-03-29 15:30:11.303","epoch":"1711693811303","to_tag":"2024-03-29_153012607161","index":76,"image":"screenshots\\screen_2024-03-29_153008836582.jpg","to_image":"screenshots\\screen_2024-03-29_153012607161.jpg","crash":{},"anr":{},"dqa":{},"from":"bd05696375f96d160c46000184ad936d","to":"a41acfccce868570eb77f11d26767fff","view_img":"views\\view_6bef78e9236c2cf23c2c228a814c740c_2024-03-29_153008836582.jpg"}