{"event":{"view":{"activity_name":"com.sec.android.app.sbrowser/.auth.InitialInfoActivity","resource_id":"com.sec.android.app.sbrowser:id/start_button","class_":"android.widget.Button","pointer":null,"content_desc":null,"enabled":true,"visible":true,"checked":false,"selected":false,"editable":false,"clickable":true,"long_clickable":false,"scrollable_horizontal":false,"scrollable_vertical":false,"checkable":false,"text":"Start","text_hint":null,"bounds":[804,2029,1012,2130],"rel_bounds":[804,2029,1012,2130],"children":[],"ancestors":[],"semantic_classes":["next-like button","Button (including text and image)"],"uid":"74f0bc31568e7d7e9ca242789a5cc7b0","is_password":false,"serialize_class":"AndroidViewTree","package_name":"com.sec.android.app.sbrowser","fingerprint":"","meta_info":null},"event_type":"touch","_proba":0.7228731433776746,"tag":"2024-03-29_153152791031"},"str":"TouchEvent(state=a0c151137c7e43f68a16ae6956e0f2b7,view=74f0bc31568e7d7e9ca242789a5cc7b0)","tag":"2024-03-29_153152791031","device_time":"2024-03-29 15:31:55.243","epoch":"1711693915243","to_tag":"2024-03-29_153156555227","index":101,"image":"screenshots\\screen_2024-03-29_153152791031.jpg","to_image":null,"crash":{},"anr":{},"dqa":{},"from":"a0c151137c7e43f68a16ae6956e0f2b7","to":"9c9f67805a85e4b7ff10d7aae5533d3e","view_img":"views\\view_74f0bc31568e7d7e9ca242789a5cc7b0_2024-03-29_153152791031.jpg"}