{"event":{"view":{"activity_name":"com.sec.android.app.sbrowser/.SBrowserMainActivity","resource_id":"com.sec.android.app.sbrowser:id/action_more","class_":"android.widget.Button","pointer":null,"content_desc":"Tools, New content available","enabled":true,"visible":true,"checked":false,"selected":false,"editable":false,"clickable":true,"long_clickable":true,"scrollable_horizontal":false,"scrollable_vertical":false,"checkable":false,"text":null,"text_hint":null,"bounds":[925,2046,1080,2181],"rel_bounds":[925,2046,1080,2181],"children":[{"activity_name":"com.sec.android.app.sbrowser/.SBrowserMainActivity","resource_id":"com.sec.android.app.sbrowser:id/bottombar_option_menu","class_":"android.widget.ImageView","pointer":null,"content_desc":null,"enabled":true,"visible":true,"checked":false,"selected":false,"editable":false,"clickable":false,"long_clickable":false,"scrollable_horizontal":false,"scrollable_vertical":false,"checkable":false,"text":null,"text_hint":null,"bounds":[968,2079,1036,2147],"rel_bounds":[968,2079,1036,2147],"children":[],"ancestors":[],"semantic_classes":["Image"],"uid":"0158213e6f46d8cefd6a811f94545798","is_password":false,"serialize_class":"AndroidViewTree","package_name":"com.sec.android.app.sbrowser","fingerprint":"","meta_info":null},{"activity_name":"com.sec.android.app.sbrowser/.SBrowserMainActivity","resource_id":null,"class_":"android.widget.LinearLayout","pointer":null,"content_desc":null,"enabled":true,"visible":true,"checked":false,"selected":false,"editable":false,"clickable":false,"long_clickable":false,"scrollable_horizontal":false,"scrollable_vertical":false,"checkable":false,"text":null,"text_hint":null,"bounds":[1027,2071,1044,2088],"rel_bounds":[1027,2071,1044,2088],"children":[{"activity_name":"com.sec.android.app.sbrowser/.SBrowserMainActivity","resource_id":"com.sec.android.app.sbrowser:id/bottombar_option_menu_badge","class_":"android.widget.ImageView","pointer":null,"content_desc":"New content available","enabled":true,"visible":true,"checked":false,"selected":false,"editable":false,"clickable":false,"long_clickable":false,"scrollable_horizontal":false,"scrollable_vertical":false,"checkable":false,"text":null,"text_hint":null,"bounds":[1027,2071,1044,2088],"rel_bounds":[1027,2071,1044,2088],"children":[],"ancestors":[],"semantic_classes":["Image"],"uid":"59d741563981a7de774ede43d9233ddc","is_password":false,"serialize_class":"AndroidViewTree","package_name":"com.sec.android.app.sbrowser","fingerprint":"","meta_info":null}],"ancestors":[],"semantic_classes":["Layout"],"uid":"254c3312a87d7143d9aa2bc3c6f262cc","is_password":false,"serialize_class":"AndroidViewTree","package_name":"com.sec.android.app.sbrowser","fingerprint":"","meta_info":null}],"ancestors":[],"semantic_classes":["Button (including text and image)"],"uid":"49d33f9e79801de93377f72b74505c31","is_password":false,"serialize_class":"AndroidViewTree","package_name":"com.sec.android.app.sbrowser","fingerprint":"","meta_info":null},"duration":2000,"event_type":"long_touch","_proba":0.00011400592187219242,"tag":"2024-03-29_153328936264"},"str":"LongTouchEvent(state=9c9f67805a85e4b7ff10d7aae5533d3e,view=49d33f9e79801de93377f72b74505c31,duration=2000)","tag":"2024-03-29_153328936264","device_time":"2024-03-29 15:33:36.333","epoch":"1711694016333","to_tag":"2024-03-29_153337660084","index":113,"image":null,"to_image":"screenshots\\screen_2024-03-29_153337660084.jpg","crash":{},"anr":{},"dqa":{},"from":"9c9f67805a85e4b7ff10d7aae5533d3e","to":"0c1da480c90fa6f05dd3c5812eb6a439","view_img":"views\\view_49d33f9e79801de93377f72b74505c31_2024-03-29_153328936264.jpg"}