{"event":{"view":{"activity_name":"com.sec.android.app.sbrowser/.SBrowserMainActivity","resource_id":"com.sec.android.app.sbrowser:id/bookmark_star_icon","class_":"android.widget.ImageButton","pointer":null,"content_desc":"Add to Bookmarks","enabled":true,"visible":true,"checked":false,"selected":false,"editable":false,"clickable":true,"long_clickable":false,"scrollable_horizontal":false,"scrollable_vertical":false,"checkable":false,"text":null,"text_hint":null,"bounds":[57,89,125,196],"rel_bounds":[57,89,125,196],"children":[],"ancestors":[],"semantic_classes":["Button (including text and image)"],"uid":"55e82f269731601b75f8abb885973260","is_password":false,"serialize_class":"AndroidViewTree","package_name":"com.sec.android.app.sbrowser","fingerprint":"","meta_info":null},"event_type":"touch","_proba":0.2405044012524357,"tag":"2024-03-29_154750796283"},"str":"TouchEvent(state=f0edab0e4e1c59fb1f70614736f043db,view=55e82f269731601b75f8abb885973260)","tag":"2024-03-29_154750796283","device_time":"2024-03-29 15:47:53.332","epoch":"1711694873332","to_tag":"2024-03-29_154754660890","index":303,"image":"screenshots\\screen_2024-03-29_154750796283.jpg","to_image":"screenshots\\screen_2024-03-29_154754660890.jpg","crash":{},"anr":{},"dqa":{},"from":"f0edab0e4e1c59fb1f70614736f043db","to":"bd05696375f96d160c46000184ad936d","view_img":"views\\view_55e82f269731601b75f8abb885973260_2024-03-29_154750796283.jpg"}