{"event":{"view":{"activity_name":"com.android.intentresolver/.ChooserActivity","resource_id":"com.android.intentresolver:id/sem_chooser_grid_item_view","class_":"android.widget.LinearLayout","pointer":null,"content_desc":null,"enabled":true,"visible":true,"checked":false,"selected":false,"editable":false,"clickable":true,"long_clickable":false,"scrollable_horizontal":false,"scrollable_vertical":false,"checkable":false,"text":null,"text_hint":null,"bounds":[707,1841,910,2157],"rel_bounds":[707,1841,910,2157],"children":[{"activity_name":"com.android.intentresolver/.ChooserActivity","resource_id":null,"class_":"android.widget.FrameLayout","pointer":null,"content_desc":null,"enabled":true,"visible":true,"checked":false,"selected":false,"editable":false,"clickable":false,"long_clickable":false,"scrollable_horizontal":false,"scrollable_vertical":false,"checkable":false,"text":null,"text_hint":null,"bounds":[721,1864,895,2041],"rel_bounds":[721,1864,895,2041],"children":[{"activity_name":"com.android.intentresolver/.ChooserActivity","resource_id":null,"class_":"android.widget.FrameLayout","pointer":null,"content_desc":null,"enabled":true,"visible":true,"checked":false,"selected":false,"editable":false,"clickable":false,"long_clickable":false,"scrollable_horizontal":false,"scrollable_vertical":false,"checkable":false,"text":null,"text_hint":null,"bounds":[721,1864,895,2038],"rel_bounds":[721,1864,895,2038],"children":[{"activity_name":"com.android.intentresolver/.ChooserActivity","resource_id":"com.android.intentresolver:id/icon","class_":"android.widget.ImageView","pointer":null,"content_desc":null,"enabled":true,"visible":true,"checked":false,"selected":false,"editable":false,"clickable":false,"long_clickable":false,"scrollable_horizontal":false,"scrollable_vertical":false,"checkable":false,"text":null,"text_hint":null,"bounds":[737,1880,878,2021],"rel_bounds":[737,1880,878,2021],"children":[],"ancestors":[],"semantic_classes":["Image"],"uid":"eddf8e49ff06db7a851baa618f16f1b4","is_password":false,"serialize_class":"AndroidViewTree","package_name":"com.android.intentresolver","fingerprint":"","meta_info":null}],"ancestors":[],"semantic_classes":["Layout"],"uid":"b0092914ddc4257f1e48740de6157e22","is_password":false,"serialize_class":"AndroidViewTree","package_name":"com.android.intentresolver","fingerprint":"","meta_info":null}],"ancestors":[],"semantic_classes":["Layout"],"uid":"6df50eef99d675489eb761f1d30ef554","is_password":false,"serialize_class":"AndroidViewTree","package_name":"com.android.intentresolver","fingerprint":"","meta_info":null},{"activity_name":"com.android.intentresolver/.ChooserActivity","resource_id":"com.android.intentresolver:id/text1","class_":"android.widget.TextView","pointer":null,"content_desc":null,"enabled":true,"visible":true,"checked":false,"selected":false,"editable":false,"clickable":false,"long_clickable":false,"scrollable_horizontal":false,"scrollable_vertical":false,"checkable":false,"text":"Gmail","text_hint":null,"bounds":[764,2041,853,2134],"rel_bounds":[764,2041,853,2134],"children":[],"ancestors":[],"semantic_classes":["external link (email or website)","Button (including text and image)"],"uid":"a8732c837158875673a2ca4876587288","is_password":false,"serialize_class":"AndroidViewTree","package_name":"com.android.intentresolver","fingerprint":"","meta_info":null}],"ancestors":[],"semantic_classes":["Layout"],"uid":"9314949dda6e747a49c8244f0ac9fcbb","is_password":false,"serialize_class":"AndroidViewTree","package_name":"com.android.intentresolver","fingerprint":"","meta_info":null},"event_type":"touch","_proba":0.2659499978931285,"tag":"2024-03-29_154917709717"},"str":"TouchEvent(state=a8b69b3fd27dbe1c7572c8d6aa8adc73,view=9314949dda6e747a49c8244f0ac9fcbb)","tag":"2024-03-29_154917709717","device_time":"2024-03-29 15:49:20.198","epoch":"1711694960198","to_tag":"2024-03-29_154921474938","index":325,"image":"screenshots\\screen_2024-03-29_154917709717.jpg","to_image":"screenshots\\screen_2024-03-29_154921474938.jpg","crash":{},"anr":{},"dqa":{},"from":"a8b69b3fd27dbe1c7572c8d6aa8adc73","to":"d41d8cd98f00b204e9800998ecf8427e","view_img":"views\\view_9314949dda6e747a49c8244f0ac9fcbb_2024-03-29_154917709717.jpg"}