{"event":{"view":{"activity_name":"com.sec.android.app.sbrowser/.sites.SitesActivity","resource_id":"com.sec.android.app.sbrowser:id/sites_search_mic_button","class_":"android.widget.ImageButton","pointer":null,"content_desc":"Voice input","enabled":true,"visible":true,"checked":false,"selected":false,"editable":false,"clickable":true,"long_clickable":false,"scrollable_horizontal":false,"scrollable_vertical":false,"checkable":false,"text":null,"text_hint":null,"bounds":[956,176,1024,244],"rel_bounds":[956,176,1024,244],"children":[],"ancestors":[],"semantic_classes":["Button (including text and image)"],"uid":"49c85708de7617c862b6d1985631ce44","is_password":false,"serialize_class":"AndroidViewTree","package_name":"com.sec.android.app.sbrowser","fingerprint":"","meta_info":null},"event_type":"touch","_proba":0.2612890808907581,"tag":"2024-03-29_152801202563"},"str":"TouchEvent(state=c16b42265babc2ac4a07fddfb3542eba,view=49c85708de7617c862b6d1985631ce44)","tag":"2024-03-29_152801202563","device_time":"2024-03-29 15:28:03.670","epoch":"1711693683670","to_tag":"2024-03-29_152805005158","index":43,"image":"screenshots\\screen_2024-03-29_152801202563.jpg","to_image":"screenshots\\screen_2024-03-29_152805005158.jpg","crash":{},"anr":{},"dqa":{},"from":"c16b42265babc2ac4a07fddfb3542eba","to":"fd70c9c3efee4733eb7a977058e57017","view_img":"views\\view_49c85708de7617c862b6d1985631ce44_2024-03-29_152801202563.jpg"}