{"event":{"view":{"activity_name":"com.sec.android.app.sbrowser/.SBrowserMainActivity","resource_id":"com.sec.android.app.sbrowser:id/tab_manager_back_button","class_":"android.widget.ImageButton","pointer":null,"content_desc":"Navigate up","enabled":true,"visible":true,"checked":false,"selected":false,"editable":false,"clickable":true,"long_clickable":false,"scrollable_horizontal":false,"scrollable_vertical":false,"checkable":false,"text":null,"text_hint":null,"bounds":[23,142,158,277],"rel_bounds":[23,142,158,277],"children":[],"ancestors":[],"semantic_classes":["Button (including text and image)"],"uid":"c15ec146ab01801ab4383e1b3a1922f5","is_password":false,"serialize_class":"AndroidViewTree","package_name":"com.sec.android.app.sbrowser","fingerprint":"","meta_info":null},"event_type":"touch","_proba":0.41328598071503075,"tag":"2024-03-29_154857868184"},"str":"TouchEvent(state=cbd0d1199ecaa49198565f64a6e70b3d,view=c15ec146ab01801ab4383e1b3a1922f5)","tag":"2024-03-29_154857868184","device_time":"2024-03-29 15:49:00.432","epoch":"1711694940432","to_tag":"2024-03-29_154901759394","index":320,"image":"screenshots\\screen_2024-03-29_154857868184.jpg","to_image":"screenshots\\screen_2024-03-29_154901759394.jpg","crash":{},"anr":{},"dqa":{},"from":"cbd0d1199ecaa49198565f64a6e70b3d","to":"9c9f67805a85e4b7ff10d7aae5533d3e","view_img":"views\\view_c15ec146ab01801ab4383e1b3a1922f5_2024-03-29_154857868184.jpg"}