{"event":{"view":{"activity_name":"com.sec.android.app.sbrowser/.SBrowserMainActivity","resource_id":"com.sec.android.app.sbrowser:id/action_tabs","class_":"android.widget.Button","pointer":null,"content_desc":"Tabs","enabled":true,"visible":true,"checked":false,"selected":false,"editable":false,"clickable":true,"long_clickable":true,"scrollable_horizontal":false,"scrollable_vertical":false,"checkable":false,"text":null,"text_hint":null,"bounds":[770,2046,925,2181],"rel_bounds":[770,2046,925,2181],"children":[{"activity_name":"com.sec.android.app.sbrowser/.SBrowserMainActivity","resource_id":"com.sec.android.app.sbrowser:id/tabs_icon","class_":"android.widget.TextView","pointer":null,"content_desc":null,"enabled":true,"visible":true,"checked":false,"selected":false,"editable":false,"clickable":false,"long_clickable":false,"scrollable_horizontal":false,"scrollable_vertical":false,"checkable":false,"text":"13","text_hint":null,"bounds":[813,2079,881,2147],"rel_bounds":[813,2079,881,2147],"children":[],"ancestors":[],"semantic_classes":["Button (including text and image)"],"uid":"ab753eb745cda1d1f10ee716a7fafaee","is_password":false,"serialize_class":"AndroidViewTree","package_name":"com.sec.android.app.sbrowser","fingerprint":"","meta_info":null}],"ancestors":[],"semantic_classes":["Button (including text and image)"],"uid":"1094ed7a021e2fd52c346d0183954baf","is_password":false,"serialize_class":"AndroidViewTree","package_name":"com.sec.android.app.sbrowser","fingerprint":"","meta_info":null},"event_type":"touch","_proba":0.08793625258307437,"tag":"2024-03-29_155328154763"},"str":"TouchEvent(state=bd05696375f96d160c46000184ad936d,view=1094ed7a021e2fd52c346d0183954baf)","tag":"2024-03-29_155328154763","device_time":"2024-03-29 15:53:30.532","epoch":"1711695210532","to_tag":"2024-03-29_155331819437","index":388,"image":"screenshots\\screen_2024-03-29_155328154763.jpg","to_image":"screenshots\\screen_2024-03-29_155331819437.jpg","crash":{},"anr":{},"dqa":{},"from":"bd05696375f96d160c46000184ad936d","to":"411e53e8af3c066211c8eac198edb438","view_img":"views\\view_1094ed7a021e2fd52c346d0183954baf_2024-03-29_155328154763.jpg"}