{"event":{"view":{"activity_name":"com.sec.android.app.sbrowser/.sites.SitesActivity","resource_id":"com.sec.android.app.sbrowser:id/sites_search_back_button","class_":"android.widget.ImageButton","pointer":null,"content_desc":"Navigate up","enabled":true,"visible":true,"checked":false,"selected":false,"editable":false,"clickable":true,"long_clickable":false,"scrollable_horizontal":false,"scrollable_vertical":false,"checkable":false,"text":null,"text_hint":null,"bounds":[56,176,124,244],"rel_bounds":[56,176,124,244],"children":[],"ancestors":[],"semantic_classes":["Button (including text and image)"],"uid":"bc2ae519513e408edae0781750fdbdfb","is_password":false,"serialize_class":"AndroidViewTree","package_name":"com.sec.android.app.sbrowser","fingerprint":"","meta_info":null},"event_type":"touch","_proba":0.7762972710778661,"tag":"2024-03-29_152829122879"},"str":"TouchEvent(state=5517d988aafb1a263e029bfcae4c18f9,view=bc2ae519513e408edae0781750fdbdfb)","tag":"2024-03-29_152829122879","device_time":"2024-03-29 15:28:32.171","epoch":"1711693712171","to_tag":"2024-03-29_152833468241","index":50,"image":"screenshots\\screen_2024-03-29_152829122879.jpg","to_image":"screenshots\\screen_2024-03-29_152833468241.jpg","crash":{},"anr":{},"dqa":{},"from":"5517d988aafb1a263e029bfcae4c18f9","to":"e13bffa1c147d47958ef45e8b85e3a53","view_img":"views\\view_bc2ae519513e408edae0781750fdbdfb_2024-03-29_152829122879.jpg"}