{"event":{"view":{"activity_name":"com.sec.android.app.sbrowser/.SBrowserMainActivity","resource_id":"com.sec.android.app.sbrowser:id/toolbar_delete_url","class_":"android.widget.ImageButton","pointer":null,"content_desc":"Clear","enabled":true,"visible":true,"checked":false,"selected":false,"editable":false,"clickable":true,"long_clickable":false,"scrollable_horizontal":false,"scrollable_vertical":false,"checkable":false,"text":null,"text_hint":null,"bounds":[927,89,995,196],"rel_bounds":[927,89,995,196],"children":[],"ancestors":[],"semantic_classes":["Button (including text and image)"],"uid":"193c7b569caba366c0fa258e248c8422","is_password":false,"serialize_class":"AndroidViewTree","package_name":"com.sec.android.app.sbrowser","fingerprint":"","meta_info":null},"event_type":"touch","_proba":0.05787664387745621,"tag":"2024-03-29_153054656879"},"str":"TouchEvent(state=d28f7f345cad5b20cc2a9f47df99b573,view=193c7b569caba366c0fa258e248c8422)","tag":"2024-03-29_153054656879","device_time":"2024-03-29 15:30:57.139","epoch":"1711693857139","to_tag":"2024-03-29_153058440192","index":86,"image":"screenshots\\screen_2024-03-29_153054656879.jpg","to_image":"screenshots\\screen_2024-03-29_153058440192.jpg","crash":{},"anr":{},"dqa":{},"from":"d28f7f345cad5b20cc2a9f47df99b573","to":"1f588b5c9165028ed8efc596dbe505c6","view_img":"views\\view_193c7b569caba366c0fa258e248c8422_2024-03-29_153054656879.jpg"}