{"event":{"view":{"activity_name":"com.sec.android.app.sbrowser/.SBrowserMainActivity","resource_id":"com.sec.android.app.sbrowser:id/action_tabs","class_":"android.widget.Button","pointer":null,"content_desc":"Tabs","enabled":true,"visible":true,"checked":false,"selected":false,"editable":false,"clickable":true,"long_clickable":true,"scrollable_horizontal":false,"scrollable_vertical":false,"checkable":false,"text":null,"text_hint":null,"bounds":[770,2046,925,2181],"rel_bounds":[770,2046,925,2181],"children":[{"activity_name":"com.sec.android.app.sbrowser/.SBrowserMainActivity","resource_id":"com.sec.android.app.sbrowser:id/tabs_icon","class_":"android.widget.TextView","pointer":null,"content_desc":null,"enabled":true,"visible":true,"checked":false,"selected":false,"editable":false,"clickable":false,"long_clickable":false,"scrollable_horizontal":false,"scrollable_vertical":false,"checkable":false,"text":"9","text_hint":null,"bounds":[813,2079,881,2147],"rel_bounds":[813,2079,881,2147],"children":[],"ancestors":[],"semantic_classes":["Button (including text and image)"],"uid":"287109624ecf82ada587394f266922f0","is_password":false,"serialize_class":"AndroidViewTree","package_name":"com.sec.android.app.sbrowser","fingerprint":"","meta_info":null}],"ancestors":[],"semantic_classes":["Button (including text and image)"],"uid":"a353e781a6c57860e1d628d65f799dc3","is_password":false,"serialize_class":"AndroidViewTree","package_name":"com.sec.android.app.sbrowser","fingerprint":"","meta_info":null},"event_type":"touch","_proba":0.12210296346315888,"tag":"2024-03-29_153606412786"},"str":"TouchEvent(state=bd05696375f96d160c46000184ad936d,view=a353e781a6c57860e1d628d65f799dc3)","tag":"2024-03-29_153606412786","device_time":"2024-03-29 15:36:08.857","epoch":"1711694168857","to_tag":"2024-03-29_153610173880","index":149,"image":"screenshots\\screen_2024-03-29_153606412786.jpg","to_image":"screenshots\\screen_2024-03-29_153610173880.jpg","crash":{},"anr":{},"dqa":{},"from":"bd05696375f96d160c46000184ad936d","to":"620368a3151c00b7f9bdaf826d360d8f","view_img":"views\\view_a353e781a6c57860e1d628d65f799dc3_2024-03-29_153606412786.jpg"}