{"event":{"view":{"activity_name":"com.sec.android.app.sbrowser/.sites.SitesActivity","resource_id":null,"class_":"android.widget.ImageView","pointer":null,"content_desc":"More options","enabled":true,"visible":true,"checked":false,"selected":false,"editable":false,"clickable":true,"long_clickable":true,"scrollable_horizontal":false,"scrollable_vertical":false,"checkable":false,"text":null,"text_hint":null,"bounds":[945,120,1080,300],"rel_bounds":[945,120,1080,300],"children":[],"ancestors":[],"semantic_classes":["Image"],"uid":"45fcba4b74409bbcef0e039ca8a44ad0","is_password":false,"serialize_class":"AndroidViewTree","package_name":"com.sec.android.app.sbrowser","fingerprint":"","meta_info":null},"event_type":"touch","_proba":0.36156297795535314,"tag":"2024-03-29_154442725375"},"str":"TouchEvent(state=fca496a0dfef517690c64a53b7336995,view=45fcba4b74409bbcef0e039ca8a44ad0)","tag":"2024-03-29_154442725375","device_time":"2024-03-29 15:44:45.175","epoch":"1711694685175","to_tag":"2024-03-29_154446506775","index":260,"image":"screenshots\\screen_2024-03-29_154442725375.jpg","to_image":"screenshots\\screen_2024-03-29_154446506775.jpg","crash":{},"anr":{},"dqa":{},"from":"fca496a0dfef517690c64a53b7336995","to":"e8befedf9e3bd073fe411387a76b3dde","view_img":"views\\view_45fcba4b74409bbcef0e039ca8a44ad0_2024-03-29_154442725375.jpg"}