{"event":{"view":{"activity_name":"com.sec.android.app.sbrowser/.SBrowserMainActivity","resource_id":"com.sec.android.app.sbrowser:id/security_button","class_":"android.widget.ImageButton","pointer":null,"content_desc":"Secure connection","enabled":true,"visible":true,"checked":false,"selected":false,"editable":false,"clickable":true,"long_clickable":false,"scrollable_horizontal":false,"scrollable_vertical":false,"checkable":false,"text":null,"text_hint":null,"bounds":[148,89,216,196],"rel_bounds":[148,89,216,196],"children":[],"ancestors":[],"semantic_classes":["Button (including text and image)"],"uid":"0bab5ad75875d1047f8c65e18819889a","is_password":false,"serialize_class":"AndroidViewTree","package_name":"com.sec.android.app.sbrowser","fingerprint":"","meta_info":null},"event_type":"touch","_proba":0.11827292792119294,"tag":"2024-03-29_155213862762"},"str":"TouchEvent(state=010fc5847e452b204df60655b56433b9,view=0bab5ad75875d1047f8c65e18819889a)","tag":"2024-03-29_155213862762","device_time":"2024-03-29 15:52:16.335","epoch":"1711695136335","to_tag":"2024-03-29_155217636068","index":369,"image":"screenshots\\screen_2024-03-29_155213862762.jpg","to_image":"screenshots\\screen_2024-03-29_155217636068.jpg","crash":{},"anr":{},"dqa":{},"from":"010fc5847e452b204df60655b56433b9","to":"382d27476854fec65de8058fdf12187b","view_img":"views\\view_0bab5ad75875d1047f8c65e18819889a_2024-03-29_155213862762.jpg"}