{"event":{"view":{"activity_name":"com.sec.android.app.sbrowser/.SBrowserMainActivity","resource_id":"com.sec.android.app.sbrowser:id/container","class_":"android.widget.Button","pointer":null,"content_desc":"Saved pages","enabled":true,"visible":true,"checked":false,"selected":false,"editable":false,"clickable":true,"long_clickable":true,"scrollable_horizontal":false,"scrollable_vertical":false,"checkable":false,"text":null,"text_hint":null,"bounds":[563,1179,762,1398],"rel_bounds":[563,1179,762,1398],"children":[{"activity_name":"com.sec.android.app.sbrowser/.SBrowserMainActivity","resource_id":"com.sec.android.app.sbrowser:id/item_container","class_":"android.widget.RelativeLayout","pointer":null,"content_desc":null,"enabled":true,"visible":true,"checked":false,"selected":false,"editable":false,"clickable":false,"long_clickable":false,"scrollable_horizontal":false,"scrollable_vertical":false,"checkable":false,"text":null,"text_hint":null,"bounds":[563,1179,762,1398],"rel_bounds":[563,1179,762,1398],"children":[{"activity_name":"com.sec.android.app.sbrowser/.SBrowserMainActivity","resource_id":"com.sec.android.app.sbrowser:id/top_container","class_":"android.widget.RelativeLayout","pointer":null,"content_desc":null,"enabled":true,"visible":true,"checked":false,"selected":false,"editable":false,"clickable":false,"long_clickable":false,"scrollable_horizontal":false,"scrollable_vertical":false,"checkable":false,"text":null,"text_hint":null,"bounds":[563,1179,762,1286],"rel_bounds":[563,1179,762,1286],"children":[{"activity_name":"com.sec.android.app.sbrowser/.SBrowserMainActivity","resource_id":null,"class_":"android.widget.LinearLayout","pointer":null,"content_desc":null,"enabled":true,"visible":false,"checked":false,"selected":false,"editable":false,"clickable":false,"long_clickable":false,"scrollable_horizontal":false,"scrollable_vertical":false,"checkable":false,"text":null,"text_hint":null,"bounds":[704,1199,704,1199],"rel_bounds":[704,1199,704,1199],"children":[],"ancestors":[],"semantic_classes":["Layout"],"uid":"7316f21f54a0da8a467413ec7f909df3","is_password":false,"serialize_class":"AndroidViewTree","package_name":"com.sec.android.app.sbrowser","fingerprint":"","meta_info":null},{"activity_name":"com.sec.android.app.sbrowser/.SBrowserMainActivity","resource_id":"com.sec.android.app.sbrowser:id/icon_container","class_":"android.widget.LinearLayout","pointer":null,"content_desc":null,"enabled":true,"visible":true,"checked":false,"selected":false,"editable":false,"clickable":false,"long_clickable":false,"scrollable_horizontal":false,"scrollable_vertical":false,"checkable":false,"text":null,"text_hint":null,"bounds":[628,1207,696,1275],"rel_bounds":[628,1207,696,1275],"children":[{"activity_name":"com.sec.android.app.sbrowser/.SBrowserMainActivity","resource_id":"com.sec.android.app.sbrowser:id/icon","class_":"android.widget.ImageView","pointer":null,"content_desc":null,"enabled":true,"visible":true,"checked":false,"selected":false,"editable":false,"clickable":false,"long_clickable":false,"scrollable_horizontal":false,"scrollable_vertical":false,"checkable":false,"text":null,"text_hint":null,"bounds":[628,1207,696,1275],"rel_bounds":[628,1207,696,1275],"children":[],"ancestors":[],"semantic_classes":["Image"],"uid":"898b8b472abbee86ac24e476b399af64","is_password":false,"serialize_class":"AndroidViewTree","package_name":"com.sec.android.app.sbrowser","fingerprint":"","meta_info":null}],"ancestors":[],"semantic_classes":["Layout"],"uid":"d5d13b8b3050cd98bb99b03fda2c89c9","is_password":false,"serialize_class":"AndroidViewTree","package_name":"com.sec.android.app.sbrowser","fingerprint":"","meta_info":null}],"ancestors":[],"semantic_classes":["Layout"],"uid":"eafa56f85a0190b08319fd87414dd34f","is_password":false,"serialize_class":"AndroidViewTree","package_name":"com.sec.android.app.sbrowser","fingerprint":"","meta_info":null},{"activity_name":"com.sec.android.app.sbrowser/.SBrowserMainActivity","resource_id":"com.sec.android.app.sbrowser:id/text","class_":"android.widget.TextView","pointer":null,"content_desc":null,"enabled":true,"visible":true,"checked":false,"selected":false,"editable":false,"clickable":false,"long_clickable":false,"scrollable_horizontal":false,"scrollable_vertical":false,"checkable":false,"text":"Saved pages","text_hint":null,"bounds":[564,1286,761,1333],"rel_bounds":[564,1286,761,1333],"children":[],"ancestors":[],"semantic_classes":["Button (including text and image)"],"uid":"b1e863c3f03d5c2ec0ba9115a969304e","is_password":false,"serialize_class":"AndroidViewTree","package_name":"com.sec.android.app.sbrowser","fingerprint":"","meta_info":null}],"ancestors":[],"semantic_classes":["Layout"],"uid":"d3a76bcaa8bcf0622b04e2f4c9ea4722","is_password":false,"serialize_class":"AndroidViewTree","package_name":"com.sec.android.app.sbrowser","fingerprint":"","meta_info":null}],"ancestors":[],"semantic_classes":["Button (including text and image)"],"uid":"0bcd39172093bbf3650868e875830067","is_password":false,"serialize_class":"AndroidViewTree","package_name":"com.sec.android.app.sbrowser","fingerprint":"","meta_info":null},"event_type":"touch","_proba":0.08016681418547335,"tag":"2024-03-29_155233592920"},"str":"TouchEvent(state=13201b787fe086ccd269a5e365555e6f,view=0bcd39172093bbf3650868e875830067)","tag":"2024-03-29_155233592920","device_time":"2024-03-29 15:52:36.048","epoch":"1711695156048","to_tag":"2024-03-29_155237351156","index":374,"image":"screenshots\\screen_2024-03-29_155233592920.jpg","to_image":"screenshots\\screen_2024-03-29_155237351156.jpg","crash":{},"anr":{},"dqa":{},"from":"13201b787fe086ccd269a5e365555e6f","to":"078ce0b99485a95d867e819009735881","view_img":"views\\view_0bcd39172093bbf3650868e875830067_2024-03-29_155233592920.jpg"}