{"event":{"view":{"activity_name":"com.sec.android.app.sbrowser/.SBrowserMainActivity","resource_id":"com.sec.android.app.sbrowser:id/location_bar_edit_text","class_":"android.widget.EditText","pointer":null,"content_desc":null,"enabled":true,"visible":true,"checked":false,"selected":false,"editable":true,"clickable":true,"long_clickable":true,"scrollable_horizontal":false,"scrollable_vertical":false,"checkable":false,"text":"‎www.google.com","text_hint":null,"bounds":[216,89,944,196],"rel_bounds":[216,89,944,196],"children":[],"ancestors":[],"semantic_classes":["external link (email or website)","Input"],"uid":"2f95d09857e9aa1e8ee2803923bf5f18","is_password":false,"serialize_class":"AndroidViewTree","package_name":"com.sec.android.app.sbrowser","fingerprint":"","meta_info":null},"text":"Hello STEM","event_type":"set_text","_proba":0.002030909283808059,"tag":"2024-03-29_155335644681"},"str":"SetTextEvent(state=bd05696375f96d160c46000184ad936d,view=2f95d09857e9aa1e8ee2803923bf5f18)","tag":"2024-03-29_155335644681","device_time":"2024-03-29 15:53:39.340","epoch":"1711695219340","to_tag":"2024-03-29_155340647499","index":390,"image":"screenshots\\screen_2024-03-29_155335644681.jpg","to_image":"screenshots\\screen_2024-03-29_155340647499.jpg","crash":{},"anr":{},"dqa":{},"from":"bd05696375f96d160c46000184ad936d","to":"d28f7f345cad5b20cc2a9f47df99b573","view_img":"views\\view_2f95d09857e9aa1e8ee2803923bf5f18_2024-03-29_155335644681.jpg"}