{"event":{"view":{"activity_name":"com.sec.android.app.sbrowser/.SBrowserMainActivity","resource_id":"com.sec.android.app.sbrowser:id/tab_list_item_close_btn","class_":"android.widget.ImageView","pointer":null,"content_desc":"Close Google tab","enabled":true,"visible":true,"checked":false,"selected":false,"editable":false,"clickable":true,"long_clickable":false,"scrollable_horizontal":false,"scrollable_vertical":false,"checkable":false,"text":null,"text_hint":null,"bounds":[928,356,1052,480],"rel_bounds":[928,356,1052,480],"children":[],"ancestors":[],"semantic_classes":["Image"],"uid":"24d11e2bdbabecd1a9884083e2ee9b29","is_password":false,"serialize_class":"AndroidViewTree","package_name":"com.sec.android.app.sbrowser","fingerprint":"","meta_info":null},"event_type":"touch","_proba":0.020588152408028252,"tag":"2024-03-29_153442317238"},"str":"TouchEvent(state=620368a3151c00b7f9bdaf826d360d8f,view=24d11e2bdbabecd1a9884083e2ee9b29)","tag":"2024-03-29_153442317238","device_time":"2024-03-29 15:34:45.385","epoch":"1711694085385","to_tag":"2024-03-29_153446690747","index":127,"image":"screenshots\\screen_2024-03-29_153442317238.jpg","to_image":"screenshots\\screen_2024-03-29_153446690747.jpg","crash":{},"anr":{},"dqa":{},"from":"620368a3151c00b7f9bdaf826d360d8f","to":"620368a3151c00b7f9bdaf826d360d8f","view_img":"views\\view_24d11e2bdbabecd1a9884083e2ee9b29_2024-03-29_153442317238.jpg"}