{"event":{"intent":"am start com.sec.android.app.sbrowser/.SBrowserMainActivity","tag":"2024-03-29_152706993932","event_type":"intent"},"str":"IntentEvent(state=002424a97f278df6dbb9bb6ebc28b4aa,intent='am start com.sec.android.app.sbrowser/.SBrowserMainActivity')","tag":"2024-03-29_152706993932","device_time":"2024-03-29 15:27:10.985","epoch":"1711693630985","to_tag":"2024-03-29_152712309063","index":30,"image":"screenshots\\screen_2024-03-29_152706993932.jpg","to_image":"screenshots\\screen_2024-03-29_152712309063.jpg","crash":{},"anr":{},"dqa":{},"from":"002424a97f278df6dbb9bb6ebc28b4aa","to":"9c9f67805a85e4b7ff10d7aae5533d3e"}