{"event":{"name":"HOME","tag":"2024-03-29_152513352365","event_type":"key"},"str":"KeyEvent(state=54bd3dc8f2de36ff966dafcc5e02ca67,name=HOME)","tag":"2024-03-29_152513352365","device_time":"2024-03-29 15:25:16.531","epoch":"1711693516531","to_tag":"2024-03-29_152517876394","index":2,"image":"screenshots\\screen_2024-03-29_152513352365.jpg","to_image":"screenshots\\screen_2024-03-29_152517876394.jpg","crash":{},"anr":{},"dqa":{},"from":"54bd3dc8f2de36ff966dafcc5e02ca67","to":"002424a97f278df6dbb9bb6ebc28b4aa"}