{"event":{"view":{"activity_name":"com.sec.android.app.sbrowser/.SBrowserMainActivity","resource_id":"com.sec.android.app.sbrowser:id/tab_manager_back_button","class_":"android.widget.ImageButton","pointer":null,"content_desc":"Navigate up","enabled":true,"visible":true,"checked":false,"selected":false,"editable":false,"clickable":true,"long_clickable":false,"scrollable_horizontal":false,"scrollable_vertical":false,"checkable":false,"text":null,"text_hint":null,"bounds":[23,142,158,277],"rel_bounds":[23,142,158,277],"children":[],"ancestors":[],"semantic_classes":["Button (including text and image)"],"uid":"c15ec146ab01801ab4383e1b3a1922f5","is_password":false,"serialize_class":"AndroidViewTree","package_name":"com.sec.android.app.sbrowser","fingerprint":"","meta_info":null},"event_type":"touch","_proba":0.4187106690988267,"tag":"2024-03-29_155331819437"},"str":"TouchEvent(state=411e53e8af3c066211c8eac198edb438,view=c15ec146ab01801ab4383e1b3a1922f5)","tag":"2024-03-29_155331819437","device_time":"2024-03-29 15:53:34.340","epoch":"1711695214340","to_tag":"2024-03-29_155335644681","index":389,"image":"screenshots\\screen_2024-03-29_155331819437.jpg","to_image":"screenshots\\screen_2024-03-29_155335644681.jpg","crash":{},"anr":{},"dqa":{},"from":"411e53e8af3c066211c8eac198edb438","to":"bd05696375f96d160c46000184ad936d","view_img":"views\\view_c15ec146ab01801ab4383e1b3a1922f5_2024-03-29_155331819437.jpg"}