{"event":{"view":{"activity_name":"com.sec.android.app.sbrowser/.SBrowserMainActivity","resource_id":"com.sec.android.app.sbrowser:id/bookmark_star_icon","class_":"android.widget.ImageButton","pointer":null,"content_desc":"Add to Bookmarks","enabled":true,"visible":true,"checked":false,"selected":false,"editable":false,"clickable":true,"long_clickable":false,"scrollable_horizontal":false,"scrollable_vertical":false,"checkable":false,"text":null,"text_hint":null,"bounds":[57,89,125,196],"rel_bounds":[57,89,125,196],"children":[],"ancestors":[],"semantic_classes":["Button (including text and image)"],"uid":"55e82f269731601b75f8abb885973260","is_password":false,"serialize_class":"AndroidViewTree","package_name":"com.sec.android.app.sbrowser","fingerprint":"","meta_info":null},"event_type":"touch","_proba":0.2267808828506032,"tag":"2024-03-29_152531707553"},"str":"TouchEvent(state=9c9f67805a85e4b7ff10d7aae5533d3e,view=55e82f269731601b75f8abb885973260)","tag":"2024-03-29_152531707553","device_time":"2024-03-29 15:25:34.199","epoch":"1711693534199","to_tag":"2024-03-29_152535478743","index":6,"image":"screenshots\\screen_2024-03-29_152531707553.jpg","to_image":"screenshots\\screen_2024-03-29_152535478743.jpg","crash":{},"anr":{},"dqa":{},"from":"9c9f67805a85e4b7ff10d7aae5533d3e","to":"51451e1d53fa5d1f090129b5ba6b6ebc","view_img":"views\\view_55e82f269731601b75f8abb885973260_2024-03-29_152531707553.jpg"}