{"event":{"view":{"activity_name":"com.sec.android.app.sbrowser/.SBrowserMainActivity","resource_id":"com.sec.android.app.sbrowser:id/toolbar_reload","class_":"android.widget.ImageButton","pointer":null,"content_desc":"Refresh","enabled":true,"visible":true,"checked":false,"selected":false,"editable":false,"clickable":true,"long_clickable":false,"scrollable_horizontal":false,"scrollable_vertical":false,"checkable":false,"text":null,"text_hint":null,"bounds":[955,89,1023,196],"rel_bounds":[955,89,1023,196],"children":[],"ancestors":[],"semantic_classes":["Button (including text and image)"],"uid":"e16e2a86e3468c42d7cff5830616074a","is_password":false,"serialize_class":"AndroidViewTree","package_name":"com.sec.android.app.sbrowser","fingerprint":"","meta_info":null},"event_type":"touch","_proba":0.0721825853572105,"tag":"2024-03-29_153838372423"},"str":"TouchEvent(state=bd05696375f96d160c46000184ad936d,view=e16e2a86e3468c42d7cff5830616074a)","tag":"2024-03-29_153838372423","device_time":"2024-03-29 15:38:40.779","epoch":"1711694320779","to_tag":"2024-03-29_153842075167","index":189,"image":"screenshots\\screen_2024-03-29_153838372423.jpg","to_image":"screenshots\\screen_2024-03-29_153842075167.jpg","crash":{},"anr":{},"dqa":{},"from":"bd05696375f96d160c46000184ad936d","to":"bd05696375f96d160c46000184ad936d","view_img":"views\\view_e16e2a86e3468c42d7cff5830616074a_2024-03-29_153838372423.jpg"}