{"event":{"view":{"activity_name":"com.sec.android.app.sbrowser/.SBrowserMainActivity","resource_id":"com.sec.android.app.sbrowser:id/action_tabs","class_":"android.widget.Button","pointer":null,"content_desc":"Tabs","enabled":true,"visible":true,"checked":false,"selected":false,"editable":false,"clickable":true,"long_clickable":true,"scrollable_horizontal":false,"scrollable_vertical":false,"checkable":false,"text":null,"text_hint":null,"bounds":[770,2046,925,2181],"rel_bounds":[770,2046,925,2181],"children":[{"activity_name":"com.sec.android.app.sbrowser/.SBrowserMainActivity","resource_id":"com.sec.android.app.sbrowser:id/tabs_icon","class_":"android.widget.TextView","pointer":null,"content_desc":null,"enabled":true,"visible":true,"checked":false,"selected":false,"editable":false,"clickable":false,"long_clickable":false,"scrollable_horizontal":false,"scrollable_vertical":false,"checkable":false,"text":"12","text_hint":null,"bounds":[813,2079,881,2147],"rel_bounds":[813,2079,881,2147],"children":[],"ancestors":[],"semantic_classes":["Button (including text and image)"],"uid":"f78035b89a46d89b40486c96e4a846ca","is_password":false,"serialize_class":"AndroidViewTree","package_name":"com.sec.android.app.sbrowser","fingerprint":"","meta_info":null}],"ancestors":[],"semantic_classes":["Button (including text and image)"],"uid":"13a0b6e9b0c2a8933c1df0e8a07fabdb","is_password":false,"serialize_class":"AndroidViewTree","package_name":"com.sec.android.app.sbrowser","fingerprint":"","meta_info":null},"event_type":"touch","_proba":0.11275669549182168,"tag":"2024-03-29_154614803208"},"str":"TouchEvent(state=9c9f67805a85e4b7ff10d7aae5533d3e,view=13a0b6e9b0c2a8933c1df0e8a07fabdb)","tag":"2024-03-29_154614803208","device_time":"2024-03-29 15:46:17.342","epoch":"1711694777342","to_tag":"2024-03-29_154618664067","index":281,"image":"screenshots\\screen_2024-03-29_154614803208.jpg","to_image":"screenshots\\screen_2024-03-29_154618664067.jpg","crash":{},"anr":{},"dqa":{},"from":"9c9f67805a85e4b7ff10d7aae5533d3e","to":"620368a3151c00b7f9bdaf826d360d8f","view_img":"views\\view_13a0b6e9b0c2a8933c1df0e8a07fabdb_2024-03-29_154614803208.jpg"}