{"event":{"view":{"activity_name":"com.sec.android.app.sbrowser/.SBrowserMainActivity","resource_id":"com.sec.android.app.sbrowser:id/tab_manager_search_back_button","class_":"android.widget.ImageButton","pointer":null,"content_desc":"Navigate up","enabled":true,"visible":true,"checked":false,"selected":false,"editable":false,"clickable":true,"long_clickable":false,"scrollable_horizontal":false,"scrollable_vertical":false,"checkable":false,"text":null,"text_hint":null,"bounds":[23,142,158,277],"rel_bounds":[23,142,158,277],"children":[],"ancestors":[],"semantic_classes":["Button (including text and image)"],"uid":"eac9633d646731662eb837eb8590cfe1","is_password":false,"serialize_class":"AndroidViewTree","package_name":"com.sec.android.app.sbrowser","fingerprint":"","meta_info":null},"event_type":"touch","_proba":0.47689226262257944,"tag":"2024-03-29_153925991493"},"str":"TouchEvent(state=999758bc4380ade29f3353b9fdb88868,view=eac9633d646731662eb837eb8590cfe1)","tag":"2024-03-29_153925991493","device_time":"2024-03-29 15:39:28.424","epoch":"1711694368424","to_tag":"2024-03-29_153929709017","index":201,"image":"screenshots\\screen_2024-03-29_153925991493.jpg","to_image":"screenshots\\screen_2024-03-29_153929709017.jpg","crash":{},"anr":{},"dqa":{},"from":"999758bc4380ade29f3353b9fdb88868","to":"6946f2d23139f05764e4bcd640106f0d","view_img":"views\\view_eac9633d646731662eb837eb8590cfe1_2024-03-29_153925991493.jpg"}