{"event":{"view":{"activity_name":"com.sec.android.app.sbrowser/.SBrowserMainActivity","resource_id":"com.sec.android.app.sbrowser:id/action_browsing_assist","class_":"android.widget.Button","pointer":null,"content_desc":"Browsing assist","enabled":true,"visible":true,"checked":false,"selected":false,"editable":false,"clickable":true,"long_clickable":true,"scrollable_horizontal":false,"scrollable_vertical":false,"checkable":false,"text":null,"text_hint":null,"bounds":[462,2046,616,2181],"rel_bounds":[462,2046,616,2181],"children":[{"activity_name":"com.sec.android.app.sbrowser/.SBrowserMainActivity","resource_id":"com.sec.android.app.sbrowser:id/bottombar_browsing_assist","class_":"android.widget.ImageView","pointer":null,"content_desc":null,"enabled":true,"visible":true,"checked":false,"selected":false,"editable":false,"clickable":false,"long_clickable":false,"scrollable_horizontal":false,"scrollable_vertical":false,"checkable":false,"text":null,"text_hint":null,"bounds":[505,2079,573,2147],"rel_bounds":[505,2079,573,2147],"children":[],"ancestors":[],"semantic_classes":["Image"],"uid":"95a3d0acd1b59b2987e3da883cfd67b4","is_password":false,"serialize_class":"AndroidViewTree","package_name":"com.sec.android.app.sbrowser","fingerprint":"","meta_info":null}],"ancestors":[],"semantic_classes":["Button (including text and image)"],"uid":"00b27cb573868e6f48fff4e2845c7246","is_password":false,"serialize_class":"AndroidViewTree","package_name":"com.sec.android.app.sbrowser","fingerprint":"","meta_info":null},"event_type":"touch","_proba":0.03845137243708642,"tag":"2024-03-29_160108736641"},"str":"TouchEvent(state=647b46943a58e775d204af32a895a6ef,view=00b27cb573868e6f48fff4e2845c7246)","tag":"2024-03-29_160108736641","device_time":"2024-03-29 16:01:11.569","epoch":"1711695671569","to_tag":"2024-03-29_160112901320","index":472,"image":"screenshots\\screen_2024-03-29_160108736641.jpg","to_image":"screenshots\\screen_2024-03-29_160112901320.jpg","crash":{},"anr":{},"dqa":{},"from":"647b46943a58e775d204af32a895a6ef","to":"2560a1907cdd14fdc6e7593447ccd7a3","view_img":"views\\view_00b27cb573868e6f48fff4e2845c7246_2024-03-29_160108736641.jpg"}