{"event":{"view":{"activity_name":"com.sec.android.app.sbrowser/.tab_sync.TabSyncActivity","resource_id":"com.sec.android.app.sbrowser:id/tab_sync_back_button","class_":"android.widget.ImageButton","pointer":null,"content_desc":"Navigate up","enabled":true,"visible":true,"checked":false,"selected":false,"editable":false,"clickable":true,"long_clickable":true,"scrollable_horizontal":false,"scrollable_vertical":false,"checkable":false,"text":null,"text_hint":null,"bounds":[23,142,158,277],"rel_bounds":[23,142,158,277],"children":[],"ancestors":[],"semantic_classes":["Button (including text and image)"],"uid":"171417fcc5d62475553e100e34fd53f5","is_password":false,"serialize_class":"AndroidViewTree","package_name":"com.sec.android.app.sbrowser","fingerprint":"","meta_info":null},"event_type":"touch","_proba":0.6288700247886073,"tag":"2024-03-29_153454306045"},"str":"TouchEvent(state=ad924b6e7a43fb600df2de25737deef1,view=171417fcc5d62475553e100e34fd53f5)","tag":"2024-03-29_153454306045","device_time":"2024-03-29 15:34:56.815","epoch":"1711694096815","to_tag":"2024-03-29_153458121227","index":130,"image":"screenshots\\screen_2024-03-29_153454306045.jpg","to_image":"screenshots\\screen_2024-03-29_153458121227.jpg","crash":{},"anr":{},"dqa":{},"from":"ad924b6e7a43fb600df2de25737deef1","to":"83038696accb5feb536988cb07a705d9","view_img":"views\\view_171417fcc5d62475553e100e34fd53f5_2024-03-29_153454306045.jpg"}