{"event":{"view":{"activity_name":"com.sec.android.app.sbrowser/.sites.SitesActivity","resource_id":"com.sec.android.app.sbrowser:id/bottom_bar_delete","class_":"android.widget.Button","pointer":null,"content_desc":"Delete all","enabled":true,"visible":true,"checked":false,"selected":false,"editable":false,"clickable":true,"long_clickable":false,"scrollable_horizontal":false,"scrollable_vertical":false,"checkable":false,"text":null,"text_hint":null,"bounds":[748,2012,1052,2181],"rel_bounds":[748,2012,1052,2181],"children":[{"activity_name":"com.sec.android.app.sbrowser/.sites.SitesActivity","resource_id":"com.sec.android.app.sbrowser:id/delete_icon","class_":"android.widget.ImageView","pointer":null,"content_desc":null,"enabled":true,"visible":true,"checked":false,"selected":false,"editable":false,"clickable":false,"long_clickable":false,"scrollable_horizontal":false,"scrollable_vertical":false,"checkable":false,"text":null,"text_hint":null,"bounds":[866,2037,934,2105],"rel_bounds":[866,2037,934,2105],"children":[],"ancestors":[],"semantic_classes":["Image"],"uid":"aa619ab6c9b98a3686f7f910eee2fb34","is_password":false,"serialize_class":"AndroidViewTree","package_name":"com.sec.android.app.sbrowser","fingerprint":"","meta_info":null},{"activity_name":"com.sec.android.app.sbrowser/.sites.SitesActivity","resource_id":"com.sec.android.app.sbrowser:id/delete_text","class_":"android.widget.TextView","pointer":null,"content_desc":null,"enabled":true,"visible":true,"checked":false,"selected":false,"editable":false,"clickable":false,"long_clickable":false,"scrollable_horizontal":false,"scrollable_vertical":false,"checkable":false,"text":"Delete all","text_hint":null,"bounds":[828,2108,971,2155],"rel_bounds":[828,2108,971,2155],"children":[],"ancestors":[],"semantic_classes":["collection manipulation (add, delete, etc.)","Button (including text and image)"],"uid":"f7993380f78c7e79501b31ae4108cfb1","is_password":false,"serialize_class":"AndroidViewTree","package_name":"com.sec.android.app.sbrowser","fingerprint":"","meta_info":null}],"ancestors":[],"semantic_classes":["Button (including text and image)"],"uid":"0646e7c2e0ffb329bfaf46fd7280961e","is_password":false,"serialize_class":"AndroidViewTree","package_name":"com.sec.android.app.sbrowser","fingerprint":"","meta_info":null},"event_type":"touch","_proba":0.18588218518881452,"tag":"2024-03-29_155659372658"},"str":"TouchEvent(state=bcda98a7c3035b6dff8033161dafd695,view=0646e7c2e0ffb329bfaf46fd7280961e)","tag":"2024-03-29_155659372658","device_time":"2024-03-29 15:57:01.800","epoch":"1711695421800","to_tag":"2024-03-29_155703095828","index":433,"image":"screenshots\\screen_2024-03-29_155659372658.jpg","to_image":"screenshots\\screen_2024-03-29_155703095828.jpg","crash":{},"anr":{},"dqa":{},"from":"bcda98a7c3035b6dff8033161dafd695","to":"c0f5829bb36dceccafa30f07506b21a2","view_img":"views\\view_0646e7c2e0ffb329bfaf46fd7280961e_2024-03-29_155659372658.jpg"}