{"event":{"view":{"activity_name":"com.sec.android.app.sbrowser/.SBrowserMainActivity","resource_id":"com.sec.android.app.sbrowser:id/location_bar_edit_text","class_":"android.widget.EditText","pointer":null,"content_desc":null,"enabled":true,"visible":true,"checked":false,"selected":false,"editable":true,"clickable":true,"long_clickable":true,"scrollable_horizontal":false,"scrollable_vertical":false,"checkable":false,"text":"https://www.google.com/","text_hint":null,"bounds":[220,89,826,196],"rel_bounds":[220,89,826,196],"children":[],"ancestors":[],"semantic_classes":["external link (email or website)","Input"],"uid":"5e2a91a9e3c4639e4d850c409cd19b58","is_password":false,"serialize_class":"AndroidViewTree","package_name":"com.sec.android.app.sbrowser","fingerprint":"","meta_info":null},"event_type":"touch","_proba":0.051559149951942815,"tag":"2024-03-29_153941455906"},"str":"TouchEvent(state=d0e9268b28210b32fd4fa61942e2cad6,view=5e2a91a9e3c4639e4d850c409cd19b58)","tag":"2024-03-29_153941455906","device_time":"2024-03-29 15:39:43.867","epoch":"1711694383867","to_tag":"2024-03-29_153945167092","index":205,"image":"screenshots\\screen_2024-03-29_153941455906.jpg","to_image":"screenshots\\screen_2024-03-29_153945167092.jpg","crash":{},"anr":{},"dqa":{},"from":"d0e9268b28210b32fd4fa61942e2cad6","to":"d0e9268b28210b32fd4fa61942e2cad6","view_img":"views\\view_5e2a91a9e3c4639e4d850c409cd19b58_2024-03-29_153941455906.jpg"}