{"event":{"view":{"activity_name":"com.sec.android.app.sbrowser/.SBrowserMainActivity","resource_id":"com.sec.android.app.sbrowser:id/action_bookmarks","class_":"android.widget.ImageButton","pointer":null,"content_desc":"Bookmarks","enabled":true,"visible":true,"checked":false,"selected":false,"editable":false,"clickable":true,"long_clickable":true,"scrollable_horizontal":false,"scrollable_vertical":false,"checkable":false,"text":null,"text_hint":null,"bounds":[616,2046,770,2181],"rel_bounds":[616,2046,770,2181],"children":[],"ancestors":[],"semantic_classes":["Button (including text and image)"],"uid":"619cf02349624a12144566da6e306dbd","is_password":false,"serialize_class":"AndroidViewTree","package_name":"com.sec.android.app.sbrowser","fingerprint":"","meta_info":null},"duration":2000,"event_type":"long_touch","_proba":0.00010407198776839728,"tag":"2024-03-29_153235701411"},"str":"LongTouchEvent(state=9c9f67805a85e4b7ff10d7aae5533d3e,view=619cf02349624a12144566da6e306dbd,duration=2000)","tag":"2024-03-29_153235701411","device_time":"2024-03-29 15:32:43.145","epoch":"1711693963145","to_tag":"2024-03-29_153244458185","index":107,"image":null,"to_image":null,"crash":{},"anr":{},"dqa":{},"from":"9c9f67805a85e4b7ff10d7aae5533d3e","to":"6a0553c0a3cc138dc15983154e75eced","view_img":"views\\view_619cf02349624a12144566da6e306dbd_2024-03-29_153235701411.jpg"}