{"event":{"view":{"activity_name":"com.sec.android.app.sbrowser/.SBrowserMainActivity","resource_id":"com.sec.android.app.sbrowser:id/container","class_":"android.widget.Button","pointer":null,"content_desc":"Ad blockers","enabled":true,"visible":true,"checked":false,"selected":false,"editable":false,"clickable":true,"long_clickable":true,"scrollable_horizontal":false,"scrollable_vertical":false,"checkable":false,"text":null,"text_hint":null,"bounds":[563,1414,762,1633],"rel_bounds":[563,1414,762,1633],"children":[{"activity_name":"com.sec.android.app.sbrowser/.SBrowserMainActivity","resource_id":"com.sec.android.app.sbrowser:id/item_container","class_":"android.widget.RelativeLayout","pointer":null,"content_desc":null,"enabled":true,"visible":true,"checked":false,"selected":false,"editable":false,"clickable":false,"long_clickable":false,"scrollable_horizontal":false,"scrollable_vertical":false,"checkable":false,"text":null,"text_hint":null,"bounds":[563,1414,762,1633],"rel_bounds":[563,1414,762,1633],"children":[{"activity_name":"com.sec.android.app.sbrowser/.SBrowserMainActivity","resource_id":"com.sec.android.app.sbrowser:id/top_container","class_":"android.widget.RelativeLayout","pointer":null,"content_desc":null,"enabled":true,"visible":true,"checked":false,"selected":false,"editable":false,"clickable":false,"long_clickable":false,"scrollable_horizontal":false,"scrollable_vertical":false,"checkable":false,"text":null,"text_hint":null,"bounds":[563,1414,762,1521],"rel_bounds":[563,1414,762,1521],"children":[{"activity_name":"com.sec.android.app.sbrowser/.SBrowserMainActivity","resource_id":null,"class_":"android.widget.LinearLayout","pointer":null,"content_desc":null,"enabled":true,"visible":false,"checked":false,"selected":false,"editable":false,"clickable":false,"long_clickable":false,"scrollable_horizontal":false,"scrollable_vertical":false,"checkable":false,"text":null,"text_hint":null,"bounds":[704,1434,704,1434],"rel_bounds":[704,1434,704,1434],"children":[],"ancestors":[],"semantic_classes":["Layout"],"uid":"7316f21f54a0da8a467413ec7f909df3","is_password":false,"serialize_class":"AndroidViewTree","package_name":"com.sec.android.app.sbrowser","fingerprint":"","meta_info":null},{"activity_name":"com.sec.android.app.sbrowser/.SBrowserMainActivity","resource_id":"com.sec.android.app.sbrowser:id/icon_container","class_":"android.widget.LinearLayout","pointer":null,"content_desc":null,"enabled":true,"visible":true,"checked":false,"selected":false,"editable":false,"clickable":false,"long_clickable":false,"scrollable_horizontal":false,"scrollable_vertical":false,"checkable":false,"text":null,"text_hint":null,"bounds":[628,1442,696,1510],"rel_bounds":[628,1442,696,1510],"children":[{"activity_name":"com.sec.android.app.sbrowser/.SBrowserMainActivity","resource_id":"com.sec.android.app.sbrowser:id/icon","class_":"android.widget.ImageView","pointer":null,"content_desc":null,"enabled":true,"visible":true,"checked":false,"selected":false,"editable":false,"clickable":false,"long_clickable":false,"scrollable_horizontal":false,"scrollable_vertical":false,"checkable":false,"text":null,"text_hint":null,"bounds":[628,1442,696,1510],"rel_bounds":[628,1442,696,1510],"children":[],"ancestors":[],"semantic_classes":["Image"],"uid":"898b8b472abbee86ac24e476b399af64","is_password":false,"serialize_class":"AndroidViewTree","package_name":"com.sec.android.app.sbrowser","fingerprint":"","meta_info":null}],"ancestors":[],"semantic_classes":["Layout"],"uid":"d5d13b8b3050cd98bb99b03fda2c89c9","is_password":false,"serialize_class":"AndroidViewTree","package_name":"com.sec.android.app.sbrowser","fingerprint":"","meta_info":null}],"ancestors":[],"semantic_classes":["Layout"],"uid":"eafa56f85a0190b08319fd87414dd34f","is_password":false,"serialize_class":"AndroidViewTree","package_name":"com.sec.android.app.sbrowser","fingerprint":"","meta_info":null},{"activity_name":"com.sec.android.app.sbrowser/.SBrowserMainActivity","resource_id":"com.sec.android.app.sbrowser:id/text","class_":"android.widget.TextView","pointer":null,"content_desc":null,"enabled":true,"visible":true,"checked":false,"selected":false,"editable":false,"clickable":false,"long_clickable":false,"scrollable_horizontal":false,"scrollable_vertical":false,"checkable":false,"text":"Ad blockers","text_hint":null,"bounds":[573,1521,751,1568],"rel_bounds":[573,1521,751,1568],"children":[],"ancestors":[],"semantic_classes":["Button (including text and image)"],"uid":"e3cb9e8b41fe7763123bc68a22498ca5","is_password":false,"serialize_class":"AndroidViewTree","package_name":"com.sec.android.app.sbrowser","fingerprint":"","meta_info":null}],"ancestors":[],"semantic_classes":["Layout"],"uid":"d2263df8ebaa13d27fd61f87ee42dba5","is_password":false,"serialize_class":"AndroidViewTree","package_name":"com.sec.android.app.sbrowser","fingerprint":"","meta_info":null}],"ancestors":[],"semantic_classes":["Button (including text and image)"],"uid":"d4624d5f538b057eeb64ad7feea356c6","is_password":false,"serialize_class":"AndroidViewTree","package_name":"com.sec.android.app.sbrowser","fingerprint":"","meta_info":null},"event_type":"touch","_proba":0.12269079208758486,"tag":"2024-03-29_153551437621"},"str":"TouchEvent(state=13201b787fe086ccd269a5e365555e6f,view=d4624d5f538b057eeb64ad7feea356c6)","tag":"2024-03-29_153551437621","device_time":"2024-03-29 15:35:53.860","epoch":"1711694153860","to_tag":"2024-03-29_153555174637","index":145,"image":"screenshots\\screen_2024-03-29_153551437621.jpg","to_image":"screenshots\\screen_2024-03-29_153555174637.jpg","crash":{},"anr":{},"dqa":{},"from":"13201b787fe086ccd269a5e365555e6f","to":"008ffe008a1af4d57866e47df891ffab","view_img":"views\\view_d4624d5f538b057eeb64ad7feea356c6_2024-03-29_153551437621.jpg"}