{"event":{"view":{"activity_name":"com.sec.android.app.sbrowser/.sites.bookmark.view.select_bookmark_folder.SelectBookmarkFolderActivity","resource_id":null,"class_":"android.widget.LinearLayout","pointer":null,"content_desc":"Folder 5, Folder","enabled":true,"visible":true,"checked":false,"selected":false,"editable":false,"clickable":true,"long_clickable":true,"scrollable_horizontal":false,"scrollable_vertical":false,"checkable":false,"text":null,"text_hint":null,"bounds":[0,1260,1080,1420],"rel_bounds":[0,1260,1080,1420],"children":[{"activity_name":"com.sec.android.app.sbrowser/.sites.bookmark.view.select_bookmark_folder.SelectBookmarkFolderActivity","resource_id":"com.sec.android.app.sbrowser:id/title_view_parent","class_":"android.widget.LinearLayout","pointer":null,"content_desc":null,"enabled":true,"visible":true,"checked":false,"selected":false,"editable":false,"clickable":false,"long_clickable":false,"scrollable_horizontal":false,"scrollable_vertical":false,"checkable":false,"text":null,"text_hint":null,"bounds":[34,1260,1012,1418],"rel_bounds":[34,1260,1012,1418],"children":[{"activity_name":"com.sec.android.app.sbrowser/.sites.bookmark.view.select_bookmark_folder.SelectBookmarkFolderActivity","resource_id":"com.sec.android.app.sbrowser:id/dummy_view","class_":"android.view.View","pointer":null,"content_desc":null,"enabled":true,"visible":false,"checked":false,"selected":false,"editable":false,"clickable":false,"long_clickable":false,"scrollable_horizontal":false,"scrollable_vertical":false,"checkable":false,"text":null,"text_hint":null,"bounds":[87,1260,87,1260],"rel_bounds":[87,1260,87,1260],"children":[],"ancestors":[],"semantic_classes":["Base View Android API class (android.view.View)"],"uid":"4fa2113c6180069ec27e12eb6be727bf","is_password":false,"serialize_class":"AndroidViewTree","package_name":"com.sec.android.app.sbrowser","fingerprint":"","meta_info":null},{"activity_name":"com.sec.android.app.sbrowser/.sites.bookmark.view.select_bookmark_folder.SelectBookmarkFolderActivity","resource_id":"com.sec.android.app.sbrowser:id/title_view","class_":"android.widget.LinearLayout","pointer":null,"content_desc":null,"enabled":true,"visible":true,"checked":false,"selected":false,"editable":false,"clickable":false,"long_clickable":false,"scrollable_horizontal":false,"scrollable_vertical":false,"checkable":false,"text":null,"text_hint":null,"bounds":[87,1260,1012,1418],"rel_bounds":[87,1260,1012,1418],"children":[{"activity_name":"com.sec.android.app.sbrowser/.sites.bookmark.view.select_bookmark_folder.SelectBookmarkFolderActivity","resource_id":"com.sec.android.app.sbrowser:id/folder_icon","class_":"android.widget.ImageView","pointer":null,"content_desc":null,"enabled":true,"visible":true,"checked":false,"selected":false,"editable":false,"clickable":false,"long_clickable":false,"scrollable_horizontal":false,"scrollable_vertical":false,"checkable":false,"text":null,"text_hint":null,"bounds":[110,1305,234,1373],"rel_bounds":[110,1305,234,1373],"children":[],"ancestors":[],"semantic_classes":["Image"],"uid":"d24ffd122bfc48cd34bf99ca5bdcd9dd","is_password":false,"serialize_class":"AndroidViewTree","package_name":"com.sec.android.app.sbrowser","fingerprint":"","meta_info":null},{"activity_name":"com.sec.android.app.sbrowser/.sites.bookmark.view.select_bookmark_folder.SelectBookmarkFolderActivity","resource_id":"com.sec.android.app.sbrowser:id/bookmark_folder_title","class_":"android.widget.TextView","pointer":null,"content_desc":null,"enabled":true,"visible":true,"checked":false,"selected":false,"editable":false,"clickable":false,"long_clickable":false,"scrollable_horizontal":false,"scrollable_vertical":false,"checkable":false,"text":"Folder 5","text_hint":null,"bounds":[279,1260,916,1418],"rel_bounds":[279,1260,916,1418],"children":[],"ancestors":[],"semantic_classes":["Button (including text and image)"],"uid":"2cd479cad213c9fd538b653c759a432f","is_password":false,"serialize_class":"AndroidViewTree","package_name":"com.sec.android.app.sbrowser","fingerprint":"","meta_info":null},{"activity_name":"com.sec.android.app.sbrowser/.sites.bookmark.view.select_bookmark_folder.SelectBookmarkFolderActivity","resource_id":"com.sec.android.app.sbrowser:id/count","class_":"android.widget.TextView","pointer":null,"content_desc":null,"enabled":true,"visible":true,"checked":false,"selected":false,"editable":false,"clickable":false,"long_clickable":false,"scrollable_horizontal":false,"scrollable_vertical":false,"checkable":false,"text":"1","text_hint":null,"bounds":[916,1305,984,1373],"rel_bounds":[916,1305,984,1373],"children":[],"ancestors":[],"semantic_classes":["Button (including text and image)"],"uid":"4bb179d48076f8f5c425506c167f569f","is_password":false,"serialize_class":"AndroidViewTree","package_name":"com.sec.android.app.sbrowser","fingerprint":"","meta_info":null}],"ancestors":[],"semantic_classes":["Layout"],"uid":"37634ac9763c429df5b5c1e6d066a9c8","is_password":false,"serialize_class":"AndroidViewTree","package_name":"com.sec.android.app.sbrowser","fingerprint":"","meta_info":null}],"ancestors":[],"semantic_classes":["Layout"],"uid":"6fe9ee3efa6eb70170be48186c491860","is_password":false,"serialize_class":"AndroidViewTree","package_name":"com.sec.android.app.sbrowser","fingerprint":"","meta_info":null},{"activity_name":"com.sec.android.app.sbrowser/.sites.bookmark.view.select_bookmark_folder.SelectBookmarkFolderActivity","resource_id":"com.sec.android.app.sbrowser:id/bookmark_folder_line","class_":"android.view.View","pointer":null,"content_desc":null,"enabled":true,"visible":true,"checked":false,"selected":false,"editable":false,"clickable":false,"long_clickable":false,"scrollable_horizontal":false,"scrollable_vertical":false,"checkable":false,"text":null,"text_hint":null,"bounds":[56,1418,1012,1420],"rel_bounds":[56,1418,1012,1420],"children":[],"ancestors":[],"semantic_classes":["Base View Android API class (android.view.View)"],"uid":"3120801d134ece06243f6e177bfa1816","is_password":false,"serialize_class":"AndroidViewTree","package_name":"com.sec.android.app.sbrowser","fingerprint":"","meta_info":null}],"ancestors":[],"semantic_classes":["Layout"],"uid":"07fe2be6d3b600f9ba13f207cde18022","is_password":false,"serialize_class":"AndroidViewTree","package_name":"com.sec.android.app.sbrowser","fingerprint":"","meta_info":null},"event_type":"touch","_proba":0.19216725129964707,"tag":"2024-03-29_153800313056"},"str":"TouchEvent(state=de94a6a8a36c805dd5c929d857222ad4,view=07fe2be6d3b600f9ba13f207cde18022)","tag":"2024-03-29_153800313056","device_time":"2024-03-29 15:38:02.638","epoch":"1711694282638","to_tag":"2024-03-29_153803912446","index":179,"image":"screenshots\\screen_2024-03-29_153800313056.jpg","to_image":"screenshots\\screen_2024-03-29_153803912446.jpg","crash":{},"anr":{},"dqa":{},"from":"de94a6a8a36c805dd5c929d857222ad4","to":"ab1d74995d930a160fe5da9bc7f71fdf","view_img":"views\\view_07fe2be6d3b600f9ba13f207cde18022_2024-03-29_153800313056.jpg"}