{"event":{"view":{"activity_name":"com.sec.android.app.sbrowser/.SBrowserMainActivity","resource_id":"com.sec.android.app.sbrowser:id/security_button","class_":"android.widget.ImageButton","pointer":null,"content_desc":"Unsecure connection","enabled":true,"visible":true,"checked":false,"selected":false,"editable":false,"clickable":true,"long_clickable":false,"scrollable_horizontal":false,"scrollable_vertical":false,"checkable":false,"text":null,"text_hint":null,"bounds":[148,89,216,196],"rel_bounds":[148,89,216,196],"children":[],"ancestors":[],"semantic_classes":["Button (including text and image)"],"uid":"0bab5ad75875d1047f8c65e18819889a","is_password":false,"serialize_class":"AndroidViewTree","package_name":"com.sec.android.app.sbrowser","fingerprint":"","meta_info":null},"event_type":"touch","_proba":0.10818566811017545,"tag":"2024-03-29_153539726300"},"str":"TouchEvent(state=647b46943a58e775d204af32a895a6ef,view=0bab5ad75875d1047f8c65e18819889a)","tag":"2024-03-29_153539726300","device_time":"2024-03-29 15:35:42.714","epoch":"1711694142714","to_tag":"2024-03-29_153544043215","index":142,"image":"screenshots\\screen_2024-03-29_153539726300.jpg","to_image":"screenshots\\screen_2024-03-29_153544043215.jpg","crash":{},"anr":{},"dqa":{},"from":"647b46943a58e775d204af32a895a6ef","to":"ad3724d8bebab6139f62cd09a90de4de","view_img":"views\\view_0bab5ad75875d1047f8c65e18819889a_2024-03-29_153539726300.jpg"}