{"event":{"view":{"activity_name":"com.sec.android.app.sbrowser/.SBrowserMainActivity","resource_id":"com.sec.android.app.sbrowser:id/url_bar_container","class_":"android.widget.LinearLayout","pointer":null,"content_desc":null,"enabled":true,"visible":true,"checked":false,"selected":false,"editable":false,"clickable":true,"long_clickable":false,"scrollable_horizontal":false,"scrollable_vertical":false,"checkable":false,"text":null,"text_hint":null,"bounds":[148,89,944,196],"rel_bounds":[148,89,944,196],"children":[{"activity_name":"com.sec.android.app.sbrowser/.SBrowserMainActivity","resource_id":"com.sec.android.app.sbrowser:id/security_button","class_":"android.widget.ImageButton","pointer":null,"content_desc":"Unsecure connection","enabled":true,"visible":true,"checked":false,"selected":false,"editable":false,"clickable":true,"long_clickable":false,"scrollable_horizontal":false,"scrollable_vertical":false,"checkable":false,"text":null,"text_hint":null,"bounds":[148,89,216,196],"rel_bounds":[148,89,216,196],"children":[],"ancestors":[],"semantic_classes":["Button (including text and image)"],"uid":"0bab5ad75875d1047f8c65e18819889a","is_password":false,"serialize_class":"AndroidViewTree","package_name":"com.sec.android.app.sbrowser","fingerprint":"","meta_info":null},{"activity_name":"com.sec.android.app.sbrowser/.SBrowserMainActivity","resource_id":"com.sec.android.app.sbrowser:id/location_bar_edit_text","class_":"android.widget.EditText","pointer":null,"content_desc":null,"enabled":true,"visible":true,"checked":false,"selected":false,"editable":true,"clickable":true,"long_clickable":true,"scrollable_horizontal":false,"scrollable_vertical":false,"checkable":false,"text":"‎smart.myvzw.com","text_hint":null,"bounds":[216,89,944,196],"rel_bounds":[216,89,944,196],"children":[],"ancestors":[],"semantic_classes":["external link (email or website)","Input"],"uid":"a0325b82814e771a7e004ce62447fdb3","is_password":false,"serialize_class":"AndroidViewTree","package_name":"com.sec.android.app.sbrowser","fingerprint":"","meta_info":null}],"ancestors":[],"semantic_classes":["Layout"],"uid":"f59441b697722298cd4518e96b8bd16f","is_password":false,"serialize_class":"AndroidViewTree","package_name":"com.sec.android.app.sbrowser","fingerprint":"","meta_info":null},"event_type":"touch","_proba":0.015303766073257672,"tag":"2024-03-29_160151459590"},"str":"TouchEvent(state=647b46943a58e775d204af32a895a6ef,view=f59441b697722298cd4518e96b8bd16f)","tag":"2024-03-29_160151459590","device_time":"2024-03-29 16:01:53.945","epoch":"1711695713945","to_tag":"2024-03-29_160155270850","index":483,"image":"screenshots\\screen_2024-03-29_160151459590.jpg","to_image":"screenshots\\screen_2024-03-29_160155270850.jpg","crash":{},"anr":{},"dqa":{},"from":"647b46943a58e775d204af32a895a6ef","to":"80357600bd66a19fe535afdf160bea61","view_img":"views\\view_f59441b697722298cd4518e96b8bd16f_2024-03-29_160151459590.jpg"}