{"event":{"view":{"activity_name":"com.sec.android.app.sbrowser/.SBrowserMainActivity","resource_id":"com.sec.android.app.sbrowser:id/action_bookmarks","class_":"android.widget.ImageButton","pointer":null,"content_desc":"Bookmarks","enabled":true,"visible":true,"checked":false,"selected":false,"editable":false,"clickable":true,"long_clickable":true,"scrollable_horizontal":false,"scrollable_vertical":false,"checkable":false,"text":null,"text_hint":null,"bounds":[616,2046,770,2181],"rel_bounds":[616,2046,770,2181],"children":[],"ancestors":[],"semantic_classes":["Button (including text and image)"],"uid":"619cf02349624a12144566da6e306dbd","is_password":false,"serialize_class":"AndroidViewTree","package_name":"com.sec.android.app.sbrowser","fingerprint":"","meta_info":null},"event_type":"touch","_proba":0.2364532690603177,"tag":"2024-03-29_153223112698"},"str":"TouchEvent(state=f8991381600b26fff63a4f87a54db814,view=619cf02349624a12144566da6e306dbd)","tag":"2024-03-29_153223112698","device_time":"2024-03-29 15:32:30.584","epoch":"1711693950584","to_tag":"2024-03-29_153231909430","index":105,"image":null,"to_image":"screenshots\\screen_2024-03-29_153231909430.jpg","crash":{},"anr":{},"dqa":{},"from":"f8991381600b26fff63a4f87a54db814","to":"615352a9c7b85cf692798e8508682898","view_img":"views\\view_619cf02349624a12144566da6e306dbd_2024-03-29_153223112698.jpg"}