{"event":{"view":{"activity_name":"com.sec.android.app.sbrowser/.sites.SitesActivity","resource_id":null,"class_":"android.widget.LinearLayout","pointer":null,"content_desc":null,"enabled":true,"visible":true,"checked":false,"selected":false,"editable":false,"clickable":true,"long_clickable":false,"scrollable_horizontal":false,"scrollable_vertical":false,"checkable":false,"text":null,"text_hint":null,"bounds":[42,339,281,401],"rel_bounds":[42,339,281,401],"children":[{"activity_name":"com.sec.android.app.sbrowser/.sites.SitesActivity","resource_id":"com.sec.android.app.sbrowser:id/path_indicator_button","class_":"android.widget.TextView","pointer":null,"content_desc":"Bookmarks, Folder, Double tap to open folder.","enabled":true,"visible":true,"checked":false,"selected":false,"editable":false,"clickable":false,"long_clickable":false,"scrollable_horizontal":false,"scrollable_vertical":false,"checkable":false,"text":"Bookmarks","text_hint":null,"bounds":[42,339,281,401],"rel_bounds":[42,339,281,401],"children":[],"ancestors":[],"semantic_classes":["external interaction","Button (including text and image)"],"uid":"16d6227985232e8f7e792f6880699447","is_password":false,"serialize_class":"AndroidViewTree","package_name":"com.sec.android.app.sbrowser","fingerprint":"","meta_info":null}],"ancestors":[],"semantic_classes":["Layout"],"uid":"3956a0293ad18c8d4ad2229de8f1fb14","is_password":false,"serialize_class":"AndroidViewTree","package_name":"com.sec.android.app.sbrowser","fingerprint":"","meta_info":null},"event_type":"touch","_proba":0.05057423878134128,"tag":"2024-03-29_154959337878"},"str":"TouchEvent(state=fca496a0dfef517690c64a53b7336995,view=3956a0293ad18c8d4ad2229de8f1fb14)","tag":"2024-03-29_154959337878","device_time":"2024-03-29 15:50:01.820","epoch":"1711695001820","to_tag":"2024-03-29_155003127437","index":334,"image":"screenshots\\screen_2024-03-29_154959337878.jpg","to_image":"screenshots\\screen_2024-03-29_155003127437.jpg","crash":{},"anr":{},"dqa":{},"from":"fca496a0dfef517690c64a53b7336995","to":"d5d7dd131d6a0e25e2e49ba0c9d76f39","view_img":"views\\view_3956a0293ad18c8d4ad2229de8f1fb14_2024-03-29_154959337878.jpg"}