{"event":{"view":{"activity_name":"com.sec.android.app.sbrowser/.SBrowserMainActivity","resource_id":"android:id/button1","class_":"android.widget.Button","pointer":null,"content_desc":null,"enabled":true,"visible":true,"checked":false,"selected":false,"editable":false,"clickable":true,"long_clickable":false,"scrollable_horizontal":false,"scrollable_vertical":false,"checkable":false,"text":"OK","text_hint":null,"bounds":[585,1979,984,2080],"rel_bounds":[585,1979,984,2080],"children":[],"ancestors":[],"semantic_classes":["next-like button","Button (including text and image)"],"uid":"fe875a16fefe1ed55d491e1909380adc","is_password":false,"serialize_class":"AndroidViewTree","package_name":"com.sec.android.app.sbrowser","fingerprint":"","meta_info":null},"event_type":"touch","_proba":0.6088260841545511,"tag":"2024-03-29_152617682905"},"str":"TouchEvent(state=f15be60a21269bc3d922a400e57515e3,view=fe875a16fefe1ed55d491e1909380adc)","tag":"2024-03-29_152617682905","device_time":"2024-03-29 15:26:20.761","epoch":"1711693580761","to_tag":"2024-03-29_152622106016","index":18,"image":"screenshots\\screen_2024-03-29_152617682905.jpg","to_image":"screenshots\\screen_2024-03-29_152622106016.jpg","crash":{},"anr":{},"dqa":{},"from":"f15be60a21269bc3d922a400e57515e3","to":"9c9f67805a85e4b7ff10d7aae5533d3e","view_img":"views\\view_fe875a16fefe1ed55d491e1909380adc_2024-03-29_152617682905.jpg"}