{"event":{"view":{"activity_name":"com.sec.android.app.sbrowser/.SBrowserMainActivity","resource_id":"com.sec.android.app.sbrowser:id/bookmark_star_icon","class_":"android.widget.ImageButton","pointer":null,"content_desc":"Add to Bookmarks","enabled":true,"visible":true,"checked":false,"selected":false,"editable":false,"clickable":true,"long_clickable":false,"scrollable_horizontal":false,"scrollable_vertical":false,"checkable":false,"text":null,"text_hint":null,"bounds":[57,89,125,196],"rel_bounds":[57,89,125,196],"children":[],"ancestors":[],"semantic_classes":["Button (including text and image)"],"uid":"55e82f269731601b75f8abb885973260","is_password":false,"serialize_class":"AndroidViewTree","package_name":"com.sec.android.app.sbrowser","fingerprint":"","meta_info":null},"event_type":"touch","_proba":0.2535209100912359,"tag":"2024-03-29_154007830179"},"str":"TouchEvent(state=3455aedeba413bde6b49ca8e9d180dcb,view=55e82f269731601b75f8abb885973260)","tag":"2024-03-29_154007830179","device_time":"2024-03-29 15:40:10.363","epoch":"1711694410363","to_tag":"2024-03-29_154011675842","index":212,"image":"screenshots\\screen_2024-03-29_154007830179.jpg","to_image":null,"crash":{},"anr":{},"dqa":{},"from":"3455aedeba413bde6b49ca8e9d180dcb","to":"9c9f67805a85e4b7ff10d7aae5533d3e","view_img":"views\\view_55e82f269731601b75f8abb885973260_2024-03-29_154007830179.jpg"}