{"event":{"view":{"activity_name":"com.sec.android.app.sbrowser/.SBrowserMainActivity","resource_id":"com.sec.android.app.sbrowser:id/toolbar_delete_url","class_":"android.widget.ImageButton","pointer":null,"content_desc":"Clear","enabled":true,"visible":true,"checked":false,"selected":false,"editable":false,"clickable":true,"long_clickable":false,"scrollable_horizontal":false,"scrollable_vertical":false,"checkable":false,"text":null,"text_hint":null,"bounds":[927,89,995,196],"rel_bounds":[927,89,995,196],"children":[],"ancestors":[],"semantic_classes":["Button (including text and image)"],"uid":"193c7b569caba366c0fa258e248c8422","is_password":false,"serialize_class":"AndroidViewTree","package_name":"com.sec.android.app.sbrowser","fingerprint":"","meta_info":null},"event_type":"touch","_proba":0.09311256176620024,"tag":"2024-03-29_152900311461"},"str":"TouchEvent(state=d0e9268b28210b32fd4fa61942e2cad6,view=193c7b569caba366c0fa258e248c8422)","tag":"2024-03-29_152900311461","device_time":"2024-03-29 15:29:02.760","epoch":"1711693742760","to_tag":"2024-03-29_152904056844","index":58,"image":"screenshots\\screen_2024-03-29_152900311461.jpg","to_image":"screenshots\\screen_2024-03-29_152904056844.jpg","crash":{},"anr":{},"dqa":{},"from":"d0e9268b28210b32fd4fa61942e2cad6","to":"1f588b5c9165028ed8efc596dbe505c6","view_img":"views\\view_193c7b569caba366c0fa258e248c8422_2024-03-29_152900311461.jpg"}