{"event":{"view":{"activity_name":"com.sec.android.app.sbrowser/.settings.SettingsActivity","resource_id":"android:id/switch_widget","class_":"android.widget.Switch","pointer":null,"content_desc":"Sync with Samsung account","enabled":true,"visible":true,"checked":false,"selected":false,"editable":false,"clickable":true,"long_clickable":false,"scrollable_horizontal":false,"scrollable_vertical":false,"checkable":true,"text":null,"text_hint":null,"bounds":[890,300,1013,496],"rel_bounds":[890,300,1013,496],"children":[],"ancestors":[],"semantic_classes":["Switch (On-off or toggle button)"],"uid":"64efc25af2de853f8814932a50594faa","is_password":false,"serialize_class":"AndroidViewTree","package_name":"com.sec.android.app.sbrowser","fingerprint":"","meta_info":null},"event_type":"touch","_proba":0.11568412815491695,"tag":"2024-03-29_155851924527"},"str":"TouchEvent(state=575f3f904800a8ffee9e5ebaa40c19a7,view=64efc25af2de853f8814932a50594faa)","tag":"2024-03-29_155851924527","device_time":"2024-03-29 15:58:54.414","epoch":"1711695534414","to_tag":"2024-03-29_155855721232","index":452,"image":"screenshots\\screen_2024-03-29_155851924527.jpg","to_image":"screenshots\\screen_2024-03-29_155855721232.jpg","crash":{},"anr":{},"dqa":{},"from":"575f3f904800a8ffee9e5ebaa40c19a7","to":"5cdcb1a6dd0ae2b54d30e3f6991df328","view_img":"views\\view_64efc25af2de853f8814932a50594faa_2024-03-29_155851924527.jpg"}