{"event":{"view":{"activity_name":"com.sec.android.app.sbrowser/.sites.SitesActivity","resource_id":"com.sec.android.app.sbrowser:id/actionbar_select_all_checkbox","class_":"android.widget.CheckBox","pointer":null,"content_desc":"Nothing selected.","enabled":true,"visible":true,"checked":false,"selected":false,"editable":false,"clickable":true,"long_clickable":false,"scrollable_horizontal":false,"scrollable_vertical":false,"checkable":true,"text":null,"text_hint":null,"bounds":[45,156,135,246],"rel_bounds":[45,156,135,246],"children":[],"ancestors":[],"semantic_classes":["Container (including radio buttons and checkboxes"],"uid":"b17f290beb02105449cae818f3d743d9","is_password":false,"serialize_class":"AndroidViewTree","package_name":"com.sec.android.app.sbrowser","fingerprint":"","meta_info":null},"event_type":"touch","_proba":0.42451554871000546,"tag":"2024-03-29_155655654340"},"str":"TouchEvent(state=97564b55f4bc32caaffb798293f5b97b,view=b17f290beb02105449cae818f3d743d9)","tag":"2024-03-29_155655654340","device_time":"2024-03-29 15:56:58.065","epoch":"1711695418065","to_tag":"2024-03-29_155659372658","index":432,"image":"screenshots\\screen_2024-03-29_155655654340.jpg","to_image":"screenshots\\screen_2024-03-29_155659372658.jpg","crash":{},"anr":{},"dqa":{},"from":"97564b55f4bc32caaffb798293f5b97b","to":"bcda98a7c3035b6dff8033161dafd695","view_img":"views\\view_b17f290beb02105449cae818f3d743d9_2024-03-29_155655654340.jpg"}