{"event":{"view":{"activity_name":"com.sec.android.app.sbrowser/.SBrowserMainActivity","resource_id":"com.sec.android.app.sbrowser:id/bookmark_star_icon","class_":"android.widget.ImageButton","pointer":null,"content_desc":"Add to Bookmarks","enabled":true,"visible":true,"checked":false,"selected":false,"editable":false,"clickable":true,"long_clickable":false,"scrollable_horizontal":false,"scrollable_vertical":false,"checkable":false,"text":null,"text_hint":null,"bounds":[57,89,125,196],"rel_bounds":[57,89,125,196],"children":[],"ancestors":[],"semantic_classes":["Button (including text and image)"],"uid":"55e82f269731601b75f8abb885973260","is_password":false,"serialize_class":"AndroidViewTree","package_name":"com.sec.android.app.sbrowser","fingerprint":"","meta_info":null},"event_type":"touch","_proba":0.336508285776693,"tag":"2024-03-29_154943876028"},"str":"TouchEvent(state=010fc5847e452b204df60655b56433b9,view=55e82f269731601b75f8abb885973260)","tag":"2024-03-29_154943876028","device_time":"2024-03-29 15:49:46.576","epoch":"1711694986576","to_tag":"2024-03-29_154947871276","index":330,"image":"screenshots\\screen_2024-03-29_154943876028.jpg","to_image":"screenshots\\screen_2024-03-29_154947871276.jpg","crash":{},"anr":{},"dqa":{},"from":"010fc5847e452b204df60655b56433b9","to":"7422ac6845d689c1b6270d5cea15d59d","view_img":"views\\view_55e82f269731601b75f8abb885973260_2024-03-29_154943876028.jpg"}