{"event":{"view":{"activity_name":"com.sec.android.app.sbrowser/.sites.SitesActivity","resource_id":null,"class_":"android.widget.ImageView","pointer":null,"content_desc":"More options","enabled":true,"visible":true,"checked":false,"selected":false,"editable":false,"clickable":true,"long_clickable":true,"scrollable_horizontal":false,"scrollable_vertical":false,"checkable":false,"text":null,"text_hint":null,"bounds":[945,120,1080,300],"rel_bounds":[945,120,1080,300],"children":[],"ancestors":[],"semantic_classes":["Image"],"uid":"45fcba4b74409bbcef0e039ca8a44ad0","is_password":false,"serialize_class":"AndroidViewTree","package_name":"com.sec.android.app.sbrowser","fingerprint":"","meta_info":null},"event_type":"touch","_proba":0.12453156920437963,"tag":"2024-03-29_160206617158"},"str":"TouchEvent(state=1a6728f60aef3594e6482cd71eecc77d,view=45fcba4b74409bbcef0e039ca8a44ad0)","tag":"2024-03-29_160206617158","device_time":"2024-03-29 16:02:09.088","epoch":"1711695729088","to_tag":"2024-03-29_160210409560","index":487,"image":"screenshots\\screen_2024-03-29_160206617158.jpg","to_image":"screenshots\\screen_2024-03-29_160210409560.jpg","crash":{},"anr":{},"dqa":{},"from":"1a6728f60aef3594e6482cd71eecc77d","to":"d7794f88ca5e0a4d2702a3e7149ec11c","view_img":"views\\view_45fcba4b74409bbcef0e039ca8a44ad0_2024-03-29_160206617158.jpg"}