{"event":{"view":{"activity_name":"com.sec.android.app.sbrowser/.SBrowserMainActivity","resource_id":"com.sec.android.app.sbrowser:id/tab_manager_select_all_checkbox","class_":"android.widget.CheckBox","pointer":null,"content_desc":null,"enabled":true,"visible":true,"checked":true,"selected":false,"editable":false,"clickable":false,"long_clickable":false,"scrollable_horizontal":false,"scrollable_vertical":false,"checkable":true,"text":null,"text_hint":null,"bounds":[45,148,135,238],"rel_bounds":[45,148,135,238],"children":[],"ancestors":[],"semantic_classes":["Container (including radio buttons and checkboxes"],"uid":"2240d873894da59b7ee6f8fd942caad9","is_password":false,"serialize_class":"AndroidViewTree","package_name":"com.sec.android.app.sbrowser","fingerprint":"","meta_info":null},"event_type":"touch","_proba":0.43704456229221544,"tag":"2024-03-29_154637981692"},"str":"TouchEvent(state=6b7ba9511824d20aa2e225742a35353e,view=2240d873894da59b7ee6f8fd942caad9)","tag":"2024-03-29_154637981692","device_time":"2024-03-29 15:46:40.693","epoch":"1711694800693","to_tag":"2024-03-29_154642021964","index":287,"image":"screenshots\\screen_2024-03-29_154637981692.jpg","to_image":"screenshots\\screen_2024-03-29_154642021964.jpg","crash":{},"anr":{},"dqa":{},"from":"6b7ba9511824d20aa2e225742a35353e","to":"3304184b54bb3f36ae4d1b968b18dfa7","view_img":"views\\view_2240d873894da59b7ee6f8fd942caad9_2024-03-29_154637981692.jpg"}