{"event":{"view":{"activity_name":"com.sec.android.app.sbrowser/.SBrowserMainActivity","resource_id":"com.sec.android.app.sbrowser:id/action_tabs","class_":"android.widget.Button","pointer":null,"content_desc":"Tabs","enabled":true,"visible":true,"checked":false,"selected":false,"editable":false,"clickable":true,"long_clickable":true,"scrollable_horizontal":false,"scrollable_vertical":false,"checkable":false,"text":null,"text_hint":null,"bounds":[770,2046,925,2181],"rel_bounds":[770,2046,925,2181],"children":[{"activity_name":"com.sec.android.app.sbrowser/.SBrowserMainActivity","resource_id":"com.sec.android.app.sbrowser:id/tabs_icon","class_":"android.widget.TextView","pointer":null,"content_desc":null,"enabled":true,"visible":true,"checked":false,"selected":false,"editable":false,"clickable":false,"long_clickable":false,"scrollable_horizontal":false,"scrollable_vertical":false,"checkable":false,"text":"16","text_hint":null,"bounds":[813,2079,881,2147],"rel_bounds":[813,2079,881,2147],"children":[],"ancestors":[],"semantic_classes":["Button (including text and image)"],"uid":"a5b6be59c2d9f2de1a1c751bdf0a7bca","is_password":false,"serialize_class":"AndroidViewTree","package_name":"com.sec.android.app.sbrowser","fingerprint":"","meta_info":null}],"ancestors":[],"semantic_classes":["Button (including text and image)"],"uid":"a6954561ab35033257877de590776ac3","is_password":false,"serialize_class":"AndroidViewTree","package_name":"com.sec.android.app.sbrowser","fingerprint":"","meta_info":null},"duration":2000,"event_type":"long_touch","_proba":0.0001907864367348507,"tag":"2024-03-29_160237657792"},"str":"LongTouchEvent(state=9c9f67805a85e4b7ff10d7aae5533d3e,view=a6954561ab35033257877de590776ac3,duration=2000)","tag":"2024-03-29_160237657792","device_time":"2024-03-29 16:02:40.165","epoch":"1711695760165","to_tag":"2024-03-29_160241523734","index":495,"image":"screenshots\\screen_2024-03-29_160237657792.jpg","to_image":"screenshots\\screen_2024-03-29_160241523734.jpg","crash":{},"anr":{},"dqa":{},"from":"9c9f67805a85e4b7ff10d7aae5533d3e","to":"9c9f67805a85e4b7ff10d7aae5533d3e","view_img":"views\\view_a6954561ab35033257877de590776ac3_2024-03-29_160237657792.jpg"}