{"event":{"view":{"activity_name":"com.sec.android.app.sbrowser/.sites.bookmark.view.select_bookmark_folder.SelectBookmarkFolderActivity","resource_id":null,"class_":"android.widget.LinearLayout","pointer":null,"content_desc":"Folder 5, Folder","enabled":true,"visible":true,"checked":false,"selected":false,"editable":false,"clickable":true,"long_clickable":true,"scrollable_horizontal":false,"scrollable_vertical":false,"checkable":false,"text":null,"text_hint":null,"bounds":[0,1260,1080,1420],"rel_bounds":[0,1260,1080,1420],"children":[{"activity_name":"com.sec.android.app.sbrowser/.sites.bookmark.view.select_bookmark_folder.SelectBookmarkFolderActivity","resource_id":"com.sec.android.app.sbrowser:id/title_view_parent","class_":"android.widget.LinearLayout","pointer":null,"content_desc":null,"enabled":true,"visible":true,"checked":false,"selected":false,"editable":false,"clickable":false,"long_clickable":false,"scrollable_horizontal":false,"scrollable_vertical":false,"checkable":false,"text":null,"text_hint":null,"bounds":[34,1260,1012,1418],"rel_bounds":[34,1260,1012,1418],"children":[{"activity_name":"com.sec.android.app.sbrowser/.sites.bookmark.view.select_bookmark_folder.SelectBookmarkFolderActivity","resource_id":"com.sec.android.app.sbrowser:id/dummy_view","class_":"android.view.View","pointer":null,"content_desc":null,"enabled":true,"visible":false,"checked":false,"selected":false,"editable":false,"clickable":false,"long_clickable":false,"scrollable_horizontal":false,"scrollable_vertical":false,"checkable":false,"text":null,"text_hint":null,"bounds":[87,1260,87,1260],"rel_bounds":[87,1260,87,1260],"children":[],"ancestors":[],"semantic_classes":["Base View Android API class (android.view.View)"],"uid":"4fa2113c6180069ec27e12eb6be727bf","is_password":false,"serialize_class":"AndroidViewTree","package_name":"com.sec.android.app.sbrowser","fingerprint":"","meta_info":null},{"activity_name":"com.sec.android.app.sbrowser/.sites.bookmark.view.select_bookmark_folder.SelectBookmarkFolderActivity","resource_id":"com.sec.android.app.sbrowser:id/title_view","class_":"android.widget.LinearLayout","pointer":null,"content_desc":null,"enabled":true,"visible":true,"checked":false,"selected":false,"editable":false,"clickable":false,"long_clickable":false,"scrollable_horizontal":false,"scrollable_vertical":false,"checkable":false,"text":null,"text_hint":null,"bounds":[87,1260,1012,1418],"rel_bounds":[87,1260,1012,1418],"children":[{"activity_name":"com.sec.android.app.sbrowser/.sites.bookmark.view.select_bookmark_folder.SelectBookmarkFolderActivity","resource_id":"com.sec.android.app.sbrowser:id/folder_icon","class_":"android.widget.ImageView","pointer":null,"content_desc":null,"enabled":true,"visible":true,"checked":false,"selected":false,"editable":false,"clickable":false,"long_clickable":false,"scrollable_horizontal":false,"scrollable_vertical":false,"checkable":false,"text":null,"text_hint":null,"bounds":[110,1305,234,1373],"rel_bounds":[110,1305,234,1373],"children":[],"ancestors":[],"semantic_classes":["Image"],"uid":"d24ffd122bfc48cd34bf99ca5bdcd9dd","is_password":false,"serialize_class":"AndroidViewTree","package_name":"com.sec.android.app.sbrowser","fingerprint":"","meta_info":null},{"activity_name":"com.sec.android.app.sbrowser/.sites.bookmark.view.select_bookmark_folder.SelectBookmarkFolderActivity","resource_id":"com.sec.android.app.sbrowser:id/bookmark_folder_title","class_":"android.widget.TextView","pointer":null,"content_desc":null,"enabled":true,"visible":true,"checked":false,"selected":false,"editable":false,"clickable":false,"long_clickable":false,"scrollable_horizontal":false,"scrollable_vertical":false,"checkable":false,"text":"Folder 5","text_hint":null,"bounds":[279,1260,984,1418],"rel_bounds":[279,1260,984,1418],"children":[],"ancestors":[],"semantic_classes":["Button (including text and image)"],"uid":"2cd479cad213c9fd538b653c759a432f","is_password":false,"serialize_class":"AndroidViewTree","package_name":"com.sec.android.app.sbrowser","fingerprint":"","meta_info":null}],"ancestors":[],"semantic_classes":["Layout"],"uid":"d188bf387a91ae8319374c4a8e651d69","is_password":false,"serialize_class":"AndroidViewTree","package_name":"com.sec.android.app.sbrowser","fingerprint":"","meta_info":null}],"ancestors":[],"semantic_classes":["Layout"],"uid":"a72b374039393abeab3d1c36d864e49c","is_password":false,"serialize_class":"AndroidViewTree","package_name":"com.sec.android.app.sbrowser","fingerprint":"","meta_info":null},{"activity_name":"com.sec.android.app.sbrowser/.sites.bookmark.view.select_bookmark_folder.SelectBookmarkFolderActivity","resource_id":"com.sec.android.app.sbrowser:id/bookmark_folder_line","class_":"android.view.View","pointer":null,"content_desc":null,"enabled":true,"visible":true,"checked":false,"selected":false,"editable":false,"clickable":false,"long_clickable":false,"scrollable_horizontal":false,"scrollable_vertical":false,"checkable":false,"text":null,"text_hint":null,"bounds":[56,1418,1012,1420],"rel_bounds":[56,1418,1012,1420],"children":[],"ancestors":[],"semantic_classes":["Base View Android API class (android.view.View)"],"uid":"3120801d134ece06243f6e177bfa1816","is_password":false,"serialize_class":"AndroidViewTree","package_name":"com.sec.android.app.sbrowser","fingerprint":"","meta_info":null}],"ancestors":[],"semantic_classes":["Layout"],"uid":"064dc6504e14f2fd6a36e55004b95768","is_password":false,"serialize_class":"AndroidViewTree","package_name":"com.sec.android.app.sbrowser","fingerprint":"","meta_info":null},"event_type":"touch","_proba":0.14973987635462305,"tag":"2024-03-29_153726220481"},"str":"TouchEvent(state=de94a6a8a36c805dd5c929d857222ad4,view=064dc6504e14f2fd6a36e55004b95768)","tag":"2024-03-29_153726220481","device_time":"2024-03-29 15:37:28.636","epoch":"1711694248636","to_tag":"2024-03-29_153729920439","index":170,"image":"screenshots\\screen_2024-03-29_153726220481.jpg","to_image":"screenshots\\screen_2024-03-29_153729920439.jpg","crash":{},"anr":{},"dqa":{},"from":"de94a6a8a36c805dd5c929d857222ad4","to":"de94a6a8a36c805dd5c929d857222ad4","view_img":"views\\view_064dc6504e14f2fd6a36e55004b95768_2024-03-29_153726220481.jpg"}