{"event":{"view":{"activity_name":"com.sec.android.app.sbrowser/.sites.SitesActivity","resource_id":"com.sec.android.app.sbrowser:id/drag_grab_handle","class_":"android.widget.ImageView","pointer":null,"content_desc":"Reorder Button, Double tap and hold, then drag to reorder.","enabled":true,"visible":true,"checked":false,"selected":false,"editable":false,"clickable":true,"long_clickable":false,"scrollable_horizontal":false,"scrollable_vertical":false,"checkable":false,"text":null,"text_hint":null,"bounds":[922,334,1012,424],"rel_bounds":[922,334,1012,424],"children":[],"ancestors":[],"semantic_classes":["Image"],"uid":"672a933aa1f6b8f578e6daa0a3d3c27b","is_password":false,"serialize_class":"AndroidViewTree","package_name":"com.sec.android.app.sbrowser","fingerprint":"","meta_info":null},"event_type":"touch","_proba":0.1899287440659684,"tag":"2024-03-29_153625367882"},"str":"TouchEvent(state=85852db86e5648081d0555fb891f20b3,view=672a933aa1f6b8f578e6daa0a3d3c27b)","tag":"2024-03-29_153625367882","device_time":"2024-03-29 15:36:27.835","epoch":"1711694187835","to_tag":"2024-03-29_153629155546","index":154,"image":"screenshots\\screen_2024-03-29_153625367882.jpg","to_image":"screenshots\\screen_2024-03-29_153629155546.jpg","crash":{},"anr":{},"dqa":{},"from":"85852db86e5648081d0555fb891f20b3","to":"85852db86e5648081d0555fb891f20b3","view_img":"views\\view_672a933aa1f6b8f578e6daa0a3d3c27b_2024-03-29_153625367882.jpg"}