{"event":{"view":{"activity_name":"com.android.settings/com.samsung.android.settings.usefulfeature.intelligenceservice.IntelligenceServiceActivity","resource_id":"com.android.settings:id/scroll_container","class_":"android.widget.ScrollView","pointer":null,"content_desc":null,"enabled":true,"visible":true,"checked":false,"selected":false,"editable":false,"clickable":false,"long_clickable":false,"scrollable_horizontal":true,"scrollable_vertical":true,"checkable":false,"text":null,"text_hint":null,"bounds":[90,75,990,1789],"rel_bounds":[90,75,990,1789],"children":[{"activity_name":"com.android.settings/com.samsung.android.settings.usefulfeature.intelligenceservice.IntelligenceServiceActivity","resource_id":null,"class_":"android.widget.RelativeLayout","pointer":null,"content_desc":null,"enabled":true,"visible":true,"checked":false,"selected":false,"editable":false,"clickable":false,"long_clickable":false,"scrollable_horizontal":false,"scrollable_vertical":false,"checkable":false,"text":null,"text_hint":null,"bounds":[90,75,990,1789],"rel_bounds":[90,75,990,1789],"children":[{"activity_name":"com.android.settings/com.samsung.android.settings.usefulfeature.intelligenceservice.IntelligenceServiceActivity","resource_id":"com.android.settings:id/header_container","class_":"android.widget.LinearLayout","pointer":null,"content_desc":null,"enabled":true,"visible":true,"checked":false,"selected":false,"editable":false,"clickable":false,"long_clickable":false,"scrollable_horizontal":false,"scrollable_vertical":false,"checkable":false,"text":null,"text_hint":null,"bounds":[90,75,990,645],"rel_bounds":[90,75,990,645],"children":[{"activity_name":"com.android.settings/com.samsung.android.settings.usefulfeature.intelligenceservice.IntelligenceServiceActivity","resource_id":"com.android.settings:id/header_icon","class_":"android.widget.ImageView","pointer":null,"content_desc":null,"enabled":true,"visible":true,"checked":false,"selected":false,"editable":false,"clickable":false,"long_clickable":false,"scrollable_horizontal":false,"scrollable_vertical":false,"checkable":false,"text":null,"text_hint":null,"bounds":[486,159,593,266],"rel_bounds":[486,159,593,266],"children":[],"ancestors":[],"semantic_classes":["Image"],"uid":"c146e5d09b41900093247e8b9cd9ac32","is_password":false,"serialize_class":"AndroidViewTree","package_name":"com.android.settings","fingerprint":"","meta_info":null},{"activity_name":"com.android.settings/com.samsung.android.settings.usefulfeature.intelligenceservice.IntelligenceServiceActivity","resource_id":"com.android.settings:id/header_title","class_":"android.widget.TextView","pointer":null,"content_desc":null,"enabled":true,"visible":true,"checked":false,"selected":false,"editable":false,"clickable":false,"long_clickable":false,"scrollable_horizontal":false,"scrollable_vertical":false,"checkable":false,"text":"Galaxy Intelligence","text_hint":null,"bounds":[90,277,990,393],"rel_bounds":[90,277,990,393],"children":[],"ancestors":[],"semantic_classes":["Button (including text and image)"],"uid":"dadbc2373b96e927566bee7546bcd642","is_password":false,"serialize_class":"AndroidViewTree","package_name":"com.android.settings","fingerprint":"","meta_info":null},{"activity_name":"com.android.settings/com.samsung.android.settings.usefulfeature.intelligenceservice.IntelligenceServiceActivity","resource_id":"com.android.settings:id/header_description","class_":"android.widget.TextView","pointer":null,"content_desc":null,"enabled":true,"visible":true,"checked":false,"selected":false,"editable":false,"clickable":false,"long_clickable":false,"scrollable_horizontal":false,"scrollable_vertical":false,"checkable":false,"text":"Get the most out of your phone with powerful AI features.","text_hint":null,"bounds":[90,472,990,594],"rel_bounds":[90,472,990,594],"children":[],"ancestors":[],"semantic_classes":["Button (including text and image)"],"uid":"112c63981979c5790767fef83049480f","is_password":false,"serialize_class":"AndroidViewTree","package_name":"com.android.settings","fingerprint":"","meta_info":null}],"ancestors":[],"semantic_classes":["Layout"],"uid":"015a2e96d15be3c585f7b359b1ea0451","is_password":false,"serialize_class":"AndroidViewTree","package_name":"com.android.settings","fingerprint":"","meta_info":null},{"activity_name":"com.android.settings/com.samsung.android.settings.usefulfeature.intelligenceservice.IntelligenceServiceActivity","resource_id":"com.android.settings:id/container","class_":"android.widget.LinearLayout","pointer":null,"content_desc":null,"enabled":true,"visible":true,"checked":false,"selected":false,"editable":false,"clickable":false,"long_clickable":false,"scrollable_horizontal":false,"scrollable_vertical":false,"checkable":false,"text":null,"text_hint":null,"bounds":[90,645,990,1789],"rel_bounds":[90,645,990,1789],"children":[{"activity_name":"com.android.settings/com.samsung.android.settings.usefulfeature.intelligenceservice.IntelligenceServiceActivity","resource_id":null,"class_":"android.widget.LinearLayout","pointer":null,"content_desc":null,"enabled":true,"visible":true,"checked":false,"selected":false,"editable":false,"clickable":false,"long_clickable":false,"scrollable_horizontal":false,"scrollable_vertical":false,"checkable":false,"text":null,"text_hint":null,"bounds":[90,645,990,747],"rel_bounds":[90,645,990,747],"children":[{"activity_name":"com.android.settings/com.samsung.android.settings.usefulfeature.intelligenceservice.IntelligenceServiceActivity","resource_id":"com.android.settings:id/sub_title","class_":"android.widget.TextView","pointer":null,"content_desc":null,"enabled":true,"visible":true,"checked":false,"selected":false,"editable":false,"clickable":false,"long_clickable":false,"scrollable_horizontal":false,"scrollable_vertical":false,"checkable":false,"text":"Create epic images","text_hint":null,"bounds":[90,645,990,747],"rel_bounds":[90,645,990,747],"children":[],"ancestors":[],"semantic_classes":["collection manipulation (add, delete, etc.)","Button (including text and image)"],"uid":"4d7bf503b883a333e7bb4de3efac2cf7","is_password":false,"serialize_class":"AndroidViewTree","package_name":"com.android.settings","fingerprint":"","meta_info":null}],"ancestors":[],"semantic_classes":["Layout"],"uid":"848daeda2c0bc581a3faed784fcf5312","is_password":false,"serialize_class":"AndroidViewTree","package_name":"com.android.settings","fingerprint":"","meta_info":null},{"activity_name":"com.android.settings/com.samsung.android.settings.usefulfeature.intelligenceservice.IntelligenceServiceActivity","resource_id":null,"class_":"android.widget.LinearLayout","pointer":null,"content_desc":null,"enabled":true,"visible":true,"checked":false,"selected":false,"editable":false,"clickable":false,"long_clickable":false,"scrollable_horizontal":false,"scrollable_vertical":false,"checkable":false,"text":null,"text_hint":null,"bounds":[90,747,990,965],"rel_bounds":[90,747,990,965],"children":[{"activity_name":"com.android.settings/com.samsung.android.settings.usefulfeature.intelligenceservice.IntelligenceServiceActivity","resource_id":"com.android.settings:id/icon","class_":"android.widget.ImageView","pointer":null,"content_desc":null,"enabled":true,"visible":true,"checked":false,"selected":false,"editable":false,"clickable":false,"long_clickable":false,"scrollable_horizontal":false,"scrollable_vertical":false,"checkable":false,"text":null,"text_hint":null,"bounds":[90,816,169,895],"rel_bounds":[90,816,169,895],"children":[],"ancestors":[],"semantic_classes":["Image"],"uid":"b960210fb43998643d4da067d7f9a258","is_password":false,"serialize_class":"AndroidViewTree","package_name":"com.android.settings","fingerprint":"","meta_info":null},{"activity_name":"com.android.settings/com.samsung.android.settings.usefulfeature.intelligenceservice.IntelligenceServiceActivity","resource_id":null,"class_":"android.widget.LinearLayout","pointer":null,"content_desc":null,"enabled":true,"visible":true,"checked":false,"selected":false,"editable":false,"clickable":false,"long_clickable":false,"scrollable_horizontal":false,"scrollable_vertical":false,"checkable":false,"text":null,"text_hint":null,"bounds":[214,747,990,965],"rel_bounds":[214,747,990,965],"children":[{"activity_name":"com.android.settings/com.samsung.android.settings.usefulfeature.intelligenceservice.IntelligenceServiceActivity","resource_id":"com.android.settings:id/title","class_":"android.widget.TextView","pointer":null,"content_desc":null,"enabled":true,"visible":true,"checked":false,"selected":false,"editable":false,"clickable":false,"long_clickable":false,"scrollable_horizontal":false,"scrollable_vertical":false,"checkable":false,"text":"Photo Editor","text_hint":null,"bounds":[214,747,483,813],"rel_bounds":[214,747,483,813],"children":[],"ancestors":[],"semantic_classes":["change, edit or update something","Button (including text and image)"],"uid":"8d3005c4e5c816b863327ab685f862a2","is_password":false,"serialize_class":"AndroidViewTree","package_name":"com.android.settings","fingerprint":"","meta_info":null},{"activity_name":"com.android.settings/com.samsung.android.settings.usefulfeature.intelligenceservice.IntelligenceServiceActivity","resource_id":"com.android.settings:id/summary","class_":"android.widget.TextView","pointer":null,"content_desc":null,"enabled":true,"visible":true,"checked":false,"selected":false,"editable":false,"clickable":false,"long_clickable":false,"scrollable_horizontal":false,"scrollable_vertical":false,"checkable":false,"text":"Reimagine images by expanding their backgrounds or repositioning people and objects.","text_hint":null,"bounds":[214,813,990,965],"rel_bounds":[214,813,990,965],"children":[],"ancestors":[],"semantic_classes":["Button (including text and image)"],"uid":"e78eba9dcc97f81ceaa0a8f85de8f8cc","is_password":false,"serialize_class":"AndroidViewTree","package_name":"com.android.settings","fingerprint":"","meta_info":null}],"ancestors":[],"semantic_classes":["Layout"],"uid":"e4ff637200e9af2bde3c55aac2e3b25f","is_password":false,"serialize_class":"AndroidViewTree","package_name":"com.android.settings","fingerprint":"","meta_info":null}],"ancestors":[],"semantic_classes":["Layout"],"uid":"ef8daad9a48abc181316310826de8198","is_password":false,"serialize_class":"AndroidViewTree","package_name":"com.android.settings","fingerprint":"","meta_info":null},{"activity_name":"com.android.settings/com.samsung.android.settings.usefulfeature.intelligenceservice.IntelligenceServiceActivity","resource_id":null,"class_":"android.widget.LinearLayout","pointer":null,"content_desc":null,"enabled":true,"visible":true,"checked":false,"selected":false,"editable":false,"clickable":false,"long_clickable":false,"scrollable_horizontal":false,"scrollable_vertical":false,"checkable":false,"text":null,"text_hint":null,"bounds":[90,965,990,1004],"rel_bounds":[90,965,990,1004],"children":[{"activity_name":"com.android.settings/com.samsung.android.settings.usefulfeature.intelligenceservice.IntelligenceServiceActivity","resource_id":null,"class_":"android.view.View","pointer":null,"content_desc":null,"enabled":true,"visible":true,"checked":false,"selected":false,"editable":false,"clickable":false,"long_clickable":false,"scrollable_horizontal":false,"scrollable_vertical":false,"checkable":false,"text":null,"text_hint":null,"bounds":[90,965,990,1004],"rel_bounds":[90,965,990,1004],"children":[],"ancestors":[],"semantic_classes":["Base View Android API class (android.view.View)"],"uid":"721d80cd46f34d8e2a6cf1f27c2e2957","is_password":false,"serialize_class":"AndroidViewTree","package_name":"com.android.settings","fingerprint":"","meta_info":null}],"ancestors":[],"semantic_classes":["Layout"],"uid":"3314dd4f9e38b9bf104860ced9832286","is_password":false,"serialize_class":"AndroidViewTree","package_name":"com.android.settings","fingerprint":"","meta_info":null},{"activity_name":"com.android.settings/com.samsung.android.settings.usefulfeature.intelligenceservice.IntelligenceServiceActivity","resource_id":null,"class_":"android.widget.LinearLayout","pointer":null,"content_desc":null,"enabled":true,"visible":true,"checked":false,"selected":false,"editable":false,"clickable":false,"long_clickable":false,"scrollable_horizontal":false,"scrollable_vertical":false,"checkable":false,"text":null,"text_hint":null,"bounds":[90,1004,990,1222],"rel_bounds":[90,1004,990,1222],"children":[{"activity_name":"com.android.settings/com.samsung.android.settings.usefulfeature.intelligenceservice.IntelligenceServiceActivity","resource_id":"com.android.settings:id/icon","class_":"android.widget.ImageView","pointer":null,"content_desc":null,"enabled":true,"visible":true,"checked":false,"selected":false,"editable":false,"clickable":false,"long_clickable":false,"scrollable_horizontal":false,"scrollable_vertical":false,"checkable":false,"text":null,"text_hint":null,"bounds":[90,1073,169,1152],"rel_bounds":[90,1073,169,1152],"children":[],"ancestors":[],"semantic_classes":["Image"],"uid":"b960210fb43998643d4da067d7f9a258","is_password":false,"serialize_class":"AndroidViewTree","package_name":"com.android.settings","fingerprint":"","meta_info":null},{"activity_name":"com.android.settings/com.samsung.android.settings.usefulfeature.intelligenceservice.IntelligenceServiceActivity","resource_id":null,"class_":"android.widget.LinearLayout","pointer":null,"content_desc":null,"enabled":true,"visible":true,"checked":false,"selected":false,"editable":false,"clickable":false,"long_clickable":false,"scrollable_horizontal":false,"scrollable_vertical":false,"checkable":false,"text":null,"text_hint":null,"bounds":[214,1004,990,1222],"rel_bounds":[214,1004,990,1222],"children":[{"activity_name":"com.android.settings/com.samsung.android.settings.usefulfeature.intelligenceservice.IntelligenceServiceActivity","resource_id":"com.android.settings:id/title","class_":"android.widget.TextView","pointer":null,"content_desc":null,"enabled":true,"visible":true,"checked":false,"selected":false,"editable":false,"clickable":false,"long_clickable":false,"scrollable_horizontal":false,"scrollable_vertical":false,"checkable":false,"text":"Wallpapers","text_hint":null,"bounds":[214,1004,453,1070],"rel_bounds":[214,1004,453,1070],"children":[],"ancestors":[],"semantic_classes":["Button (including text and image)"],"uid":"acd37557702637e938e3c2f6381f723f","is_password":false,"serialize_class":"AndroidViewTree","package_name":"com.android.settings","fingerprint":"","meta_info":null},{"activity_name":"com.android.settings/com.samsung.android.settings.usefulfeature.intelligenceservice.IntelligenceServiceActivity","resource_id":"com.android.settings:id/summary","class_":"android.widget.TextView","pointer":null,"content_desc":null,"enabled":true,"visible":true,"checked":false,"selected":false,"editable":false,"clickable":false,"long_clickable":false,"scrollable_horizontal":false,"scrollable_vertical":false,"checkable":false,"text":"Create unique wallpapers for your Home and Lock screens using categories, keywords you select or reflecting current weather and time.","text_hint":null,"bounds":[214,1070,990,1222],"rel_bounds":[214,1070,990,1222],"children":[],"ancestors":[],"semantic_classes":["Button (including text and image)"],"uid":"e78eba9dcc97f81ceaa0a8f85de8f8cc","is_password":false,"serialize_class":"AndroidViewTree","package_name":"com.android.settings","fingerprint":"","meta_info":null}],"ancestors":[],"semantic_classes":["Layout"],"uid":"272107b777e253cdb2ea72b4879cbc4f","is_password":false,"serialize_class":"AndroidViewTree","package_name":"com.android.settings","fingerprint":"","meta_info":null}],"ancestors":[],"semantic_classes":["Layout"],"uid":"df4621d5021bb1c63d40a7012e32b2fa","is_password":false,"serialize_class":"AndroidViewTree","package_name":"com.android.settings","fingerprint":"","meta_info":null},{"activity_name":"com.android.settings/com.samsung.android.settings.usefulfeature.intelligenceservice.IntelligenceServiceActivity","resource_id":null,"class_":"android.widget.LinearLayout","pointer":null,"content_desc":null,"enabled":true,"visible":true,"checked":false,"selected":false,"editable":false,"clickable":false,"long_clickable":false,"scrollable_horizontal":false,"scrollable_vertical":false,"checkable":false,"text":null,"text_hint":null,"bounds":[90,1222,990,1290],"rel_bounds":[90,1222,990,1290],"children":[{"activity_name":"com.android.settings/com.samsung.android.settings.usefulfeature.intelligenceservice.IntelligenceServiceActivity","resource_id":null,"class_":"android.view.View","pointer":null,"content_desc":null,"enabled":true,"visible":true,"checked":false,"selected":false,"editable":false,"clickable":false,"long_clickable":false,"scrollable_horizontal":false,"scrollable_vertical":false,"checkable":false,"text":null,"text_hint":null,"bounds":[90,1222,990,1290],"rel_bounds":[90,1222,990,1290],"children":[],"ancestors":[],"semantic_classes":["Base View Android API class (android.view.View)"],"uid":"721d80cd46f34d8e2a6cf1f27c2e2957","is_password":false,"serialize_class":"AndroidViewTree","package_name":"com.android.settings","fingerprint":"","meta_info":null}],"ancestors":[],"semantic_classes":["Layout"],"uid":"3314dd4f9e38b9bf104860ced9832286","is_password":false,"serialize_class":"AndroidViewTree","package_name":"com.android.settings","fingerprint":"","meta_info":null},{"activity_name":"com.android.settings/com.samsung.android.settings.usefulfeature.intelligenceservice.IntelligenceServiceActivity","resource_id":null,"class_":"android.widget.LinearLayout","pointer":null,"content_desc":null,"enabled":true,"visible":true,"checked":false,"selected":false,"editable":false,"clickable":false,"long_clickable":false,"scrollable_horizontal":false,"scrollable_vertical":false,"checkable":false,"text":null,"text_hint":null,"bounds":[90,1290,990,1392],"rel_bounds":[90,1290,990,1392],"children":[{"activity_name":"com.android.settings/com.samsung.android.settings.usefulfeature.intelligenceservice.IntelligenceServiceActivity","resource_id":"com.android.settings:id/sub_title","class_":"android.widget.TextView","pointer":null,"content_desc":null,"enabled":true,"visible":true,"checked":false,"selected":false,"editable":false,"clickable":false,"long_clickable":false,"scrollable_horizontal":false,"scrollable_vertical":false,"checkable":false,"text":"Enhance your communication","text_hint":null,"bounds":[90,1290,990,1392],"rel_bounds":[90,1290,990,1392],"children":[],"ancestors":[],"semantic_classes":["Button (including text and image)"],"uid":"276e35c3c670b7c03d18832eee436229","is_password":false,"serialize_class":"AndroidViewTree","package_name":"com.android.settings","fingerprint":"","meta_info":null}],"ancestors":[],"semantic_classes":["Layout"],"uid":"903c082babe67851a5adbf9f0537d00d","is_password":false,"serialize_class":"AndroidViewTree","package_name":"com.android.settings","fingerprint":"","meta_info":null},{"activity_name":"com.android.settings/com.samsung.android.settings.usefulfeature.intelligenceservice.IntelligenceServiceActivity","resource_id":null,"class_":"android.widget.LinearLayout","pointer":null,"content_desc":null,"enabled":true,"visible":true,"checked":false,"selected":false,"editable":false,"clickable":false,"long_clickable":false,"scrollable_horizontal":false,"scrollable_vertical":false,"checkable":false,"text":null,"text_hint":null,"bounds":[90,1392,990,1560],"rel_bounds":[90,1392,990,1560],"children":[{"activity_name":"com.android.settings/com.samsung.android.settings.usefulfeature.intelligenceservice.IntelligenceServiceActivity","resource_id":"com.android.settings:id/icon","class_":"android.widget.ImageView","pointer":null,"content_desc":null,"enabled":true,"visible":true,"checked":false,"selected":false,"editable":false,"clickable":false,"long_clickable":false,"scrollable_horizontal":false,"scrollable_vertical":false,"checkable":false,"text":null,"text_hint":null,"bounds":[90,1436,169,1515],"rel_bounds":[90,1436,169,1515],"children":[],"ancestors":[],"semantic_classes":["Image"],"uid":"b960210fb43998643d4da067d7f9a258","is_password":false,"serialize_class":"AndroidViewTree","package_name":"com.android.settings","fingerprint":"","meta_info":null},{"activity_name":"com.android.settings/com.samsung.android.settings.usefulfeature.intelligenceservice.IntelligenceServiceActivity","resource_id":null,"class_":"android.widget.LinearLayout","pointer":null,"content_desc":null,"enabled":true,"visible":true,"checked":false,"selected":false,"editable":false,"clickable":false,"long_clickable":false,"scrollable_horizontal":false,"scrollable_vertical":false,"checkable":false,"text":null,"text_hint":null,"bounds":[214,1392,990,1560],"rel_bounds":[214,1392,990,1560],"children":[{"activity_name":"com.android.settings/com.samsung.android.settings.usefulfeature.intelligenceservice.IntelligenceServiceActivity","resource_id":"com.android.settings:id/title","class_":"android.widget.TextView","pointer":null,"content_desc":null,"enabled":true,"visible":true,"checked":false,"selected":false,"editable":false,"clickable":false,"long_clickable":false,"scrollable_horizontal":false,"scrollable_vertical":false,"checkable":false,"text":"Chat translation","text_hint":null,"bounds":[214,1392,559,1458],"rel_bounds":[214,1392,559,1458],"children":[],"ancestors":[],"semantic_classes":["Button (including text and image)"],"uid":"e464fcafa3839ca7df9b0a91a8cd5f86","is_password":false,"serialize_class":"AndroidViewTree","package_name":"com.android.settings","fingerprint":"","meta_info":null},{"activity_name":"com.android.settings/com.samsung.android.settings.usefulfeature.intelligenceservice.IntelligenceServiceActivity","resource_id":"com.android.settings:id/summary","class_":"android.widget.TextView","pointer":null,"content_desc":null,"enabled":true,"visible":true,"checked":false,"selected":false,"editable":false,"clickable":false,"long_clickable":false,"scrollable_horizontal":false,"scrollable_vertical":false,"checkable":false,"text":"Translate messages in select chat and text messaging apps.","text_hint":null,"bounds":[214,1458,990,1560],"rel_bounds":[214,1458,990,1560],"children":[],"ancestors":[],"semantic_classes":["Button (including text and image)"],"uid":"e78eba9dcc97f81ceaa0a8f85de8f8cc","is_password":false,"serialize_class":"AndroidViewTree","package_name":"com.android.settings","fingerprint":"","meta_info":null}],"ancestors":[],"semantic_classes":["Layout"],"uid":"2077cbcf7a28d8dd26191649d8662610","is_password":false,"serialize_class":"AndroidViewTree","package_name":"com.android.settings","fingerprint":"","meta_info":null}],"ancestors":[],"semantic_classes":["Layout"],"uid":"11f2d1e37db35b0ead208bf212aff002","is_password":false,"serialize_class":"AndroidViewTree","package_name":"com.android.settings","fingerprint":"","meta_info":null},{"activity_name":"com.android.settings/com.samsung.android.settings.usefulfeature.intelligenceservice.IntelligenceServiceActivity","resource_id":null,"class_":"android.widget.LinearLayout","pointer":null,"content_desc":null,"enabled":true,"visible":true,"checked":false,"selected":false,"editable":false,"clickable":false,"long_clickable":false,"scrollable_horizontal":false,"scrollable_vertical":false,"checkable":false,"text":null,"text_hint":null,"bounds":[90,1560,990,1599],"rel_bounds":[90,1560,990,1599],"children":[{"activity_name":"com.android.settings/com.samsung.android.settings.usefulfeature.intelligenceservice.IntelligenceServiceActivity","resource_id":null,"class_":"android.view.View","pointer":null,"content_desc":null,"enabled":true,"visible":true,"checked":false,"selected":false,"editable":false,"clickable":false,"long_clickable":false,"scrollable_horizontal":false,"scrollable_vertical":false,"checkable":false,"text":null,"text_hint":null,"bounds":[90,1560,990,1599],"rel_bounds":[90,1560,990,1599],"children":[],"ancestors":[],"semantic_classes":["Base View Android API class (android.view.View)"],"uid":"721d80cd46f34d8e2a6cf1f27c2e2957","is_password":false,"serialize_class":"AndroidViewTree","package_name":"com.android.settings","fingerprint":"","meta_info":null}],"ancestors":[],"semantic_classes":["Layout"],"uid":"3314dd4f9e38b9bf104860ced9832286","is_password":false,"serialize_class":"AndroidViewTree","package_name":"com.android.settings","fingerprint":"","meta_info":null},{"activity_name":"com.android.settings/com.samsung.android.settings.usefulfeature.intelligenceservice.IntelligenceServiceActivity","resource_id":null,"class_":"android.widget.LinearLayout","pointer":null,"content_desc":null,"enabled":true,"visible":true,"checked":false,"selected":false,"editable":false,"clickable":false,"long_clickable":false,"scrollable_horizontal":false,"scrollable_vertical":false,"checkable":false,"text":null,"text_hint":null,"bounds":[90,1599,990,1789],"rel_bounds":[90,1599,990,1789],"children":[{"activity_name":"com.android.settings/com.samsung.android.settings.usefulfeature.intelligenceservice.IntelligenceServiceActivity","resource_id":"com.android.settings:id/icon","class_":"android.widget.ImageView","pointer":null,"content_desc":null,"enabled":true,"visible":true,"checked":false,"selected":false,"editable":false,"clickable":false,"long_clickable":false,"scrollable_horizontal":false,"scrollable_vertical":false,"checkable":false,"text":null,"text_hint":null,"bounds":[90,1668,169,1747],"rel_bounds":[90,1668,169,1747],"children":[],"ancestors":[],"semantic_classes":["Image"],"uid":"b960210fb43998643d4da067d7f9a258","is_password":false,"serialize_class":"AndroidViewTree","package_name":"com.android.settings","fingerprint":"","meta_info":null},{"activity_name":"com.android.settings/com.samsung.android.settings.usefulfeature.intelligenceservice.IntelligenceServiceActivity","resource_id":null,"class_":"android.widget.LinearLayout","pointer":null,"content_desc":null,"enabled":true,"visible":true,"checked":false,"selected":false,"editable":false,"clickable":false,"long_clickable":false,"scrollable_horizontal":false,"scrollable_vertical":false,"checkable":false,"text":null,"text_hint":null,"bounds":[214,1599,990,1789],"rel_bounds":[214,1599,990,1789],"children":[{"activity_name":"com.android.settings/com.samsung.android.settings.usefulfeature.intelligenceservice.IntelligenceServiceActivity","resource_id":"com.android.settings:id/title","class_":"android.widget.TextView","pointer":null,"content_desc":null,"enabled":true,"visible":true,"checked":false,"selected":false,"editable":false,"clickable":false,"long_clickable":false,"scrollable_horizontal":false,"scrollable_vertical":false,"checkable":false,"text":"Samsung Messages","text_hint":null,"bounds":[214,1599,647,1665],"rel_bounds":[214,1599,647,1665],"children":[],"ancestors":[],"semantic_classes":["Button (including text and image)"],"uid":"51f1481a776fb78511441457ecf6323f","is_password":false,"serialize_class":"AndroidViewTree","package_name":"com.android.settings","fingerprint":"","meta_info":null},{"activity_name":"com.android.settings/com.samsung.android.settings.usefulfeature.intelligenceservice.IntelligenceServiceActivity","resource_id":"com.android.settings:id/summary","class_":"android.widget.TextView","pointer":null,"content_desc":null,"enabled":true,"visible":true,"checked":false,"selected":false,"editable":false,"clickable":false,"long_clickable":false,"scrollable_horizontal":false,"scrollable_vertical":false,"checkable":false,"text":"Save time when texting with message suggestions based on the context of your chat.","text_hint":null,"bounds":[214,1665,990,1789],"rel_bounds":[214,1665,990,1789],"children":[],"ancestors":[],"semantic_classes":["Button (including text and image)"],"uid":"e78eba9dcc97f81ceaa0a8f85de8f8cc","is_password":false,"serialize_class":"AndroidViewTree","package_name":"com.android.settings","fingerprint":"","meta_info":null}],"ancestors":[],"semantic_classes":["Layout"],"uid":"efd026f5a48be3841991f40ec7de73cf","is_password":false,"serialize_class":"AndroidViewTree","package_name":"com.android.settings","fingerprint":"","meta_info":null}],"ancestors":[],"semantic_classes":["Layout"],"uid":"43d6528796d4cc459e8977de60f9416b","is_password":false,"serialize_class":"AndroidViewTree","package_name":"com.android.settings","fingerprint":"","meta_info":null},{"activity_name":"com.android.settings/com.samsung.android.settings.usefulfeature.intelligenceservice.IntelligenceServiceActivity","resource_id":null,"class_":"android.widget.LinearLayout","pointer":null,"content_desc":null,"enabled":true,"visible":false,"checked":false,"selected":false,"editable":false,"clickable":false,"long_clickable":false,"scrollable_horizontal":false,"scrollable_vertical":false,"checkable":false,"text":null,"text_hint":null,"bounds":[90,1789,990,1817],"rel_bounds":[90,1789,990,1817],"children":[{"activity_name":"com.android.settings/com.samsung.android.settings.usefulfeature.intelligenceservice.IntelligenceServiceActivity","resource_id":null,"class_":"android.view.View","pointer":null,"content_desc":null,"enabled":true,"visible":false,"checked":false,"selected":false,"editable":false,"clickable":false,"long_clickable":false,"scrollable_horizontal":false,"scrollable_vertical":false,"checkable":false,"text":null,"text_hint":null,"bounds":[90,1789,990,1817],"rel_bounds":[90,1789,990,1817],"children":[],"ancestors":[],"semantic_classes":["Base View Android API class (android.view.View)"],"uid":"721d80cd46f34d8e2a6cf1f27c2e2957","is_password":false,"serialize_class":"AndroidViewTree","package_name":"com.android.settings","fingerprint":"","meta_info":null}],"ancestors":[],"semantic_classes":["Layout"],"uid":"3314dd4f9e38b9bf104860ced9832286","is_password":false,"serialize_class":"AndroidViewTree","package_name":"com.android.settings","fingerprint":"","meta_info":null},{"activity_name":"com.android.settings/com.samsung.android.settings.usefulfeature.intelligenceservice.IntelligenceServiceActivity","resource_id":null,"class_":"android.widget.LinearLayout","pointer":null,"content_desc":null,"enabled":true,"visible":false,"checked":false,"selected":false,"editable":false,"clickable":false,"long_clickable":false,"scrollable_horizontal":false,"scrollable_vertical":false,"checkable":false,"text":null,"text_hint":null,"bounds":[90,1789,990,1856],"rel_bounds":[90,1789,990,1856],"children":[{"activity_name":"com.android.settings/com.samsung.android.settings.usefulfeature.intelligenceservice.IntelligenceServiceActivity","resource_id":"com.android.settings:id/icon","class_":"android.widget.ImageView","pointer":null,"content_desc":null,"enabled":true,"visible":false,"checked":false,"selected":false,"editable":false,"clickable":false,"long_clickable":false,"scrollable_horizontal":false,"scrollable_vertical":false,"checkable":false,"text":null,"text_hint":null,"bounds":[90,1789,169,1900],"rel_bounds":[90,1789,169,1900],"children":[],"ancestors":[],"semantic_classes":["Image"],"uid":"b960210fb43998643d4da067d7f9a258","is_password":false,"serialize_class":"AndroidViewTree","package_name":"com.android.settings","fingerprint":"","meta_info":null},{"activity_name":"com.android.settings/com.samsung.android.settings.usefulfeature.intelligenceservice.IntelligenceServiceActivity","resource_id":null,"class_":"android.widget.LinearLayout","pointer":null,"content_desc":null,"enabled":true,"visible":false,"checked":false,"selected":false,"editable":false,"clickable":false,"long_clickable":false,"scrollable_horizontal":false,"scrollable_vertical":false,"checkable":false,"text":null,"text_hint":null,"bounds":[214,1789,990,1856],"rel_bounds":[214,1789,990,1856],"children":[{"activity_name":"com.android.settings/com.samsung.android.settings.usefulfeature.intelligenceservice.IntelligenceServiceActivity","resource_id":"com.android.settings:id/title","class_":"android.widget.TextView","pointer":null,"content_desc":null,"enabled":true,"visible":false,"checked":false,"selected":false,"editable":false,"clickable":false,"long_clickable":false,"scrollable_horizontal":false,"scrollable_vertical":false,"checkable":false,"text":"Selected text translation","text_hint":null,"bounds":[214,1789,745,1856],"rel_bounds":[214,1789,745,1856],"children":[],"ancestors":[],"semantic_classes":["Button (including text and image)"],"uid":"f1578ae30d146c4aabf14d9dcd5db9a9","is_password":false,"serialize_class":"AndroidViewTree","package_name":"com.android.settings","fingerprint":"","meta_info":null},{"activity_name":"com.android.settings/com.samsung.android.settings.usefulfeature.intelligenceservice.IntelligenceServiceActivity","resource_id":"com.android.settings:id/summary","class_":"android.widget.TextView","pointer":null,"content_desc":null,"enabled":true,"visible":false,"checked":false,"selected":false,"editable":false,"clickable":false,"long_clickable":false,"scrollable_horizontal":false,"scrollable_vertical":false,"checkable":false,"text":"Translate highlighted text, including highlighted text in images.","text_hint":null,"bounds":[214,1789,990,1922],"rel_bounds":[214,1789,990,1922],"children":[],"ancestors":[],"semantic_classes":["Button (including text and image)"],"uid":"e78eba9dcc97f81ceaa0a8f85de8f8cc","is_password":false,"serialize_class":"AndroidViewTree","package_name":"com.android.settings","fingerprint":"","meta_info":null}],"ancestors":[],"semantic_classes":["Layout"],"uid":"3c45ca9412e4329de19a031030865a46","is_password":false,"serialize_class":"AndroidViewTree","package_name":"com.android.settings","fingerprint":"","meta_info":null}],"ancestors":[],"semantic_classes":["Layout"],"uid":"35ba79bf1b899e0d35c0a504317ae639","is_password":false,"serialize_class":"AndroidViewTree","package_name":"com.android.settings","fingerprint":"","meta_info":null},{"activity_name":"com.android.settings/com.samsung.android.settings.usefulfeature.intelligenceservice.IntelligenceServiceActivity","resource_id":null,"class_":"android.widget.LinearLayout","pointer":null,"content_desc":null,"enabled":true,"visible":false,"checked":false,"selected":false,"editable":false,"clickable":false,"long_clickable":false,"scrollable_horizontal":false,"scrollable_vertical":false,"checkable":false,"text":null,"text_hint":null,"bounds":[90,1789,990,2024],"rel_bounds":[90,1789,990,2024],"children":[{"activity_name":"com.android.settings/com.samsung.android.settings.usefulfeature.intelligenceservice.IntelligenceServiceActivity","resource_id":null,"class_":"android.view.View","pointer":null,"content_desc":null,"enabled":true,"visible":false,"checked":false,"selected":false,"editable":false,"clickable":false,"long_clickable":false,"scrollable_horizontal":false,"scrollable_vertical":false,"checkable":false,"text":null,"text_hint":null,"bounds":[90,1789,990,2024],"rel_bounds":[90,1789,990,2024],"children":[],"ancestors":[],"semantic_classes":["Base View Android API class (android.view.View)"],"uid":"721d80cd46f34d8e2a6cf1f27c2e2957","is_password":false,"serialize_class":"AndroidViewTree","package_name":"com.android.settings","fingerprint":"","meta_info":null}],"ancestors":[],"semantic_classes":["Layout"],"uid":"3314dd4f9e38b9bf104860ced9832286","is_password":false,"serialize_class":"AndroidViewTree","package_name":"com.android.settings","fingerprint":"","meta_info":null},{"activity_name":"com.android.settings/com.samsung.android.settings.usefulfeature.intelligenceservice.IntelligenceServiceActivity","resource_id":null,"class_":"android.widget.LinearLayout","pointer":null,"content_desc":null,"enabled":true,"visible":false,"checked":false,"selected":false,"editable":false,"clickable":false,"long_clickable":false,"scrollable_horizontal":false,"scrollable_vertical":false,"checkable":false,"text":null,"text_hint":null,"bounds":[90,1789,990,2063],"rel_bounds":[90,1789,990,2063],"children":[{"activity_name":"com.android.settings/com.samsung.android.settings.usefulfeature.intelligenceservice.IntelligenceServiceActivity","resource_id":"com.android.settings:id/icon","class_":"android.widget.ImageView","pointer":null,"content_desc":null,"enabled":true,"visible":false,"checked":false,"selected":false,"editable":false,"clickable":false,"long_clickable":false,"scrollable_horizontal":false,"scrollable_vertical":false,"checkable":false,"text":null,"text_hint":null,"bounds":[90,1789,169,2107],"rel_bounds":[90,1789,169,2107],"children":[],"ancestors":[],"semantic_classes":["Image"],"uid":"b960210fb43998643d4da067d7f9a258","is_password":false,"serialize_class":"AndroidViewTree","package_name":"com.android.settings","fingerprint":"","meta_info":null},{"activity_name":"com.android.settings/com.samsung.android.settings.usefulfeature.intelligenceservice.IntelligenceServiceActivity","resource_id":null,"class_":"android.widget.LinearLayout","pointer":null,"content_desc":null,"enabled":true,"visible":false,"checked":false,"selected":false,"editable":false,"clickable":false,"long_clickable":false,"scrollable_horizontal":false,"scrollable_vertical":false,"checkable":false,"text":null,"text_hint":null,"bounds":[214,1789,990,2063],"rel_bounds":[214,1789,990,2063],"children":[{"activity_name":"com.android.settings/com.samsung.android.settings.usefulfeature.intelligenceservice.IntelligenceServiceActivity","resource_id":"com.android.settings:id/title","class_":"android.widget.TextView","pointer":null,"content_desc":null,"enabled":true,"visible":false,"checked":false,"selected":false,"editable":false,"clickable":false,"long_clickable":false,"scrollable_horizontal":false,"scrollable_vertical":false,"checkable":false,"text":"Samsung Translator","text_hint":null,"bounds":[214,1789,645,2063],"rel_bounds":[214,1789,645,2063],"children":[],"ancestors":[],"semantic_classes":["Button (including text and image)"],"uid":"b28c515317cb0fdcd9626b418a3ab214","is_password":false,"serialize_class":"AndroidViewTree","package_name":"com.android.settings","fingerprint":"","meta_info":null},{"activity_name":"com.android.settings/com.samsung.android.settings.usefulfeature.intelligenceservice.IntelligenceServiceActivity","resource_id":"com.android.settings:id/summary","class_":"android.widget.TextView","pointer":null,"content_desc":null,"enabled":true,"visible":false,"checked":false,"selected":false,"editable":false,"clickable":false,"long_clickable":false,"scrollable_horizontal":false,"scrollable_vertical":false,"checkable":false,"text":"Live translation of spoken conversations, available as voice or text output.","text_hint":null,"bounds":[214,1789,990,2129],"rel_bounds":[214,1789,990,2129],"children":[],"ancestors":[],"semantic_classes":["Button (including text and image)"],"uid":"e78eba9dcc97f81ceaa0a8f85de8f8cc","is_password":false,"serialize_class":"AndroidViewTree","package_name":"com.android.settings","fingerprint":"","meta_info":null}],"ancestors":[],"semantic_classes":["Layout"],"uid":"ec84ea1776a8a64bf7bfb97659c90d88","is_password":false,"serialize_class":"AndroidViewTree","package_name":"com.android.settings","fingerprint":"","meta_info":null}],"ancestors":[],"semantic_classes":["Layout"],"uid":"5f2338f1efdebde2c26ecf8f06e0e8e5","is_password":false,"serialize_class":"AndroidViewTree","package_name":"com.android.settings","fingerprint":"","meta_info":null}],"ancestors":[],"semantic_classes":["Layout"],"uid":"d3fe21889db8fdbd08d06523339f734a","is_password":false,"serialize_class":"AndroidViewTree","package_name":"com.android.settings","fingerprint":"","meta_info":null}],"ancestors":[],"semantic_classes":["Layout"],"uid":"a33d909e1b82cbe0c7651ec3e99bdd93","is_password":false,"serialize_class":"AndroidViewTree","package_name":"com.android.settings","fingerprint":"","meta_info":null}],"ancestors":[],"semantic_classes":[],"uid":"6e3d47b7805d2045c55fa787b4b6f6c5","is_password":false,"serialize_class":"AndroidViewTree","package_name":"com.android.settings","fingerprint":"","meta_info":null},"direction":"UP","event_type":"scroll","_proba":0.005736240740957068,"tag":"2024-03-29_153849608213"},"str":"ScrollEvent(state=2560a1907cdd14fdc6e7593447ccd7a3,view=6e3d47b7805d2045c55fa787b4b6f6c5,direction=UP)","tag":"2024-03-29_153849608213","device_time":"2024-03-29 15:38:51.943","epoch":"1711694331943","to_tag":"2024-03-29_153853267239","index":192,"image":"screenshots\\screen_2024-03-29_153849608213.jpg","to_image":"screenshots\\screen_2024-03-29_153853267239.jpg","crash":{},"anr":{},"dqa":{},"from":"2560a1907cdd14fdc6e7593447ccd7a3","to":"2560a1907cdd14fdc6e7593447ccd7a3","view_img":"views\\view_6e3d47b7805d2045c55fa787b4b6f6c5_2024-03-29_153849608213.jpg"}