{"event":{"view":{"activity_name":"com.sec.android.app.sbrowser/.SBrowserMainActivity","resource_id":"com.sec.android.app.sbrowser:id/action_tabs","class_":"android.widget.Button","pointer":null,"content_desc":"Tabs","enabled":true,"visible":true,"checked":false,"selected":false,"editable":false,"clickable":true,"long_clickable":true,"scrollable_horizontal":false,"scrollable_vertical":false,"checkable":false,"text":null,"text_hint":null,"bounds":[770,2046,925,2181],"rel_bounds":[770,2046,925,2181],"children":[{"activity_name":"com.sec.android.app.sbrowser/.SBrowserMainActivity","resource_id":"com.sec.android.app.sbrowser:id/tabs_icon","class_":"android.widget.TextView","pointer":null,"content_desc":null,"enabled":true,"visible":true,"checked":false,"selected":false,"editable":false,"clickable":false,"long_clickable":false,"scrollable_horizontal":false,"scrollable_vertical":false,"checkable":false,"text":"2","text_hint":null,"bounds":[813,2079,881,2147],"rel_bounds":[813,2079,881,2147],"children":[],"ancestors":[],"semantic_classes":["Button (including text and image)"],"uid":"a11a8cde68e162d094f2d49c6053c50f","is_password":false,"serialize_class":"AndroidViewTree","package_name":"com.sec.android.app.sbrowser","fingerprint":"","meta_info":null}],"ancestors":[],"semantic_classes":["Button (including text and image)"],"uid":"d263549a7dc33cccd9dacde1c74cbfba","is_password":false,"serialize_class":"AndroidViewTree","package_name":"com.sec.android.app.sbrowser","fingerprint":"","meta_info":null},"event_type":"touch","_proba":0.14008285374000903,"tag":"2024-03-29_152644976491"},"str":"TouchEvent(state=9c9f67805a85e4b7ff10d7aae5533d3e,view=d263549a7dc33cccd9dacde1c74cbfba)","tag":"2024-03-29_152644976491","device_time":"2024-03-29 15:26:47.482","epoch":"1711693607482","to_tag":"2024-03-29_152648811563","index":25,"image":"screenshots\\screen_2024-03-29_152644976491.jpg","to_image":"screenshots\\screen_2024-03-29_152648811563.jpg","crash":{},"anr":{},"dqa":{},"from":"9c9f67805a85e4b7ff10d7aae5533d3e","to":"45a34cdcc9eb944bb11c665ed77f1b95","view_img":"views\\view_d263549a7dc33cccd9dacde1c74cbfba_2024-03-29_152644976491.jpg"}