{"event":{"view":{"activity_name":"com.sec.android.app.sbrowser/.SBrowserMainActivity","resource_id":"com.sec.android.app.sbrowser:id/bookmark_star_icon","class_":"android.widget.ImageButton","pointer":null,"content_desc":"Remove from Bookmarks","enabled":true,"visible":true,"checked":false,"selected":false,"editable":false,"clickable":true,"long_clickable":false,"scrollable_horizontal":false,"scrollable_vertical":false,"checkable":false,"text":null,"text_hint":null,"bounds":[57,89,125,196],"rel_bounds":[57,89,125,196],"children":[],"ancestors":[],"semantic_classes":["Button (including text and image)"],"uid":"55e82f269731601b75f8abb885973260","is_password":false,"serialize_class":"AndroidViewTree","package_name":"com.sec.android.app.sbrowser","fingerprint":"","meta_info":null},"event_type":"touch","_proba":0.3616106778778755,"tag":"2024-03-29_152749729855"},"str":"TouchEvent(state=2b8848fbfa5b5cfe073fa0997aa13137,view=55e82f269731601b75f8abb885973260)","tag":"2024-03-29_152749729855","device_time":"2024-03-29 15:27:52.241","epoch":"1711693672241","to_tag":"2024-03-29_152753573599","index":40,"image":"screenshots\\screen_2024-03-29_152749729855.jpg","to_image":"screenshots\\screen_2024-03-29_152753573599.jpg","crash":{},"anr":{},"dqa":{},"from":"2b8848fbfa5b5cfe073fa0997aa13137","to":"2b8848fbfa5b5cfe073fa0997aa13137","view_img":"views\\view_55e82f269731601b75f8abb885973260_2024-03-29_152749729855.jpg"}