{"event":{"view":{"activity_name":"com.sec.android.app.sbrowser/.SBrowserMainActivity","resource_id":"com.sec.android.app.sbrowser:id/container","class_":"android.widget.Button","pointer":null,"content_desc":"History","enabled":true,"visible":true,"checked":false,"selected":false,"editable":false,"clickable":true,"long_clickable":true,"scrollable_horizontal":false,"scrollable_vertical":false,"checkable":false,"text":null,"text_hint":null,"bounds":[318,1179,517,1398],"rel_bounds":[318,1179,517,1398],"children":[{"activity_name":"com.sec.android.app.sbrowser/.SBrowserMainActivity","resource_id":"com.sec.android.app.sbrowser:id/item_container","class_":"android.widget.RelativeLayout","pointer":null,"content_desc":null,"enabled":true,"visible":true,"checked":false,"selected":false,"editable":false,"clickable":false,"long_clickable":false,"scrollable_horizontal":false,"scrollable_vertical":false,"checkable":false,"text":null,"text_hint":null,"bounds":[318,1179,517,1398],"rel_bounds":[318,1179,517,1398],"children":[{"activity_name":"com.sec.android.app.sbrowser/.SBrowserMainActivity","resource_id":"com.sec.android.app.sbrowser:id/top_container","class_":"android.widget.RelativeLayout","pointer":null,"content_desc":null,"enabled":true,"visible":true,"checked":false,"selected":false,"editable":false,"clickable":false,"long_clickable":false,"scrollable_horizontal":false,"scrollable_vertical":false,"checkable":false,"text":null,"text_hint":null,"bounds":[318,1179,517,1286],"rel_bounds":[318,1179,517,1286],"children":[{"activity_name":"com.sec.android.app.sbrowser/.SBrowserMainActivity","resource_id":null,"class_":"android.widget.LinearLayout","pointer":null,"content_desc":null,"enabled":true,"visible":false,"checked":false,"selected":false,"editable":false,"clickable":false,"long_clickable":false,"scrollable_horizontal":false,"scrollable_vertical":false,"checkable":false,"text":null,"text_hint":null,"bounds":[459,1199,459,1199],"rel_bounds":[459,1199,459,1199],"children":[],"ancestors":[],"semantic_classes":["Layout"],"uid":"7316f21f54a0da8a467413ec7f909df3","is_password":false,"serialize_class":"AndroidViewTree","package_name":"com.sec.android.app.sbrowser","fingerprint":"","meta_info":null},{"activity_name":"com.sec.android.app.sbrowser/.SBrowserMainActivity","resource_id":"com.sec.android.app.sbrowser:id/icon_container","class_":"android.widget.LinearLayout","pointer":null,"content_desc":null,"enabled":true,"visible":true,"checked":false,"selected":false,"editable":false,"clickable":false,"long_clickable":false,"scrollable_horizontal":false,"scrollable_vertical":false,"checkable":false,"text":null,"text_hint":null,"bounds":[383,1207,451,1275],"rel_bounds":[383,1207,451,1275],"children":[{"activity_name":"com.sec.android.app.sbrowser/.SBrowserMainActivity","resource_id":"com.sec.android.app.sbrowser:id/icon","class_":"android.widget.ImageView","pointer":null,"content_desc":null,"enabled":true,"visible":true,"checked":false,"selected":false,"editable":false,"clickable":false,"long_clickable":false,"scrollable_horizontal":false,"scrollable_vertical":false,"checkable":false,"text":null,"text_hint":null,"bounds":[383,1207,451,1275],"rel_bounds":[383,1207,451,1275],"children":[],"ancestors":[],"semantic_classes":["Image"],"uid":"898b8b472abbee86ac24e476b399af64","is_password":false,"serialize_class":"AndroidViewTree","package_name":"com.sec.android.app.sbrowser","fingerprint":"","meta_info":null}],"ancestors":[],"semantic_classes":["Layout"],"uid":"d5d13b8b3050cd98bb99b03fda2c89c9","is_password":false,"serialize_class":"AndroidViewTree","package_name":"com.sec.android.app.sbrowser","fingerprint":"","meta_info":null}],"ancestors":[],"semantic_classes":["Layout"],"uid":"eafa56f85a0190b08319fd87414dd34f","is_password":false,"serialize_class":"AndroidViewTree","package_name":"com.sec.android.app.sbrowser","fingerprint":"","meta_info":null},{"activity_name":"com.sec.android.app.sbrowser/.SBrowserMainActivity","resource_id":"com.sec.android.app.sbrowser:id/text","class_":"android.widget.TextView","pointer":null,"content_desc":null,"enabled":true,"visible":true,"checked":false,"selected":false,"editable":false,"clickable":false,"long_clickable":false,"scrollable_horizontal":false,"scrollable_vertical":false,"checkable":false,"text":"History","text_hint":null,"bounds":[363,1286,472,1333],"rel_bounds":[363,1286,472,1333],"children":[],"ancestors":[],"semantic_classes":["Button (including text and image)"],"uid":"6b30a7139e93a6212b7d6b4b04afb73b","is_password":false,"serialize_class":"AndroidViewTree","package_name":"com.sec.android.app.sbrowser","fingerprint":"","meta_info":null}],"ancestors":[],"semantic_classes":["Layout"],"uid":"09a9da0af4d159b65d67301c84de0cd8","is_password":false,"serialize_class":"AndroidViewTree","package_name":"com.sec.android.app.sbrowser","fingerprint":"","meta_info":null}],"ancestors":[],"semantic_classes":["Button (including text and image)"],"uid":"5b337807a46940a5d4a9c443a8babd8c","is_password":false,"serialize_class":"AndroidViewTree","package_name":"com.sec.android.app.sbrowser","fingerprint":"","meta_info":null},"event_type":"touch","_proba":0.08998726591962994,"tag":"2024-03-29_153822818568"},"str":"TouchEvent(state=13201b787fe086ccd269a5e365555e6f,view=5b337807a46940a5d4a9c443a8babd8c)","tag":"2024-03-29_153822818568","device_time":"2024-03-29 15:38:25.315","epoch":"1711694305315","to_tag":"2024-03-29_153826641158","index":185,"image":"screenshots\\screen_2024-03-29_153822818568.jpg","to_image":"screenshots\\screen_2024-03-29_153826641158.jpg","crash":{},"anr":{},"dqa":{},"from":"13201b787fe086ccd269a5e365555e6f","to":"079f1aedd1b4f6afa01034cb07b8edd3","view_img":"views\\view_5b337807a46940a5d4a9c443a8babd8c_2024-03-29_153822818568.jpg"}