{"event":{"view":{"activity_name":"com.sec.android.app.sbrowser/.sites.SitesActivity","resource_id":"com.sec.android.app.sbrowser:id/actionbar_select_all_checkbox","class_":"android.widget.CheckBox","pointer":null,"content_desc":"4 selected.","enabled":true,"visible":true,"checked":true,"selected":false,"editable":false,"clickable":true,"long_clickable":false,"scrollable_horizontal":false,"scrollable_vertical":false,"checkable":true,"text":null,"text_hint":null,"bounds":[45,156,135,246],"rel_bounds":[45,156,135,246],"children":[],"ancestors":[],"semantic_classes":["Container (including radio buttons and checkboxes"],"uid":"92caf9b8909236855650538b2e3abf62","is_password":false,"serialize_class":"AndroidViewTree","package_name":"com.sec.android.app.sbrowser","fingerprint":"","meta_info":null},"event_type":"touch","_proba":0.16080404158782,"tag":"2024-03-29_153629155546"},"str":"TouchEvent(state=85852db86e5648081d0555fb891f20b3,view=92caf9b8909236855650538b2e3abf62)","tag":"2024-03-29_153629155546","device_time":"2024-03-29 15:36:31.640","epoch":"1711694191640","to_tag":"2024-03-29_153632965374","index":155,"image":"screenshots\\screen_2024-03-29_153629155546.jpg","to_image":"screenshots\\screen_2024-03-29_153632965374.jpg","crash":{},"anr":{},"dqa":{},"from":"85852db86e5648081d0555fb891f20b3","to":"8c77222f61f78c68826e5076f2aaed35","view_img":"views\\view_92caf9b8909236855650538b2e3abf62_2024-03-29_153629155546.jpg"}