{"event":{"view":{"activity_name":"com.sec.android.app.sbrowser/.sites.bookmark.view.select_bookmark_folder.SelectBookmarkFolderActivity","resource_id":"android:id/button1","class_":"android.widget.Button","pointer":null,"content_desc":null,"enabled":true,"visible":true,"checked":false,"selected":false,"editable":false,"clickable":true,"long_clickable":false,"scrollable_horizontal":false,"scrollable_vertical":false,"checkable":false,"text":"Create","text_hint":null,"bounds":[543,1979,984,2080],"rel_bounds":[543,1979,984,2080],"children":[],"ancestors":[],"semantic_classes":["collection manipulation (add, delete, etc.)","Button (including text and image)"],"uid":"47d8187731217df3bcf24e426d8aa3b1","is_password":false,"serialize_class":"AndroidViewTree","package_name":"com.sec.android.app.sbrowser","fingerprint":"","meta_info":null},"event_type":"touch","_proba":0.49020979965442146,"tag":"2024-03-29_153645084990"},"str":"TouchEvent(state=263c313828e277b1488dcf687fa6dbb8,view=47d8187731217df3bcf24e426d8aa3b1)","tag":"2024-03-29_153645084990","device_time":"2024-03-29 15:36:47.558","epoch":"1711694207558","to_tag":"2024-03-29_153648877500","index":159,"image":"screenshots\\screen_2024-03-29_153645084990.jpg","to_image":"screenshots\\screen_2024-03-29_153648877500.jpg","crash":{},"anr":{},"dqa":{},"from":"263c313828e277b1488dcf687fa6dbb8","to":"4cf4f6f65b1a6960b84d5a2402e5e75c","view_img":"views\\view_47d8187731217df3bcf24e426d8aa3b1_2024-03-29_153645084990.jpg"}