{"event":{"view":{"activity_name":"com.sec.android.app.sbrowser/.sites.SitesActivity","resource_id":null,"class_":"android.widget.LinearLayout","pointer":null,"content_desc":null,"enabled":true,"visible":true,"checked":false,"selected":false,"editable":false,"clickable":true,"long_clickable":false,"scrollable_horizontal":false,"scrollable_vertical":false,"checkable":false,"text":null,"text_hint":null,"bounds":[579,136,1052,280],"rel_bounds":[579,136,1052,280],"children":[{"activity_name":"com.sec.android.app.sbrowser/.sites.SitesActivity","resource_id":"com.sec.android.app.sbrowser:id/content","class_":"android.widget.LinearLayout","pointer":null,"content_desc":null,"enabled":true,"visible":true,"checked":false,"selected":false,"editable":false,"clickable":false,"long_clickable":false,"scrollable_horizontal":false,"scrollable_vertical":false,"checkable":false,"text":null,"text_hint":null,"bounds":[579,153,1052,280],"rel_bounds":[579,153,1052,280],"children":[{"activity_name":"com.sec.android.app.sbrowser/.sites.SitesActivity","resource_id":null,"class_":"android.widget.RelativeLayout","pointer":null,"content_desc":null,"enabled":true,"visible":false,"checked":false,"selected":false,"editable":false,"clickable":false,"long_clickable":false,"scrollable_horizontal":false,"scrollable_vertical":false,"checkable":false,"text":null,"text_hint":null,"bounds":[647,185,984,248],"rel_bounds":[647,185,984,248],"children":[{"activity_name":"com.sec.android.app.sbrowser/.sites.SitesActivity","resource_id":"com.sec.android.app.sbrowser:id/title_parent","class_":"android.widget.LinearLayout","pointer":null,"content_desc":null,"enabled":true,"visible":false,"checked":false,"selected":false,"editable":false,"clickable":false,"long_clickable":false,"scrollable_horizontal":false,"scrollable_vertical":false,"checkable":false,"text":null,"text_hint":null,"bounds":[647,185,728,248],"rel_bounds":[647,185,728,248],"children":[{"activity_name":"com.sec.android.app.sbrowser/.sites.SitesActivity","resource_id":"com.sec.android.app.sbrowser:id/title","class_":"android.widget.TextView","pointer":null,"content_desc":null,"enabled":true,"visible":false,"checked":false,"selected":false,"editable":false,"clickable":false,"long_clickable":false,"scrollable_horizontal":false,"scrollable_vertical":false,"checkable":false,"text":"Edit","text_hint":null,"bounds":[647,185,728,248],"rel_bounds":[647,185,728,248],"children":[],"ancestors":[],"semantic_classes":["Button (including text and image)"],"uid":"9fdf54c2459c6beb3ce1231f7bedf850","is_password":false,"serialize_class":"AndroidViewTree","package_name":"com.sec.android.app.sbrowser","fingerprint":"","meta_info":null}],"ancestors":[],"semantic_classes":["Layout"],"uid":"7a978a17d68414a43bb5eea8fea86770","is_password":false,"serialize_class":"AndroidViewTree","package_name":"com.sec.android.app.sbrowser","fingerprint":"","meta_info":null}],"ancestors":[],"semantic_classes":["Layout"],"uid":"abec30fb26f9722e76c63075aaefbf4a","is_password":false,"serialize_class":"AndroidViewTree","package_name":"com.sec.android.app.sbrowser","fingerprint":"","meta_info":null}],"ancestors":[],"semantic_classes":["Layout"],"uid":"04cd58759c3a9d9aa72b3583c6b6716d","is_password":false,"serialize_class":"AndroidViewTree","package_name":"com.sec.android.app.sbrowser","fingerprint":"","meta_info":null}],"ancestors":[],"semantic_classes":["Layout"],"uid":"52050a8ce6c8d7ff20dfbb0fffb30243","is_password":false,"serialize_class":"AndroidViewTree","package_name":"com.sec.android.app.sbrowser","fingerprint":"","meta_info":null},"event_type":"touch","_proba":0.3626805278730841,"tag":"2024-03-29_152738395362"},"str":"TouchEvent(state=d7794f88ca5e0a4d2702a3e7149ec11c,view=52050a8ce6c8d7ff20dfbb0fffb30243)","tag":"2024-03-29_152738395362","device_time":"2024-03-29 15:27:40.841","epoch":"1711693660841","to_tag":"2024-03-29_152742131839","index":37,"image":"screenshots\\screen_2024-03-29_152738395362.jpg","to_image":"screenshots\\screen_2024-03-29_152742131839.jpg","crash":{},"anr":{},"dqa":{},"from":"d7794f88ca5e0a4d2702a3e7149ec11c","to":"d7794f88ca5e0a4d2702a3e7149ec11c","view_img":"views\\view_52050a8ce6c8d7ff20dfbb0fffb30243_2024-03-29_152738395362.jpg"}