{"event":{"view":{"activity_name":"com.android.settings/com.samsung.android.settings.usefulfeature.intelligenceservice.IntelligenceServiceActivity","resource_id":"com.android.settings:id/button_continue","class_":"android.widget.Button","pointer":null,"content_desc":null,"enabled":true,"visible":true,"checked":false,"selected":false,"editable":false,"clickable":true,"long_clickable":false,"scrollable_horizontal":false,"scrollable_vertical":false,"checkable":false,"text":"Continue","text_hint":null,"bounds":[236,2029,844,2153],"rel_bounds":[236,2029,844,2153],"children":[],"ancestors":[],"semantic_classes":["next-like button","Button (including text and image)"],"uid":"ccecd21d11940a9831a759e6f43739b6","is_password":false,"serialize_class":"AndroidViewTree","package_name":"com.android.settings","fingerprint":"","meta_info":null},"event_type":"touch","_proba":0.9520409311544402,"tag":"2024-03-29_152656518776"},"str":"TouchEvent(state=2560a1907cdd14fdc6e7593447ccd7a3,view=ccecd21d11940a9831a759e6f43739b6)","tag":"2024-03-29_152656518776","device_time":"2024-03-29 15:26:59.006","epoch":"1711693619006","to_tag":"2024-03-29_152700418398","index":28,"image":"screenshots\\screen_2024-03-29_152656518776.jpg","to_image":"screenshots\\screen_2024-03-29_152700418398.jpg","crash":{"com.sec.android.app.sbrowser":[{"pid":"21458","trace":["java.lang.RuntimeException: Failure delivering result ResultInfo{who=null, request=2374, result=-1, data=null} to activity {com.sec.android.app.sbrowser/com.sec.android.app.sbrowser.SBrowserMainActivity}: java.lang.IllegalArgumentException: You cannot keep your settings in the secure settings.\r","\tat android.app.ActivityThread.deliverResults(ActivityThread.java:6062)\r","\tat android.app.ActivityThread.handleSendResult(ActivityThread.java:6101)\r","\tat android.app.servertransaction.ActivityResultItem.execute(ActivityResultItem.java:67)\r","\tat android.app.servertransaction.ActivityTransactionItem.execute(ActivityTransactionItem.java:45)\r","\tat android.app.servertransaction.TransactionExecutor.executeCallbacks(TransactionExecutor.java:139)\r","\tat android.app.servertransaction.TransactionExecutor.execute(TransactionExecutor.java:96)\r","\tat android.app.ActivityThread$H.handleMessage(ActivityThread.java:2685)\r","\tat android.os.Handler.dispatchMessage(Handler.java:106)\r","\tat android.os.Looper.loopOnce(Looper.java:230)\r","\tat android.os.Looper.loop(Looper.java:319)\r","\tat android.app.ActivityThread.main(ActivityThread.java:8913)\r","\tat java.lang.reflect.Method.invoke(Native Method)\r","\tat com.android.internal.os.RuntimeInit$MethodAndArgsCaller.run(RuntimeInit.java:608)\r","\tat com.android.internal.os.ZygoteInit.main(ZygoteInit.java:1103)\r","Caused by: java.lang.IllegalArgumentException: You cannot keep your settings in the secure settings.\r","\tat android.database.DatabaseUtils.readExceptionFromParcel(DatabaseUtils.java:172)\r","\tat android.database.DatabaseUtils.readExceptionFromParcel(DatabaseUtils.java:142)\r","\tat android.content.ContentProviderProxy.call(ContentProviderNative.java:764)\r","\tat android.provider.Settings$NameValueCache.putStringForUser(Settings.java:3392)\r","\tat android.provider.Settings$System.putStringForUser(Settings.java:4388)\r","\tat android.provider.Settings$System.putStringForUser(Settings.java:4368)\r","\tat android.provider.Settings$System.putStringForUser(Settings.java:4362)\r","\tat android.provider.Settings$System.putIntForUser(Settings.java:4511)\r","\tat android.provider.Settings$System.putInt(Settings.java:4504)\r","\tat com.sec.android.app.sbrowser.common.device.DeviceSettings.setUserConsent(Unknown Source:10)\r","\tat com.sec.android.app.sbrowser.main_view.MainViewUtil.onStartConsentActivityResult(Unknown Source:17)\r","\tat com.sec.android.app.sbrowser.main_view.MainViewUtil.handleActivityResult(Unknown Source:106)\r","\tat com.sec.android.app.sbrowser.main_view.MainViewImpl.handleActivityResult(Unknown Source:2)\r","\tat com.sec.android.app.sbrowser.SBrowserMainActivity.onActivityResult(Unknown Source:5)\r","\tat android.app.Activity.dispatchActivityResult(Activity.java:9342)\r","\tat android.app.ActivityThread.deliverResults(ActivityThread.java:6055)\r","\t... 13 more\r"]}]},"anr":{},"dqa":{},"from":"2560a1907cdd14fdc6e7593447ccd7a3","to":"002424a97f278df6dbb9bb6ebc28b4aa","view_img":"views\\view_ccecd21d11940a9831a759e6f43739b6_2024-03-29_152656518776.jpg"}