{"event":{"view":{"activity_name":"com.sec.android.app.sbrowser/.SBrowserMainActivity","resource_id":"com.sec.android.app.sbrowser:id/bookmark_star_icon","class_":"android.widget.ImageButton","pointer":null,"content_desc":"Remove from Bookmarks","enabled":true,"visible":true,"checked":false,"selected":false,"editable":false,"clickable":true,"long_clickable":false,"scrollable_horizontal":false,"scrollable_vertical":false,"checkable":false,"text":null,"text_hint":null,"bounds":[57,89,125,196],"rel_bounds":[57,89,125,196],"children":[],"ancestors":[],"semantic_classes":["Button (including text and image)"],"uid":"55e82f269731601b75f8abb885973260","is_password":false,"serialize_class":"AndroidViewTree","package_name":"com.sec.android.app.sbrowser","fingerprint":"","meta_info":null},"event_type":"touch","_proba":0.3044266807219827,"tag":"2024-03-29_160128404275"},"str":"TouchEvent(state=533961ff3d55db3159a649172cb92292,view=55e82f269731601b75f8abb885973260)","tag":"2024-03-29_160128404275","device_time":"2024-03-29 16:01:30.900","epoch":"1711695690900","to_tag":"2024-03-29_160132209698","index":477,"image":"screenshots\\screen_2024-03-29_160128404275.jpg","to_image":"screenshots\\screen_2024-03-29_160132209698.jpg","crash":{},"anr":{},"dqa":{},"from":"533961ff3d55db3159a649172cb92292","to":"533961ff3d55db3159a649172cb92292","view_img":"views\\view_55e82f269731601b75f8abb885973260_2024-03-29_160128404275.jpg"}