{"event":{"view":{"activity_name":"com.sec.android.app.sbrowser/.SBrowserMainActivity","resource_id":"com.sec.android.app.sbrowser:id/action_tabs","class_":"android.widget.Button","pointer":null,"content_desc":"Tabs","enabled":true,"visible":true,"checked":false,"selected":false,"editable":false,"clickable":true,"long_clickable":true,"scrollable_horizontal":false,"scrollable_vertical":false,"checkable":false,"text":null,"text_hint":null,"bounds":[770,2046,925,2181],"rel_bounds":[770,2046,925,2181],"children":[{"activity_name":"com.sec.android.app.sbrowser/.SBrowserMainActivity","resource_id":"com.sec.android.app.sbrowser:id/tabs_icon","class_":"android.widget.TextView","pointer":null,"content_desc":null,"enabled":true,"visible":true,"checked":false,"selected":false,"editable":false,"clickable":false,"long_clickable":false,"scrollable_horizontal":false,"scrollable_vertical":false,"checkable":false,"text":"2","text_hint":null,"bounds":[813,2079,881,2147],"rel_bounds":[813,2079,881,2147],"children":[],"ancestors":[],"semantic_classes":["Button (including text and image)"],"uid":"a11a8cde68e162d094f2d49c6053c50f","is_password":false,"serialize_class":"AndroidViewTree","package_name":"com.sec.android.app.sbrowser","fingerprint":"","meta_info":null}],"ancestors":[],"semantic_classes":["Button (including text and image)"],"uid":"d263549a7dc33cccd9dacde1c74cbfba","is_password":false,"serialize_class":"AndroidViewTree","package_name":"com.sec.android.app.sbrowser","fingerprint":"","meta_info":null},"duration":2000,"event_type":"long_touch","_proba":0.0001617524955635053,"tag":"2024-03-29_153302025846"},"str":"LongTouchEvent(state=9c9f67805a85e4b7ff10d7aae5533d3e,view=d263549a7dc33cccd9dacde1c74cbfba,duration=2000)","tag":"2024-03-29_153302025846","device_time":"2024-03-29 15:33:09.520","epoch":"1711693989520","to_tag":"2024-03-29_153310809846","index":110,"image":null,"to_image":null,"crash":{},"anr":{},"dqa":{},"from":"9c9f67805a85e4b7ff10d7aae5533d3e","to":"9c9f67805a85e4b7ff10d7aae5533d3e","view_img":"views\\view_d263549a7dc33cccd9dacde1c74cbfba_2024-03-29_153302025846.jpg"}