{"event":{"view":{"activity_name":"com.sec.android.app.sbrowser/.SBrowserMainActivity","resource_id":"com.sec.android.app.sbrowser:id/action_bookmarks","class_":"android.widget.ImageButton","pointer":null,"content_desc":"Bookmarks","enabled":true,"visible":true,"checked":false,"selected":false,"editable":false,"clickable":true,"long_clickable":true,"scrollable_horizontal":false,"scrollable_vertical":false,"checkable":false,"text":null,"text_hint":null,"bounds":[616,2046,770,2181],"rel_bounds":[616,2046,770,2181],"children":[],"ancestors":[],"semantic_classes":["Button (including text and image)"],"uid":"619cf02349624a12144566da6e306dbd","is_password":false,"serialize_class":"AndroidViewTree","package_name":"com.sec.android.app.sbrowser","fingerprint":"","meta_info":null},"event_type":"touch","_proba":0.17146171497962076,"tag":"2024-03-29_154951718108"},"str":"TouchEvent(state=010fc5847e452b204df60655b56433b9,view=619cf02349624a12144566da6e306dbd)","tag":"2024-03-29_154951718108","device_time":"2024-03-29 15:49:54.212","epoch":"1711694994212","to_tag":"2024-03-29_154955482176","index":332,"image":"screenshots\\screen_2024-03-29_154951718108.jpg","to_image":"screenshots\\screen_2024-03-29_154955482176.jpg","crash":{},"anr":{},"dqa":{},"from":"010fc5847e452b204df60655b56433b9","to":"d5d7dd131d6a0e25e2e49ba0c9d76f39","view_img":"views\\view_619cf02349624a12144566da6e306dbd_2024-03-29_154951718108.jpg"}