{"event":{"view":{"activity_name":"com.sec.android.app.sbrowser/.SBrowserMainActivity","resource_id":"com.sec.android.app.sbrowser:id/action_forward","class_":"android.widget.ImageButton","pointer":null,"content_desc":"Forward","enabled":true,"visible":true,"checked":false,"selected":false,"editable":false,"clickable":true,"long_clickable":true,"scrollable_horizontal":false,"scrollable_vertical":false,"checkable":false,"text":null,"text_hint":null,"bounds":[154,2046,308,2181],"rel_bounds":[154,2046,308,2181],"children":[],"ancestors":[],"semantic_classes":["Button (including text and image)"],"uid":"b7497edcfdc7999d5e021137ad599ab4","is_password":false,"serialize_class":"AndroidViewTree","package_name":"com.sec.android.app.sbrowser","fingerprint":"","meta_info":null},"event_type":"touch","_proba":0.10633307867231644,"tag":"2024-03-29_153933477792"},"str":"TouchEvent(state=a6fbb6ababe19f89fb90cd8e0ded653f,view=b7497edcfdc7999d5e021137ad599ab4)","tag":"2024-03-29_153933477792","device_time":"2024-03-29 15:39:36.488","epoch":"1711694376488","to_tag":"2024-03-29_153937805370","index":203,"image":"screenshots\\screen_2024-03-29_153933477792.jpg","to_image":"screenshots\\screen_2024-03-29_153937805370.jpg","crash":{},"anr":{},"dqa":{},"from":"a6fbb6ababe19f89fb90cd8e0ded653f","to":"bd05696375f96d160c46000184ad936d","view_img":"views\\view_b7497edcfdc7999d5e021137ad599ab4_2024-03-29_153933477792.jpg"}