{"event":{"view":{"activity_name":"com.sec.android.app.sbrowser/.sites.SitesActivity","resource_id":"com.sec.android.app.sbrowser:id/displayed_view","class_":"android.widget.LinearLayout","pointer":null,"content_desc":"Folder 5, Double tap to open folder.","enabled":true,"visible":true,"checked":false,"selected":false,"editable":false,"clickable":true,"long_clickable":true,"scrollable_horizontal":false,"scrollable_vertical":false,"checkable":false,"text":null,"text_hint":null,"bounds":[0,1406,1080,1564],"rel_bounds":[0,1406,1080,1564],"children":[{"activity_name":"com.sec.android.app.sbrowser/.sites.SitesActivity","resource_id":"com.sec.android.app.sbrowser:id/show_bookmarks_view","class_":"android.widget.LinearLayout","pointer":null,"content_desc":null,"enabled":true,"visible":true,"checked":false,"selected":false,"editable":false,"clickable":false,"long_clickable":false,"scrollable_horizontal":false,"scrollable_vertical":false,"checkable":false,"text":null,"text_hint":null,"bounds":[0,1406,1080,1564],"rel_bounds":[0,1406,1080,1564],"children":[{"activity_name":"com.sec.android.app.sbrowser/.sites.SitesActivity","resource_id":"com.sec.android.app.sbrowser:id/bookmark_fav_icon_parent","class_":"android.widget.FrameLayout","pointer":null,"content_desc":null,"enabled":true,"visible":true,"checked":false,"selected":false,"editable":false,"clickable":false,"long_clickable":false,"scrollable_horizontal":false,"scrollable_vertical":false,"checkable":false,"text":null,"text_hint":null,"bounds":[68,1434,169,1535],"rel_bounds":[68,1434,169,1535],"children":[{"activity_name":"com.sec.android.app.sbrowser/.sites.SitesActivity","resource_id":"com.sec.android.app.sbrowser:id/folder_icon","class_":"android.widget.ImageView","pointer":null,"content_desc":null,"enabled":true,"visible":true,"checked":false,"selected":false,"editable":false,"clickable":false,"long_clickable":false,"scrollable_horizontal":false,"scrollable_vertical":false,"checkable":false,"text":null,"text_hint":null,"bounds":[79,1445,158,1524],"rel_bounds":[79,1445,158,1524],"children":[],"ancestors":[],"semantic_classes":["Image"],"uid":"4d2e501c025b3c7a9582dff1d838b729","is_password":false,"serialize_class":"AndroidViewTree","package_name":"com.sec.android.app.sbrowser","fingerprint":"","meta_info":null}],"ancestors":[],"semantic_classes":["Layout"],"uid":"6bc4f72575693afbcaddde919e994489","is_password":false,"serialize_class":"AndroidViewTree","package_name":"com.sec.android.app.sbrowser","fingerprint":"","meta_info":null},{"activity_name":"com.sec.android.app.sbrowser/.sites.SitesActivity","resource_id":null,"class_":"android.widget.FrameLayout","pointer":null,"content_desc":null,"enabled":true,"visible":true,"checked":false,"selected":false,"editable":false,"clickable":false,"long_clickable":false,"scrollable_horizontal":false,"scrollable_vertical":false,"checkable":false,"text":null,"text_hint":null,"bounds":[214,1406,1080,1564],"rel_bounds":[214,1406,1080,1564],"children":[{"activity_name":"com.sec.android.app.sbrowser/.sites.SitesActivity","resource_id":null,"class_":"android.widget.LinearLayout","pointer":null,"content_desc":null,"enabled":true,"visible":true,"checked":false,"selected":false,"editable":false,"clickable":false,"long_clickable":false,"scrollable_horizontal":false,"scrollable_vertical":false,"checkable":false,"text":null,"text_hint":null,"bounds":[214,1406,1012,1564],"rel_bounds":[214,1406,1012,1564],"children":[{"activity_name":"com.sec.android.app.sbrowser/.sites.SitesActivity","resource_id":"com.sec.android.app.sbrowser:id/bookmark_title_parent","class_":"android.widget.FrameLayout","pointer":null,"content_desc":null,"enabled":true,"visible":true,"checked":false,"selected":false,"editable":false,"clickable":false,"long_clickable":false,"scrollable_horizontal":false,"scrollable_vertical":false,"checkable":false,"text":null,"text_hint":null,"bounds":[214,1406,1012,1564],"rel_bounds":[214,1406,1012,1564],"children":[{"activity_name":"com.sec.android.app.sbrowser/.sites.SitesActivity","resource_id":"com.sec.android.app.sbrowser:id/bookmark_folder_title","class_":"android.widget.TextView","pointer":null,"content_desc":"Folder 5, Double tap to open folder.","enabled":true,"visible":true,"checked":false,"selected":false,"editable":false,"clickable":false,"long_clickable":false,"scrollable_horizontal":false,"scrollable_vertical":false,"checkable":false,"text":"Folder 5","text_hint":null,"bounds":[214,1406,391,1564],"rel_bounds":[214,1406,391,1564],"children":[],"ancestors":[],"semantic_classes":["Button (including text and image)"],"uid":"3aa1f4f3afbf37e9b99e400f8191577b","is_password":false,"serialize_class":"AndroidViewTree","package_name":"com.sec.android.app.sbrowser","fingerprint":"","meta_info":null}],"ancestors":[],"semantic_classes":["Layout"],"uid":"bd8d6285d6aa385b7def7fd0ce203c20","is_password":false,"serialize_class":"AndroidViewTree","package_name":"com.sec.android.app.sbrowser","fingerprint":"","meta_info":null}],"ancestors":[],"semantic_classes":["Layout"],"uid":"d4d1d7cb39b8dccd75bd89937a23a5a3","is_password":false,"serialize_class":"AndroidViewTree","package_name":"com.sec.android.app.sbrowser","fingerprint":"","meta_info":null},{"activity_name":"com.sec.android.app.sbrowser/.sites.SitesActivity","resource_id":"com.sec.android.app.sbrowser:id/bookmark_list_divider","class_":"android.view.View","pointer":null,"content_desc":null,"enabled":true,"visible":true,"checked":false,"selected":false,"editable":false,"clickable":false,"long_clickable":false,"scrollable_horizontal":false,"scrollable_vertical":false,"checkable":false,"text":null,"text_hint":null,"bounds":[214,1562,1029,1564],"rel_bounds":[214,1562,1029,1564],"children":[],"ancestors":[],"semantic_classes":["Base View Android API class (android.view.View)"],"uid":"989ddfd6915ec804ee93d05a102c8cdc","is_password":false,"serialize_class":"AndroidViewTree","package_name":"com.sec.android.app.sbrowser","fingerprint":"","meta_info":null}],"ancestors":[],"semantic_classes":["Layout"],"uid":"6da7065cf046ec788c2d67cec00d29be","is_password":false,"serialize_class":"AndroidViewTree","package_name":"com.sec.android.app.sbrowser","fingerprint":"","meta_info":null}],"ancestors":[],"semantic_classes":["Layout"],"uid":"b6c03595c730c6d04e263e5b9b659bf6","is_password":false,"serialize_class":"AndroidViewTree","package_name":"com.sec.android.app.sbrowser","fingerprint":"","meta_info":null}],"ancestors":[],"semantic_classes":["Layout"],"uid":"8c876c014d86a341875f59625ef4e9a8","is_password":false,"serialize_class":"AndroidViewTree","package_name":"com.sec.android.app.sbrowser","fingerprint":"","meta_info":null},"event_type":"touch","_proba":0.017930230137117465,"tag":"2024-03-29_155026548834"},"str":"TouchEvent(state=d5d7dd131d6a0e25e2e49ba0c9d76f39,view=8c876c014d86a341875f59625ef4e9a8)","tag":"2024-03-29_155026548834","device_time":"2024-03-29 15:50:29.020","epoch":"1711695029020","to_tag":"2024-03-29_155030336862","index":341,"image":"screenshots\\screen_2024-03-29_155026548834.jpg","to_image":"screenshots\\screen_2024-03-29_155030336862.jpg","crash":{},"anr":{},"dqa":{},"from":"d5d7dd131d6a0e25e2e49ba0c9d76f39","to":"59a34ddcc553b7be4bb65b55c2ff911d","view_img":"views\\view_8c876c014d86a341875f59625ef4e9a8_2024-03-29_155026548834.jpg"}