{"event":{"view":{"activity_name":"com.sec.android.app.sbrowser/.sites.bookmark.view.select_bookmark_folder.SelectBookmarkFolderActivity","resource_id":"com.sec.android.app.sbrowser:id/save_btn_layout","class_":"android.widget.LinearLayout","pointer":null,"content_desc":null,"enabled":true,"visible":true,"checked":false,"selected":false,"editable":false,"clickable":true,"long_clickable":false,"scrollable_horizontal":false,"scrollable_vertical":false,"checkable":false,"text":null,"text_hint":null,"bounds":[540,2012,1080,2170],"rel_bounds":[540,2012,1080,2170],"children":[{"activity_name":"com.sec.android.app.sbrowser/.sites.bookmark.view.select_bookmark_folder.SelectBookmarkFolderActivity","resource_id":"com.sec.android.app.sbrowser:id/save_btn","class_":"android.widget.TextView","pointer":null,"content_desc":"Select, Button","enabled":true,"visible":true,"checked":false,"selected":false,"editable":false,"clickable":false,"long_clickable":false,"scrollable_horizontal":false,"scrollable_vertical":false,"checkable":false,"text":"Select","text_hint":null,"bounds":[574,2012,1012,2170],"rel_bounds":[574,2012,1012,2170],"children":[],"ancestors":[],"semantic_classes":["Button (including text and image)"],"uid":"8162bdbb0e07b64d052f17c01ce22dd8","is_password":false,"serialize_class":"AndroidViewTree","package_name":"com.sec.android.app.sbrowser","fingerprint":"","meta_info":null}],"ancestors":[],"semantic_classes":["Layout"],"uid":"701df9b6a6a3ab36fb52f29a23fea589","is_password":false,"serialize_class":"AndroidViewTree","package_name":"com.sec.android.app.sbrowser","fingerprint":"","meta_info":null},"event_type":"touch","_proba":0.3307712462483584,"tag":"2024-03-29_153711234539"},"str":"TouchEvent(state=8cdbd03cab3cdcd650346f5f2a2e6ab9,view=701df9b6a6a3ab36fb52f29a23fea589)","tag":"2024-03-29_153711234539","device_time":"2024-03-29 15:37:13.775","epoch":"1711694233775","to_tag":"2024-03-29_153715072668","index":166,"image":"screenshots\\screen_2024-03-29_153711234539.jpg","to_image":"screenshots\\screen_2024-03-29_153715072668.jpg","crash":{},"anr":{},"dqa":{},"from":"8cdbd03cab3cdcd650346f5f2a2e6ab9","to":"8cdbd03cab3cdcd650346f5f2a2e6ab9","view_img":"views\\view_701df9b6a6a3ab36fb52f29a23fea589_2024-03-29_153711234539.jpg"}