{"event":{"view":{"activity_name":"com.sec.android.app.sbrowser/.SBrowserMainActivity","resource_id":"com.sec.android.app.sbrowser:id/action_more","class_":"android.widget.Button","pointer":null,"content_desc":"Tools, New content available","enabled":true,"visible":true,"checked":false,"selected":false,"editable":false,"clickable":true,"long_clickable":true,"scrollable_horizontal":false,"scrollable_vertical":false,"checkable":false,"text":null,"text_hint":null,"bounds":[925,2046,1080,2181],"rel_bounds":[925,2046,1080,2181],"children":[{"activity_name":"com.sec.android.app.sbrowser/.SBrowserMainActivity","resource_id":"com.sec.android.app.sbrowser:id/bottombar_option_menu","class_":"android.widget.ImageView","pointer":null,"content_desc":null,"enabled":true,"visible":true,"checked":false,"selected":false,"editable":false,"clickable":false,"long_clickable":false,"scrollable_horizontal":false,"scrollable_vertical":false,"checkable":false,"text":null,"text_hint":null,"bounds":[968,2079,1036,2147],"rel_bounds":[968,2079,1036,2147],"children":[],"ancestors":[],"semantic_classes":["Image"],"uid":"0158213e6f46d8cefd6a811f94545798","is_password":false,"serialize_class":"AndroidViewTree","package_name":"com.sec.android.app.sbrowser","fingerprint":"","meta_info":null},{"activity_name":"com.sec.android.app.sbrowser/.SBrowserMainActivity","resource_id":null,"class_":"android.widget.LinearLayout","pointer":null,"content_desc":null,"enabled":true,"visible":true,"checked":false,"selected":false,"editable":false,"clickable":false,"long_clickable":false,"scrollable_horizontal":false,"scrollable_vertical":false,"checkable":false,"text":null,"text_hint":null,"bounds":[1027,2071,1044,2088],"rel_bounds":[1027,2071,1044,2088],"children":[{"activity_name":"com.sec.android.app.sbrowser/.SBrowserMainActivity","resource_id":"com.sec.android.app.sbrowser:id/bottombar_option_menu_badge","class_":"android.widget.ImageView","pointer":null,"content_desc":"New content available","enabled":true,"visible":true,"checked":false,"selected":false,"editable":false,"clickable":false,"long_clickable":false,"scrollable_horizontal":false,"scrollable_vertical":false,"checkable":false,"text":null,"text_hint":null,"bounds":[1027,2071,1044,2088],"rel_bounds":[1027,2071,1044,2088],"children":[],"ancestors":[],"semantic_classes":["Image"],"uid":"59d741563981a7de774ede43d9233ddc","is_password":false,"serialize_class":"AndroidViewTree","package_name":"com.sec.android.app.sbrowser","fingerprint":"","meta_info":null}],"ancestors":[],"semantic_classes":["Layout"],"uid":"254c3312a87d7143d9aa2bc3c6f262cc","is_password":false,"serialize_class":"AndroidViewTree","package_name":"com.sec.android.app.sbrowser","fingerprint":"","meta_info":null}],"ancestors":[],"semantic_classes":["Button (including text and image)"],"uid":"49d33f9e79801de93377f72b74505c31","is_password":false,"serialize_class":"AndroidViewTree","package_name":"com.sec.android.app.sbrowser","fingerprint":"","meta_info":null},"event_type":"touch","_proba":0.12383948836208332,"tag":"2024-03-29_155229656971"},"str":"TouchEvent(state=010fc5847e452b204df60655b56433b9,view=49d33f9e79801de93377f72b74505c31)","tag":"2024-03-29_155229656971","device_time":"2024-03-29 15:52:32.257","epoch":"1711695152257","to_tag":"2024-03-29_155233592920","index":373,"image":"screenshots\\screen_2024-03-29_155229656971.jpg","to_image":"screenshots\\screen_2024-03-29_155233592920.jpg","crash":{},"anr":{},"dqa":{},"from":"010fc5847e452b204df60655b56433b9","to":"13201b787fe086ccd269a5e365555e6f","view_img":"views\\view_49d33f9e79801de93377f72b74505c31_2024-03-29_155229656971.jpg"}