{"event":{"view":{"activity_name":"com.sec.android.app.sbrowser/.sites.SitesActivity","resource_id":"com.sec.android.app.sbrowser:id/group_header_indicator","class_":"android.widget.ImageView","pointer":null,"content_desc":"Collapse","enabled":true,"visible":true,"checked":false,"selected":false,"editable":false,"clickable":true,"long_clickable":false,"scrollable_horizontal":false,"scrollable_vertical":false,"checkable":false,"text":null,"text_hint":null,"bounds":[956,552,1012,608],"rel_bounds":[956,552,1012,608],"children":[],"ancestors":[],"semantic_classes":["Image"],"uid":"4f50efec75a702bd03abdc586cb2b8bc","is_password":false,"serialize_class":"AndroidViewTree","package_name":"com.sec.android.app.sbrowser","fingerprint":"","meta_info":null},"event_type":"touch","_proba":0.2998048207848542,"tag":"2024-03-29_153826641158"},"str":"TouchEvent(state=079f1aedd1b4f6afa01034cb07b8edd3,view=4f50efec75a702bd03abdc586cb2b8bc)","tag":"2024-03-29_153826641158","device_time":"2024-03-29 15:38:29.103","epoch":"1711694309103","to_tag":"2024-03-29_153830393336","index":186,"image":"screenshots\\screen_2024-03-29_153826641158.jpg","to_image":"screenshots\\screen_2024-03-29_153830393336.jpg","crash":{},"anr":{},"dqa":{},"from":"079f1aedd1b4f6afa01034cb07b8edd3","to":"35517d10bd20c1a13002622110ef6a3e","view_img":"views\\view_4f50efec75a702bd03abdc586cb2b8bc_2024-03-29_153826641158.jpg"}