{"event":{"view":{"activity_name":"com.sec.android.app.sbrowser/.settings.SettingsActivity","resource_id":null,"class_":"android.widget.ImageButton","pointer":null,"content_desc":"Navigate up","enabled":true,"visible":true,"checked":false,"selected":false,"editable":false,"clickable":true,"long_clickable":false,"scrollable_horizontal":false,"scrollable_vertical":false,"checkable":false,"text":null,"text_hint":null,"bounds":[0,120,158,300],"rel_bounds":[0,120,158,300],"children":[],"ancestors":[],"semantic_classes":["Button (including text and image)"],"uid":"b14cafe75d94cbecc1a21d04c9fd5df0","is_password":false,"serialize_class":"AndroidViewTree","package_name":"com.sec.android.app.sbrowser","fingerprint":"","meta_info":null},"event_type":"touch","_proba":0.4179312973090518,"tag":"2024-03-29_155855721232"},"str":"TouchEvent(state=5cdcb1a6dd0ae2b54d30e3f6991df328,view=b14cafe75d94cbecc1a21d04c9fd5df0)","tag":"2024-03-29_155855721232","device_time":"2024-03-29 15:58:58.276","epoch":"1711695538276","to_tag":"2024-03-29_155859614001","index":453,"image":"screenshots\\screen_2024-03-29_155855721232.jpg","to_image":null,"crash":{},"anr":{},"dqa":{},"from":"5cdcb1a6dd0ae2b54d30e3f6991df328","to":"9c9f67805a85e4b7ff10d7aae5533d3e","view_img":"views\\view_b14cafe75d94cbecc1a21d04c9fd5df0_2024-03-29_155855721232.jpg"}