{"event":{"view":{"activity_name":"com.sec.android.app.sbrowser/.SBrowserMainActivity","resource_id":"com.sec.android.app.sbrowser:id/tab_manager_back_button","class_":"android.widget.ImageButton","pointer":null,"content_desc":"Navigate up","enabled":true,"visible":true,"checked":false,"selected":false,"editable":false,"clickable":true,"long_clickable":false,"scrollable_horizontal":false,"scrollable_vertical":false,"checkable":false,"text":null,"text_hint":null,"bounds":[23,142,158,277],"rel_bounds":[23,142,158,277],"children":[],"ancestors":[],"semantic_classes":["Button (including text and image)"],"uid":"c15ec146ab01801ab4383e1b3a1922f5","is_password":false,"serialize_class":"AndroidViewTree","package_name":"com.sec.android.app.sbrowser","fingerprint":"","meta_info":null},"event_type":"touch","_proba":0.41097244493228424,"tag":"2024-03-29_153117678819"},"str":"TouchEvent(state=d218e4d2754adc1385d5e54046734527,view=c15ec146ab01801ab4383e1b3a1922f5)","tag":"2024-03-29_153117678819","device_time":"2024-03-29 15:31:20.293","epoch":"1711693880293","to_tag":"2024-03-29_153121615813","index":92,"image":"screenshots\\screen_2024-03-29_153117678819.jpg","to_image":"screenshots\\screen_2024-03-29_153121615813.jpg","crash":{},"anr":{},"dqa":{},"from":"d218e4d2754adc1385d5e54046734527","to":"9c9f67805a85e4b7ff10d7aae5533d3e","view_img":"views\\view_c15ec146ab01801ab4383e1b3a1922f5_2024-03-29_153117678819.jpg"}