{"event":{"view":{"activity_name":"com.sec.android.app.sbrowser/.SBrowserMainActivity","resource_id":"com.sec.android.app.sbrowser:id/multi_tab_list_listview","class_":"android.widget.GridView","pointer":null,"content_desc":null,"enabled":true,"visible":true,"checked":false,"selected":false,"editable":false,"clickable":false,"long_clickable":false,"scrollable_horizontal":true,"scrollable_vertical":true,"checkable":false,"text":null,"text_hint":null,"bounds":[0,328,1080,2181],"rel_bounds":[0,328,1080,2181],"children":[{"activity_name":"com.sec.android.app.sbrowser/.SBrowserMainActivity","resource_id":null,"class_":"android.view.ViewGroup","pointer":null,"content_desc":null,"enabled":true,"visible":true,"checked":false,"selected":false,"editable":false,"clickable":true,"long_clickable":true,"scrollable_horizontal":false,"scrollable_vertical":false,"checkable":false,"text":null,"text_hint":null,"bounds":[28,328,1052,637],"rel_bounds":[28,328,1052,637],"children":[{"activity_name":"com.sec.android.app.sbrowser/.SBrowserMainActivity","resource_id":null,"class_":"android.view.ViewGroup","pointer":null,"content_desc":null,"enabled":true,"visible":true,"checked":false,"selected":false,"editable":false,"clickable":false,"long_clickable":false,"scrollable_horizontal":false,"scrollable_vertical":false,"checkable":false,"text":null,"text_hint":null,"bounds":[28,356,1052,609],"rel_bounds":[28,356,1052,609],"children":[{"activity_name":"com.sec.android.app.sbrowser/.SBrowserMainActivity","resource_id":"com.sec.android.app.sbrowser:id/tab_list_item_title_container","class_":"android.widget.FrameLayout","pointer":null,"content_desc":null,"enabled":true,"visible":true,"checked":false,"selected":false,"editable":false,"clickable":false,"long_clickable":false,"scrollable_horizontal":false,"scrollable_vertical":false,"checkable":false,"text":null,"text_hint":null,"bounds":[28,356,698,499],"rel_bounds":[28,356,698,499],"children":[{"activity_name":"com.sec.android.app.sbrowser/.SBrowserMainActivity","resource_id":"com.sec.android.app.sbrowser:id/tab_list_item_title","class_":"android.widget.TextView","pointer":null,"content_desc":null,"enabled":true,"visible":true,"checked":false,"selected":false,"editable":false,"clickable":false,"long_clickable":false,"scrollable_horizontal":false,"scrollable_vertical":false,"checkable":false,"text":"Google","text_hint":null,"bounds":[84,384,222,499],"rel_bounds":[84,384,222,499],"children":[],"ancestors":[],"semantic_classes":["next-like button","Button (including text and image)"],"uid":"a051bdc9571fef52e712b65d0a72154f","is_password":false,"serialize_class":"AndroidViewTree","package_name":"com.sec.android.app.sbrowser","fingerprint":"","meta_info":null},{"activity_name":"com.sec.android.app.sbrowser/.SBrowserMainActivity","resource_id":"com.sec.android.app.sbrowser:id/tab_list_item_title_spacer","class_":"android.widget.TextView","pointer":null,"content_desc":null,"enabled":true,"visible":true,"checked":false,"selected":false,"editable":false,"clickable":false,"long_clickable":false,"scrollable_horizontal":false,"scrollable_vertical":false,"checkable":false,"text":" ","text_hint":null,"bounds":[84,384,95,499],"rel_bounds":[84,384,95,499],"children":[],"ancestors":[],"semantic_classes":["Button (including text and image)"],"uid":"2546c410e690c51e61f5e148ec419241","is_password":false,"serialize_class":"AndroidViewTree","package_name":"com.sec.android.app.sbrowser","fingerprint":"","meta_info":null}],"ancestors":[],"semantic_classes":["Layout"],"uid":"588df595fccc9be249b779a11968a737","is_password":false,"serialize_class":"AndroidViewTree","package_name":"com.sec.android.app.sbrowser","fingerprint":"","meta_info":null},{"activity_name":"com.sec.android.app.sbrowser/.SBrowserMainActivity","resource_id":"com.sec.android.app.sbrowser:id/tab_list_group_info","class_":"android.widget.LinearLayout","pointer":null,"content_desc":null,"enabled":true,"visible":true,"checked":false,"selected":false,"editable":false,"clickable":false,"long_clickable":false,"scrollable_horizontal":false,"scrollable_vertical":false,"checkable":false,"text":null,"text_hint":null,"bounds":[28,449,1052,517],"rel_bounds":[28,449,1052,517],"children":[],"ancestors":[],"semantic_classes":["Layout"],"uid":"938b48cc7736cd7e4abf43566b06cdd4","is_password":false,"serialize_class":"AndroidViewTree","package_name":"com.sec.android.app.sbrowser","fingerprint":"","meta_info":null},{"activity_name":"com.sec.android.app.sbrowser/.SBrowserMainActivity","resource_id":"com.sec.android.app.sbrowser:id/tab_list_item_url","class_":"android.widget.TextView","pointer":null,"content_desc":"https://www.google.com/","enabled":true,"visible":true,"checked":false,"selected":false,"editable":false,"clickable":false,"long_clickable":false,"scrollable_horizontal":false,"scrollable_vertical":false,"checkable":false,"text":"https://www.google.com/","text_hint":null,"bounds":[84,527,653,570],"rel_bounds":[84,527,653,570],"children":[],"ancestors":[],"semantic_classes":["external link (email or website)","Button (including text and image)"],"uid":"885b3ec7cf8735eeadc3331137ab4b22","is_password":false,"serialize_class":"AndroidViewTree","package_name":"com.sec.android.app.sbrowser","fingerprint":"","meta_info":null},{"activity_name":"com.sec.android.app.sbrowser/.SBrowserMainActivity","resource_id":"com.sec.android.app.sbrowser:id/tab_list_item_thumbnail_bg","class_":"android.widget.FrameLayout","pointer":null,"content_desc":null,"enabled":true,"visible":true,"checked":false,"selected":false,"editable":false,"clickable":false,"long_clickable":false,"scrollable_horizontal":false,"scrollable_vertical":false,"checkable":false,"text":null,"text_hint":null,"bounds":[698,358,1050,607],"rel_bounds":[698,358,1050,607],"children":[{"activity_name":"com.sec.android.app.sbrowser/.SBrowserMainActivity","resource_id":"com.sec.android.app.sbrowser:id/tab_list_item_thumbnail_image","class_":"android.widget.ImageView","pointer":null,"content_desc":null,"enabled":true,"visible":true,"checked":false,"selected":false,"editable":false,"clickable":false,"long_clickable":false,"scrollable_horizontal":false,"scrollable_vertical":false,"checkable":false,"text":null,"text_hint":null,"bounds":[701,358,1050,607],"rel_bounds":[701,358,1050,607],"children":[],"ancestors":[],"semantic_classes":["Image"],"uid":"c0cf08f9613487580c629573b3010f5e","is_password":false,"serialize_class":"AndroidViewTree","package_name":"com.sec.android.app.sbrowser","fingerprint":"","meta_info":null}],"ancestors":[],"semantic_classes":["Layout"],"uid":"e23dd20d523d90b0a0e371da725d0654","is_password":false,"serialize_class":"AndroidViewTree","package_name":"com.sec.android.app.sbrowser","fingerprint":"","meta_info":null},{"activity_name":"com.sec.android.app.sbrowser/.SBrowserMainActivity","resource_id":"com.sec.android.app.sbrowser:id/tab_list_item_close_btn","class_":"android.widget.ImageView","pointer":null,"content_desc":"Close Google tab","enabled":true,"visible":true,"checked":false,"selected":false,"editable":false,"clickable":true,"long_clickable":false,"scrollable_horizontal":false,"scrollable_vertical":false,"checkable":false,"text":null,"text_hint":null,"bounds":[928,356,1052,480],"rel_bounds":[928,356,1052,480],"children":[],"ancestors":[],"semantic_classes":["Image"],"uid":"24d11e2bdbabecd1a9884083e2ee9b29","is_password":false,"serialize_class":"AndroidViewTree","package_name":"com.sec.android.app.sbrowser","fingerprint":"","meta_info":null}],"ancestors":[],"semantic_classes":[],"uid":"6659d4c867a7181aea2a7e0d3e6f399f","is_password":false,"serialize_class":"AndroidViewTree","package_name":"com.sec.android.app.sbrowser","fingerprint":"","meta_info":null}],"ancestors":[],"semantic_classes":[],"uid":"62c93a8abc2e952f17b4001c59a9d8ce","is_password":false,"serialize_class":"AndroidViewTree","package_name":"com.sec.android.app.sbrowser","fingerprint":"","meta_info":null},{"activity_name":"com.sec.android.app.sbrowser/.SBrowserMainActivity","resource_id":null,"class_":"android.view.ViewGroup","pointer":null,"content_desc":null,"enabled":true,"visible":true,"checked":false,"selected":false,"editable":false,"clickable":true,"long_clickable":true,"scrollable_horizontal":false,"scrollable_vertical":false,"checkable":false,"text":null,"text_hint":null,"bounds":[28,637,1052,946],"rel_bounds":[28,637,1052,946],"children":[{"activity_name":"com.sec.android.app.sbrowser/.SBrowserMainActivity","resource_id":null,"class_":"android.view.ViewGroup","pointer":null,"content_desc":null,"enabled":true,"visible":true,"checked":false,"selected":false,"editable":false,"clickable":false,"long_clickable":false,"scrollable_horizontal":false,"scrollable_vertical":false,"checkable":false,"text":null,"text_hint":null,"bounds":[28,665,1052,918],"rel_bounds":[28,665,1052,918],"children":[{"activity_name":"com.sec.android.app.sbrowser/.SBrowserMainActivity","resource_id":"com.sec.android.app.sbrowser:id/tab_list_item_title_container","class_":"android.widget.FrameLayout","pointer":null,"content_desc":null,"enabled":true,"visible":true,"checked":false,"selected":false,"editable":false,"clickable":false,"long_clickable":false,"scrollable_horizontal":false,"scrollable_vertical":false,"checkable":false,"text":null,"text_hint":null,"bounds":[28,665,698,808],"rel_bounds":[28,665,698,808],"children":[{"activity_name":"com.sec.android.app.sbrowser/.SBrowserMainActivity","resource_id":"com.sec.android.app.sbrowser:id/tab_list_item_title","class_":"android.widget.TextView","pointer":null,"content_desc":null,"enabled":true,"visible":true,"checked":false,"selected":false,"editable":false,"clickable":false,"long_clickable":false,"scrollable_horizontal":false,"scrollable_vertical":false,"checkable":false,"text":"Google","text_hint":null,"bounds":[84,693,222,808],"rel_bounds":[84,693,222,808],"children":[],"ancestors":[],"semantic_classes":["next-like button","Button (including text and image)"],"uid":"a051bdc9571fef52e712b65d0a72154f","is_password":false,"serialize_class":"AndroidViewTree","package_name":"com.sec.android.app.sbrowser","fingerprint":"","meta_info":null},{"activity_name":"com.sec.android.app.sbrowser/.SBrowserMainActivity","resource_id":"com.sec.android.app.sbrowser:id/tab_list_item_title_spacer","class_":"android.widget.TextView","pointer":null,"content_desc":null,"enabled":true,"visible":true,"checked":false,"selected":false,"editable":false,"clickable":false,"long_clickable":false,"scrollable_horizontal":false,"scrollable_vertical":false,"checkable":false,"text":" ","text_hint":null,"bounds":[84,693,95,808],"rel_bounds":[84,693,95,808],"children":[],"ancestors":[],"semantic_classes":["Button (including text and image)"],"uid":"2546c410e690c51e61f5e148ec419241","is_password":false,"serialize_class":"AndroidViewTree","package_name":"com.sec.android.app.sbrowser","fingerprint":"","meta_info":null}],"ancestors":[],"semantic_classes":["Layout"],"uid":"588df595fccc9be249b779a11968a737","is_password":false,"serialize_class":"AndroidViewTree","package_name":"com.sec.android.app.sbrowser","fingerprint":"","meta_info":null},{"activity_name":"com.sec.android.app.sbrowser/.SBrowserMainActivity","resource_id":"com.sec.android.app.sbrowser:id/tab_list_group_info","class_":"android.widget.LinearLayout","pointer":null,"content_desc":null,"enabled":true,"visible":true,"checked":false,"selected":false,"editable":false,"clickable":false,"long_clickable":false,"scrollable_horizontal":false,"scrollable_vertical":false,"checkable":false,"text":null,"text_hint":null,"bounds":[28,758,1052,826],"rel_bounds":[28,758,1052,826],"children":[],"ancestors":[],"semantic_classes":["Layout"],"uid":"938b48cc7736cd7e4abf43566b06cdd4","is_password":false,"serialize_class":"AndroidViewTree","package_name":"com.sec.android.app.sbrowser","fingerprint":"","meta_info":null},{"activity_name":"com.sec.android.app.sbrowser/.SBrowserMainActivity","resource_id":"com.sec.android.app.sbrowser:id/tab_list_item_url","class_":"android.widget.TextView","pointer":null,"content_desc":"https://www.google.com/","enabled":true,"visible":true,"checked":false,"selected":false,"editable":false,"clickable":false,"long_clickable":false,"scrollable_horizontal":false,"scrollable_vertical":false,"checkable":false,"text":"https://www.google.com/","text_hint":null,"bounds":[84,836,653,879],"rel_bounds":[84,836,653,879],"children":[],"ancestors":[],"semantic_classes":["external link (email or website)","Button (including text and image)"],"uid":"885b3ec7cf8735eeadc3331137ab4b22","is_password":false,"serialize_class":"AndroidViewTree","package_name":"com.sec.android.app.sbrowser","fingerprint":"","meta_info":null},{"activity_name":"com.sec.android.app.sbrowser/.SBrowserMainActivity","resource_id":"com.sec.android.app.sbrowser:id/tab_list_item_thumbnail_bg","class_":"android.widget.FrameLayout","pointer":null,"content_desc":null,"enabled":true,"visible":true,"checked":false,"selected":false,"editable":false,"clickable":false,"long_clickable":false,"scrollable_horizontal":false,"scrollable_vertical":false,"checkable":false,"text":null,"text_hint":null,"bounds":[698,667,1050,916],"rel_bounds":[698,667,1050,916],"children":[{"activity_name":"com.sec.android.app.sbrowser/.SBrowserMainActivity","resource_id":"com.sec.android.app.sbrowser:id/tab_list_item_thumbnail_image","class_":"android.widget.ImageView","pointer":null,"content_desc":null,"enabled":true,"visible":true,"checked":false,"selected":false,"editable":false,"clickable":false,"long_clickable":false,"scrollable_horizontal":false,"scrollable_vertical":false,"checkable":false,"text":null,"text_hint":null,"bounds":[701,667,1050,916],"rel_bounds":[701,667,1050,916],"children":[],"ancestors":[],"semantic_classes":["Image"],"uid":"c0cf08f9613487580c629573b3010f5e","is_password":false,"serialize_class":"AndroidViewTree","package_name":"com.sec.android.app.sbrowser","fingerprint":"","meta_info":null}],"ancestors":[],"semantic_classes":["Layout"],"uid":"e23dd20d523d90b0a0e371da725d0654","is_password":false,"serialize_class":"AndroidViewTree","package_name":"com.sec.android.app.sbrowser","fingerprint":"","meta_info":null},{"activity_name":"com.sec.android.app.sbrowser/.SBrowserMainActivity","resource_id":"com.sec.android.app.sbrowser:id/tab_list_item_close_btn","class_":"android.widget.ImageView","pointer":null,"content_desc":"Close Google tab","enabled":true,"visible":true,"checked":false,"selected":false,"editable":false,"clickable":true,"long_clickable":false,"scrollable_horizontal":false,"scrollable_vertical":false,"checkable":false,"text":null,"text_hint":null,"bounds":[928,665,1052,789],"rel_bounds":[928,665,1052,789],"children":[],"ancestors":[],"semantic_classes":["Image"],"uid":"24d11e2bdbabecd1a9884083e2ee9b29","is_password":false,"serialize_class":"AndroidViewTree","package_name":"com.sec.android.app.sbrowser","fingerprint":"","meta_info":null}],"ancestors":[],"semantic_classes":[],"uid":"6659d4c867a7181aea2a7e0d3e6f399f","is_password":false,"serialize_class":"AndroidViewTree","package_name":"com.sec.android.app.sbrowser","fingerprint":"","meta_info":null}],"ancestors":[],"semantic_classes":[],"uid":"62c93a8abc2e952f17b4001c59a9d8ce","is_password":false,"serialize_class":"AndroidViewTree","package_name":"com.sec.android.app.sbrowser","fingerprint":"","meta_info":null},{"activity_name":"com.sec.android.app.sbrowser/.SBrowserMainActivity","resource_id":null,"class_":"android.view.ViewGroup","pointer":null,"content_desc":null,"enabled":true,"visible":true,"checked":false,"selected":false,"editable":false,"clickable":true,"long_clickable":true,"scrollable_horizontal":false,"scrollable_vertical":false,"checkable":false,"text":null,"text_hint":null,"bounds":[28,946,1052,1255],"rel_bounds":[28,946,1052,1255],"children":[{"activity_name":"com.sec.android.app.sbrowser/.SBrowserMainActivity","resource_id":null,"class_":"android.view.ViewGroup","pointer":null,"content_desc":null,"enabled":true,"visible":true,"checked":false,"selected":false,"editable":false,"clickable":false,"long_clickable":false,"scrollable_horizontal":false,"scrollable_vertical":false,"checkable":false,"text":null,"text_hint":null,"bounds":[28,974,1052,1227],"rel_bounds":[28,974,1052,1227],"children":[{"activity_name":"com.sec.android.app.sbrowser/.SBrowserMainActivity","resource_id":"com.sec.android.app.sbrowser:id/tab_list_item_title_container","class_":"android.widget.FrameLayout","pointer":null,"content_desc":null,"enabled":true,"visible":true,"checked":false,"selected":false,"editable":false,"clickable":false,"long_clickable":false,"scrollable_horizontal":false,"scrollable_vertical":false,"checkable":false,"text":null,"text_hint":null,"bounds":[28,974,698,1117],"rel_bounds":[28,974,698,1117],"children":[{"activity_name":"com.sec.android.app.sbrowser/.SBrowserMainActivity","resource_id":"com.sec.android.app.sbrowser:id/tab_list_item_title","class_":"android.widget.TextView","pointer":null,"content_desc":null,"enabled":true,"visible":true,"checked":false,"selected":false,"editable":false,"clickable":false,"long_clickable":false,"scrollable_horizontal":false,"scrollable_vertical":false,"checkable":false,"text":"Google","text_hint":null,"bounds":[84,1002,222,1117],"rel_bounds":[84,1002,222,1117],"children":[],"ancestors":[],"semantic_classes":["next-like button","Button (including text and image)"],"uid":"a051bdc9571fef52e712b65d0a72154f","is_password":false,"serialize_class":"AndroidViewTree","package_name":"com.sec.android.app.sbrowser","fingerprint":"","meta_info":null},{"activity_name":"com.sec.android.app.sbrowser/.SBrowserMainActivity","resource_id":"com.sec.android.app.sbrowser:id/tab_list_item_title_spacer","class_":"android.widget.TextView","pointer":null,"content_desc":null,"enabled":true,"visible":true,"checked":false,"selected":false,"editable":false,"clickable":false,"long_clickable":false,"scrollable_horizontal":false,"scrollable_vertical":false,"checkable":false,"text":" ","text_hint":null,"bounds":[84,1002,95,1117],"rel_bounds":[84,1002,95,1117],"children":[],"ancestors":[],"semantic_classes":["Button (including text and image)"],"uid":"2546c410e690c51e61f5e148ec419241","is_password":false,"serialize_class":"AndroidViewTree","package_name":"com.sec.android.app.sbrowser","fingerprint":"","meta_info":null}],"ancestors":[],"semantic_classes":["Layout"],"uid":"588df595fccc9be249b779a11968a737","is_password":false,"serialize_class":"AndroidViewTree","package_name":"com.sec.android.app.sbrowser","fingerprint":"","meta_info":null},{"activity_name":"com.sec.android.app.sbrowser/.SBrowserMainActivity","resource_id":"com.sec.android.app.sbrowser:id/tab_list_group_info","class_":"android.widget.LinearLayout","pointer":null,"content_desc":null,"enabled":true,"visible":true,"checked":false,"selected":false,"editable":false,"clickable":false,"long_clickable":false,"scrollable_horizontal":false,"scrollable_vertical":false,"checkable":false,"text":null,"text_hint":null,"bounds":[28,1067,1052,1135],"rel_bounds":[28,1067,1052,1135],"children":[],"ancestors":[],"semantic_classes":["Layout"],"uid":"938b48cc7736cd7e4abf43566b06cdd4","is_password":false,"serialize_class":"AndroidViewTree","package_name":"com.sec.android.app.sbrowser","fingerprint":"","meta_info":null},{"activity_name":"com.sec.android.app.sbrowser/.SBrowserMainActivity","resource_id":"com.sec.android.app.sbrowser:id/tab_list_item_url","class_":"android.widget.TextView","pointer":null,"content_desc":"https://www.google.com/","enabled":true,"visible":true,"checked":false,"selected":false,"editable":false,"clickable":false,"long_clickable":false,"scrollable_horizontal":false,"scrollable_vertical":false,"checkable":false,"text":"https://www.google.com/","text_hint":null,"bounds":[84,1145,653,1188],"rel_bounds":[84,1145,653,1188],"children":[],"ancestors":[],"semantic_classes":["external link (email or website)","Button (including text and image)"],"uid":"885b3ec7cf8735eeadc3331137ab4b22","is_password":false,"serialize_class":"AndroidViewTree","package_name":"com.sec.android.app.sbrowser","fingerprint":"","meta_info":null},{"activity_name":"com.sec.android.app.sbrowser/.SBrowserMainActivity","resource_id":"com.sec.android.app.sbrowser:id/tab_list_item_thumbnail_bg","class_":"android.widget.FrameLayout","pointer":null,"content_desc":null,"enabled":true,"visible":true,"checked":false,"selected":false,"editable":false,"clickable":false,"long_clickable":false,"scrollable_horizontal":false,"scrollable_vertical":false,"checkable":false,"text":null,"text_hint":null,"bounds":[698,976,1050,1225],"rel_bounds":[698,976,1050,1225],"children":[{"activity_name":"com.sec.android.app.sbrowser/.SBrowserMainActivity","resource_id":"com.sec.android.app.sbrowser:id/tab_list_item_thumbnail_image","class_":"android.widget.ImageView","pointer":null,"content_desc":null,"enabled":true,"visible":true,"checked":false,"selected":false,"editable":false,"clickable":false,"long_clickable":false,"scrollable_horizontal":false,"scrollable_vertical":false,"checkable":false,"text":null,"text_hint":null,"bounds":[701,976,1050,1225],"rel_bounds":[701,976,1050,1225],"children":[],"ancestors":[],"semantic_classes":["Image"],"uid":"c0cf08f9613487580c629573b3010f5e","is_password":false,"serialize_class":"AndroidViewTree","package_name":"com.sec.android.app.sbrowser","fingerprint":"","meta_info":null}],"ancestors":[],"semantic_classes":["Layout"],"uid":"e23dd20d523d90b0a0e371da725d0654","is_password":false,"serialize_class":"AndroidViewTree","package_name":"com.sec.android.app.sbrowser","fingerprint":"","meta_info":null},{"activity_name":"com.sec.android.app.sbrowser/.SBrowserMainActivity","resource_id":"com.sec.android.app.sbrowser:id/tab_list_item_close_btn","class_":"android.widget.ImageView","pointer":null,"content_desc":"Close Google tab","enabled":true,"visible":true,"checked":false,"selected":false,"editable":false,"clickable":true,"long_clickable":false,"scrollable_horizontal":false,"scrollable_vertical":false,"checkable":false,"text":null,"text_hint":null,"bounds":[928,974,1052,1098],"rel_bounds":[928,974,1052,1098],"children":[],"ancestors":[],"semantic_classes":["Image"],"uid":"24d11e2bdbabecd1a9884083e2ee9b29","is_password":false,"serialize_class":"AndroidViewTree","package_name":"com.sec.android.app.sbrowser","fingerprint":"","meta_info":null}],"ancestors":[],"semantic_classes":[],"uid":"6659d4c867a7181aea2a7e0d3e6f399f","is_password":false,"serialize_class":"AndroidViewTree","package_name":"com.sec.android.app.sbrowser","fingerprint":"","meta_info":null}],"ancestors":[],"semantic_classes":[],"uid":"62c93a8abc2e952f17b4001c59a9d8ce","is_password":false,"serialize_class":"AndroidViewTree","package_name":"com.sec.android.app.sbrowser","fingerprint":"","meta_info":null},{"activity_name":"com.sec.android.app.sbrowser/.SBrowserMainActivity","resource_id":null,"class_":"android.view.ViewGroup","pointer":null,"content_desc":null,"enabled":true,"visible":true,"checked":false,"selected":false,"editable":false,"clickable":true,"long_clickable":true,"scrollable_horizontal":false,"scrollable_vertical":false,"checkable":false,"text":null,"text_hint":null,"bounds":[28,1255,1052,1564],"rel_bounds":[28,1255,1052,1564],"children":[{"activity_name":"com.sec.android.app.sbrowser/.SBrowserMainActivity","resource_id":null,"class_":"android.view.ViewGroup","pointer":null,"content_desc":null,"enabled":true,"visible":true,"checked":false,"selected":false,"editable":false,"clickable":false,"long_clickable":false,"scrollable_horizontal":false,"scrollable_vertical":false,"checkable":false,"text":null,"text_hint":null,"bounds":[28,1283,1052,1536],"rel_bounds":[28,1283,1052,1536],"children":[{"activity_name":"com.sec.android.app.sbrowser/.SBrowserMainActivity","resource_id":"com.sec.android.app.sbrowser:id/tab_list_item_title_container","class_":"android.widget.FrameLayout","pointer":null,"content_desc":null,"enabled":true,"visible":true,"checked":false,"selected":false,"editable":false,"clickable":false,"long_clickable":false,"scrollable_horizontal":false,"scrollable_vertical":false,"checkable":false,"text":null,"text_hint":null,"bounds":[28,1283,698,1426],"rel_bounds":[28,1283,698,1426],"children":[{"activity_name":"com.sec.android.app.sbrowser/.SBrowserMainActivity","resource_id":"com.sec.android.app.sbrowser:id/tab_list_item_title","class_":"android.widget.TextView","pointer":null,"content_desc":null,"enabled":true,"visible":true,"checked":false,"selected":false,"editable":false,"clickable":false,"long_clickable":false,"scrollable_horizontal":false,"scrollable_vertical":false,"checkable":false,"text":"Google","text_hint":null,"bounds":[84,1311,222,1426],"rel_bounds":[84,1311,222,1426],"children":[],"ancestors":[],"semantic_classes":["next-like button","Button (including text and image)"],"uid":"a051bdc9571fef52e712b65d0a72154f","is_password":false,"serialize_class":"AndroidViewTree","package_name":"com.sec.android.app.sbrowser","fingerprint":"","meta_info":null},{"activity_name":"com.sec.android.app.sbrowser/.SBrowserMainActivity","resource_id":"com.sec.android.app.sbrowser:id/tab_list_item_title_spacer","class_":"android.widget.TextView","pointer":null,"content_desc":null,"enabled":true,"visible":true,"checked":false,"selected":false,"editable":false,"clickable":false,"long_clickable":false,"scrollable_horizontal":false,"scrollable_vertical":false,"checkable":false,"text":" ","text_hint":null,"bounds":[84,1311,95,1426],"rel_bounds":[84,1311,95,1426],"children":[],"ancestors":[],"semantic_classes":["Button (including text and image)"],"uid":"2546c410e690c51e61f5e148ec419241","is_password":false,"serialize_class":"AndroidViewTree","package_name":"com.sec.android.app.sbrowser","fingerprint":"","meta_info":null}],"ancestors":[],"semantic_classes":["Layout"],"uid":"588df595fccc9be249b779a11968a737","is_password":false,"serialize_class":"AndroidViewTree","package_name":"com.sec.android.app.sbrowser","fingerprint":"","meta_info":null},{"activity_name":"com.sec.android.app.sbrowser/.SBrowserMainActivity","resource_id":"com.sec.android.app.sbrowser:id/tab_list_group_info","class_":"android.widget.LinearLayout","pointer":null,"content_desc":null,"enabled":true,"visible":true,"checked":false,"selected":false,"editable":false,"clickable":false,"long_clickable":false,"scrollable_horizontal":false,"scrollable_vertical":false,"checkable":false,"text":null,"text_hint":null,"bounds":[28,1376,1052,1444],"rel_bounds":[28,1376,1052,1444],"children":[],"ancestors":[],"semantic_classes":["Layout"],"uid":"938b48cc7736cd7e4abf43566b06cdd4","is_password":false,"serialize_class":"AndroidViewTree","package_name":"com.sec.android.app.sbrowser","fingerprint":"","meta_info":null},{"activity_name":"com.sec.android.app.sbrowser/.SBrowserMainActivity","resource_id":"com.sec.android.app.sbrowser:id/tab_list_item_url","class_":"android.widget.TextView","pointer":null,"content_desc":"https://www.google.com/","enabled":true,"visible":true,"checked":false,"selected":false,"editable":false,"clickable":false,"long_clickable":false,"scrollable_horizontal":false,"scrollable_vertical":false,"checkable":false,"text":"https://www.google.com/","text_hint":null,"bounds":[84,1454,653,1497],"rel_bounds":[84,1454,653,1497],"children":[],"ancestors":[],"semantic_classes":["external link (email or website)","Button (including text and image)"],"uid":"885b3ec7cf8735eeadc3331137ab4b22","is_password":false,"serialize_class":"AndroidViewTree","package_name":"com.sec.android.app.sbrowser","fingerprint":"","meta_info":null},{"activity_name":"com.sec.android.app.sbrowser/.SBrowserMainActivity","resource_id":"com.sec.android.app.sbrowser:id/tab_list_item_thumbnail_bg","class_":"android.widget.FrameLayout","pointer":null,"content_desc":null,"enabled":true,"visible":true,"checked":false,"selected":false,"editable":false,"clickable":false,"long_clickable":false,"scrollable_horizontal":false,"scrollable_vertical":false,"checkable":false,"text":null,"text_hint":null,"bounds":[698,1285,1050,1534],"rel_bounds":[698,1285,1050,1534],"children":[{"activity_name":"com.sec.android.app.sbrowser/.SBrowserMainActivity","resource_id":"com.sec.android.app.sbrowser:id/tab_list_item_thumbnail_image","class_":"android.widget.ImageView","pointer":null,"content_desc":null,"enabled":true,"visible":true,"checked":false,"selected":false,"editable":false,"clickable":false,"long_clickable":false,"scrollable_horizontal":false,"scrollable_vertical":false,"checkable":false,"text":null,"text_hint":null,"bounds":[701,1285,1050,1534],"rel_bounds":[701,1285,1050,1534],"children":[],"ancestors":[],"semantic_classes":["Image"],"uid":"c0cf08f9613487580c629573b3010f5e","is_password":false,"serialize_class":"AndroidViewTree","package_name":"com.sec.android.app.sbrowser","fingerprint":"","meta_info":null}],"ancestors":[],"semantic_classes":["Layout"],"uid":"e23dd20d523d90b0a0e371da725d0654","is_password":false,"serialize_class":"AndroidViewTree","package_name":"com.sec.android.app.sbrowser","fingerprint":"","meta_info":null},{"activity_name":"com.sec.android.app.sbrowser/.SBrowserMainActivity","resource_id":"com.sec.android.app.sbrowser:id/tab_list_item_close_btn","class_":"android.widget.ImageView","pointer":null,"content_desc":"Close Google tab","enabled":true,"visible":true,"checked":false,"selected":false,"editable":false,"clickable":true,"long_clickable":false,"scrollable_horizontal":false,"scrollable_vertical":false,"checkable":false,"text":null,"text_hint":null,"bounds":[928,1283,1052,1407],"rel_bounds":[928,1283,1052,1407],"children":[],"ancestors":[],"semantic_classes":["Image"],"uid":"24d11e2bdbabecd1a9884083e2ee9b29","is_password":false,"serialize_class":"AndroidViewTree","package_name":"com.sec.android.app.sbrowser","fingerprint":"","meta_info":null}],"ancestors":[],"semantic_classes":[],"uid":"6659d4c867a7181aea2a7e0d3e6f399f","is_password":false,"serialize_class":"AndroidViewTree","package_name":"com.sec.android.app.sbrowser","fingerprint":"","meta_info":null}],"ancestors":[],"semantic_classes":[],"uid":"62c93a8abc2e952f17b4001c59a9d8ce","is_password":false,"serialize_class":"AndroidViewTree","package_name":"com.sec.android.app.sbrowser","fingerprint":"","meta_info":null},{"activity_name":"com.sec.android.app.sbrowser/.SBrowserMainActivity","resource_id":null,"class_":"android.view.ViewGroup","pointer":null,"content_desc":null,"enabled":true,"visible":true,"checked":false,"selected":false,"editable":false,"clickable":true,"long_clickable":true,"scrollable_horizontal":false,"scrollable_vertical":false,"checkable":false,"text":null,"text_hint":null,"bounds":[28,1564,1052,1873],"rel_bounds":[28,1564,1052,1873],"children":[{"activity_name":"com.sec.android.app.sbrowser/.SBrowserMainActivity","resource_id":"com.sec.android.app.sbrowser:id/current_tab_outline","class_":"android.view.View","pointer":null,"content_desc":null,"enabled":true,"visible":true,"checked":false,"selected":false,"editable":false,"clickable":false,"long_clickable":false,"scrollable_horizontal":false,"scrollable_vertical":false,"checkable":false,"text":null,"text_hint":null,"bounds":[28,1592,1052,1845],"rel_bounds":[28,1592,1052,1845],"children":[],"ancestors":[],"semantic_classes":["Base View Android API class (android.view.View)"],"uid":"ef9732fc5e4765d813e854dd7618f2f7","is_password":false,"serialize_class":"AndroidViewTree","package_name":"com.sec.android.app.sbrowser","fingerprint":"","meta_info":null},{"activity_name":"com.sec.android.app.sbrowser/.SBrowserMainActivity","resource_id":null,"class_":"android.view.ViewGroup","pointer":null,"content_desc":null,"enabled":true,"visible":true,"checked":false,"selected":false,"editable":false,"clickable":false,"long_clickable":false,"scrollable_horizontal":false,"scrollable_vertical":false,"checkable":false,"text":null,"text_hint":null,"bounds":[28,1592,1052,1845],"rel_bounds":[28,1592,1052,1845],"children":[{"activity_name":"com.sec.android.app.sbrowser/.SBrowserMainActivity","resource_id":"com.sec.android.app.sbrowser:id/tab_list_item_title_container","class_":"android.widget.FrameLayout","pointer":null,"content_desc":null,"enabled":true,"visible":true,"checked":false,"selected":false,"editable":false,"clickable":false,"long_clickable":false,"scrollable_horizontal":false,"scrollable_vertical":false,"checkable":false,"text":null,"text_hint":null,"bounds":[28,1592,698,1735],"rel_bounds":[28,1592,698,1735],"children":[{"activity_name":"com.sec.android.app.sbrowser/.SBrowserMainActivity","resource_id":"com.sec.android.app.sbrowser:id/tab_list_item_title","class_":"android.widget.TextView","pointer":null,"content_desc":null,"enabled":true,"visible":true,"checked":false,"selected":false,"editable":false,"clickable":false,"long_clickable":false,"scrollable_horizontal":false,"scrollable_vertical":false,"checkable":false,"text":"Google","text_hint":null,"bounds":[84,1620,222,1735],"rel_bounds":[84,1620,222,1735],"children":[],"ancestors":[],"semantic_classes":["next-like button","Button (including text and image)"],"uid":"a051bdc9571fef52e712b65d0a72154f","is_password":false,"serialize_class":"AndroidViewTree","package_name":"com.sec.android.app.sbrowser","fingerprint":"","meta_info":null},{"activity_name":"com.sec.android.app.sbrowser/.SBrowserMainActivity","resource_id":"com.sec.android.app.sbrowser:id/tab_list_item_title_spacer","class_":"android.widget.TextView","pointer":null,"content_desc":null,"enabled":true,"visible":true,"checked":false,"selected":false,"editable":false,"clickable":false,"long_clickable":false,"scrollable_horizontal":false,"scrollable_vertical":false,"checkable":false,"text":" ","text_hint":null,"bounds":[84,1620,95,1735],"rel_bounds":[84,1620,95,1735],"children":[],"ancestors":[],"semantic_classes":["Button (including text and image)"],"uid":"2546c410e690c51e61f5e148ec419241","is_password":false,"serialize_class":"AndroidViewTree","package_name":"com.sec.android.app.sbrowser","fingerprint":"","meta_info":null}],"ancestors":[],"semantic_classes":["Layout"],"uid":"588df595fccc9be249b779a11968a737","is_password":false,"serialize_class":"AndroidViewTree","package_name":"com.sec.android.app.sbrowser","fingerprint":"","meta_info":null},{"activity_name":"com.sec.android.app.sbrowser/.SBrowserMainActivity","resource_id":"com.sec.android.app.sbrowser:id/tab_list_group_info","class_":"android.widget.LinearLayout","pointer":null,"content_desc":null,"enabled":true,"visible":true,"checked":false,"selected":false,"editable":false,"clickable":false,"long_clickable":false,"scrollable_horizontal":false,"scrollable_vertical":false,"checkable":false,"text":null,"text_hint":null,"bounds":[28,1685,1052,1753],"rel_bounds":[28,1685,1052,1753],"children":[],"ancestors":[],"semantic_classes":["Layout"],"uid":"938b48cc7736cd7e4abf43566b06cdd4","is_password":false,"serialize_class":"AndroidViewTree","package_name":"com.sec.android.app.sbrowser","fingerprint":"","meta_info":null},{"activity_name":"com.sec.android.app.sbrowser/.SBrowserMainActivity","resource_id":"com.sec.android.app.sbrowser:id/tab_list_item_url","class_":"android.widget.TextView","pointer":null,"content_desc":"https://www.google.com/","enabled":true,"visible":true,"checked":false,"selected":false,"editable":false,"clickable":false,"long_clickable":false,"scrollable_horizontal":false,"scrollable_vertical":false,"checkable":false,"text":"https://www.google.com/","text_hint":null,"bounds":[84,1763,653,1806],"rel_bounds":[84,1763,653,1806],"children":[],"ancestors":[],"semantic_classes":["external link (email or website)","Button (including text and image)"],"uid":"885b3ec7cf8735eeadc3331137ab4b22","is_password":false,"serialize_class":"AndroidViewTree","package_name":"com.sec.android.app.sbrowser","fingerprint":"","meta_info":null},{"activity_name":"com.sec.android.app.sbrowser/.SBrowserMainActivity","resource_id":"com.sec.android.app.sbrowser:id/tab_list_item_thumbnail_bg_pad","class_":"android.widget.FrameLayout","pointer":null,"content_desc":null,"enabled":true,"visible":true,"checked":false,"selected":false,"editable":false,"clickable":false,"long_clickable":false,"scrollable_horizontal":false,"scrollable_vertical":false,"checkable":false,"text":null,"text_hint":null,"bounds":[698,1594,1050,1843],"rel_bounds":[698,1594,1050,1843],"children":[],"ancestors":[],"semantic_classes":["Layout"],"uid":"b9299950c1fce4ba4617c6232197d027","is_password":false,"serialize_class":"AndroidViewTree","package_name":"com.sec.android.app.sbrowser","fingerprint":"","meta_info":null},{"activity_name":"com.sec.android.app.sbrowser/.SBrowserMainActivity","resource_id":"com.sec.android.app.sbrowser:id/tab_list_item_thumbnail_bg","class_":"android.widget.FrameLayout","pointer":null,"content_desc":null,"enabled":true,"visible":true,"checked":false,"selected":false,"editable":false,"clickable":false,"long_clickable":false,"scrollable_horizontal":false,"scrollable_vertical":false,"checkable":false,"text":null,"text_hint":null,"bounds":[698,1594,1050,1843],"rel_bounds":[698,1594,1050,1843],"children":[{"activity_name":"com.sec.android.app.sbrowser/.SBrowserMainActivity","resource_id":"com.sec.android.app.sbrowser:id/tab_list_item_thumbnail_image","class_":"android.widget.ImageView","pointer":null,"content_desc":null,"enabled":true,"visible":true,"checked":false,"selected":false,"editable":false,"clickable":false,"long_clickable":false,"scrollable_horizontal":false,"scrollable_vertical":false,"checkable":false,"text":null,"text_hint":null,"bounds":[701,1594,1050,1843],"rel_bounds":[701,1594,1050,1843],"children":[],"ancestors":[],"semantic_classes":["Image"],"uid":"c0cf08f9613487580c629573b3010f5e","is_password":false,"serialize_class":"AndroidViewTree","package_name":"com.sec.android.app.sbrowser","fingerprint":"","meta_info":null}],"ancestors":[],"semantic_classes":["Layout"],"uid":"e23dd20d523d90b0a0e371da725d0654","is_password":false,"serialize_class":"AndroidViewTree","package_name":"com.sec.android.app.sbrowser","fingerprint":"","meta_info":null},{"activity_name":"com.sec.android.app.sbrowser/.SBrowserMainActivity","resource_id":"com.sec.android.app.sbrowser:id/tab_list_item_close_btn","class_":"android.widget.ImageView","pointer":null,"content_desc":"Close Google tab","enabled":true,"visible":true,"checked":false,"selected":false,"editable":false,"clickable":true,"long_clickable":false,"scrollable_horizontal":false,"scrollable_vertical":false,"checkable":false,"text":null,"text_hint":null,"bounds":[928,1592,1052,1716],"rel_bounds":[928,1592,1052,1716],"children":[],"ancestors":[],"semantic_classes":["Image"],"uid":"24d11e2bdbabecd1a9884083e2ee9b29","is_password":false,"serialize_class":"AndroidViewTree","package_name":"com.sec.android.app.sbrowser","fingerprint":"","meta_info":null}],"ancestors":[],"semantic_classes":[],"uid":"197f9782e36c0e44c850d6a81c895f49","is_password":false,"serialize_class":"AndroidViewTree","package_name":"com.sec.android.app.sbrowser","fingerprint":"","meta_info":null}],"ancestors":[],"semantic_classes":[],"uid":"e3566ba9cf501c6e466cea1aa722758b","is_password":false,"serialize_class":"AndroidViewTree","package_name":"com.sec.android.app.sbrowser","fingerprint":"","meta_info":null}],"ancestors":[],"semantic_classes":["List-like view"],"uid":"be4995e6a97285eed2a0093f200120b3","is_password":false,"serialize_class":"AndroidViewTree","package_name":"com.sec.android.app.sbrowser","fingerprint":"","meta_info":null},"direction":"LEFT","event_type":"scroll","_proba":0.000024373498616749843,"tag":"2024-03-29_154622472949"},"str":"ScrollEvent(state=620368a3151c00b7f9bdaf826d360d8f,view=be4995e6a97285eed2a0093f200120b3,direction=LEFT)","tag":"2024-03-29_154622472949","device_time":"2024-03-29 15:46:25.004","epoch":"1711694785004","to_tag":"2024-03-29_154626307247","index":283,"image":"screenshots\\screen_2024-03-29_154622472949.jpg","to_image":"screenshots\\screen_2024-03-29_154626307247.jpg","crash":{},"anr":{},"dqa":{},"from":"620368a3151c00b7f9bdaf826d360d8f","to":"620368a3151c00b7f9bdaf826d360d8f","view_img":"views\\view_be4995e6a97285eed2a0093f200120b3_2024-03-29_154622472949.jpg"}