{"event":{"view":{"activity_name":"com.sec.android.app.sbrowser/.sites.bookmark.view.select_bookmark_folder.SelectBookmarkFolderActivity","resource_id":"com.sec.android.app.sbrowser:id/cancel_btn_layout","class_":"android.widget.LinearLayout","pointer":null,"content_desc":null,"enabled":true,"visible":true,"checked":false,"selected":false,"editable":false,"clickable":true,"long_clickable":false,"scrollable_horizontal":false,"scrollable_vertical":false,"checkable":false,"text":null,"text_hint":null,"bounds":[0,2012,540,2170],"rel_bounds":[0,2012,540,2170],"children":[{"activity_name":"com.sec.android.app.sbrowser/.sites.bookmark.view.select_bookmark_folder.SelectBookmarkFolderActivity","resource_id":"com.sec.android.app.sbrowser:id/cancel_btn","class_":"android.widget.TextView","pointer":null,"content_desc":"Cancel, Button","enabled":true,"visible":true,"checked":false,"selected":false,"editable":false,"clickable":false,"long_clickable":false,"scrollable_horizontal":false,"scrollable_vertical":false,"checkable":false,"text":"Cancel","text_hint":null,"bounds":[68,2012,506,2170],"rel_bounds":[68,2012,506,2170],"children":[],"ancestors":[],"semantic_classes":["back-like button","Button (including text and image)"],"uid":"be5d5f9eba63a2e7e6a64980401723c1","is_password":false,"serialize_class":"AndroidViewTree","package_name":"com.sec.android.app.sbrowser","fingerprint":"","meta_info":null}],"ancestors":[],"semantic_classes":["Layout"],"uid":"3c6d1a6961ae20c90bf32882d506a6be","is_password":false,"serialize_class":"AndroidViewTree","package_name":"com.sec.android.app.sbrowser","fingerprint":"","meta_info":null},"event_type":"touch","_proba":0.11753886810496178,"tag":"2024-03-29_153803912446"},"str":"TouchEvent(state=ab1d74995d930a160fe5da9bc7f71fdf,view=3c6d1a6961ae20c90bf32882d506a6be)","tag":"2024-03-29_153803912446","device_time":"2024-03-29 15:38:06.355","epoch":"1711694286355","to_tag":"2024-03-29_153807686028","index":180,"image":"screenshots\\screen_2024-03-29_153803912446.jpg","to_image":"screenshots\\screen_2024-03-29_153807686028.jpg","crash":{},"anr":{},"dqa":{},"from":"ab1d74995d930a160fe5da9bc7f71fdf","to":"d5d7dd131d6a0e25e2e49ba0c9d76f39","view_img":"views\\view_3c6d1a6961ae20c90bf32882d506a6be_2024-03-29_153803912446.jpg"}