{"event":{"view":{"activity_name":"com.sec.android.app.sbrowser/.SBrowserMainActivity","resource_id":"com.sec.android.app.sbrowser:id/location_bar_edit_text","class_":"android.widget.EditText","pointer":null,"content_desc":null,"enabled":true,"visible":true,"checked":false,"selected":false,"editable":true,"clickable":true,"long_clickable":true,"scrollable_horizontal":false,"scrollable_vertical":false,"checkable":false,"text":"‎www.google.com","text_hint":null,"bounds":[216,89,944,196],"rel_bounds":[216,89,944,196],"children":[],"ancestors":[],"semantic_classes":["external link (email or website)","Input"],"uid":"2f95d09857e9aa1e8ee2803923bf5f18","is_password":false,"serialize_class":"AndroidViewTree","package_name":"com.sec.android.app.sbrowser","fingerprint":"","meta_info":null},"event_type":"touch","_proba":0.00871868408137681,"tag":"2024-03-29_154754660890"},"str":"TouchEvent(state=bd05696375f96d160c46000184ad936d,view=2f95d09857e9aa1e8ee2803923bf5f18)","tag":"2024-03-29_154754660890","device_time":"2024-03-29 15:47:57.157","epoch":"1711694877157","to_tag":"2024-03-29_154758503117","index":304,"image":"screenshots\\screen_2024-03-29_154754660890.jpg","to_image":"screenshots\\screen_2024-03-29_154758503117.jpg","crash":{},"anr":{},"dqa":{},"from":"bd05696375f96d160c46000184ad936d","to":"d0e9268b28210b32fd4fa61942e2cad6","view_img":"views\\view_2f95d09857e9aa1e8ee2803923bf5f18_2024-03-29_154754660890.jpg"}