{"event":{"view":{"activity_name":"com.sec.android.app.sbrowser/.SBrowserMainActivity","resource_id":"com.sec.android.app.sbrowser:id/location_bar_edit_text","class_":"android.widget.EditText","pointer":null,"content_desc":null,"enabled":true,"visible":true,"checked":false,"selected":false,"editable":true,"clickable":true,"long_clickable":true,"scrollable_horizontal":false,"scrollable_vertical":false,"checkable":false,"text":"‎www.google.com","text_hint":null,"bounds":[269,89,944,196],"rel_bounds":[269,89,944,196],"children":[],"ancestors":[],"semantic_classes":["external link (email or website)","Input"],"uid":"2f95d09857e9aa1e8ee2803923bf5f18","is_password":false,"serialize_class":"AndroidViewTree","package_name":"com.sec.android.app.sbrowser","fingerprint":"","meta_info":null},"text":"Hello STEM","event_type":"set_text","_proba":0.0006344378370192361,"tag":"2024-03-29_155444063696"},"str":"SetTextEvent(state=9c9f67805a85e4b7ff10d7aae5533d3e,view=2f95d09857e9aa1e8ee2803923bf5f18)","tag":"2024-03-29_155444063696","device_time":"2024-03-29 15:54:52.752","epoch":"1711695292752","to_tag":"2024-03-29_155454038014","index":406,"image":null,"to_image":null,"crash":{},"anr":{},"dqa":{},"from":"9c9f67805a85e4b7ff10d7aae5533d3e","to":"3f4d898c7f2c0bad6c209501b1ea20fe","view_img":"views\\view_2f95d09857e9aa1e8ee2803923bf5f18_2024-03-29_155444063696.jpg"}