{"event":{"view":{"activity_name":"com.sec.android.app.sbrowser/.SBrowserMainActivity","resource_id":"com.sec.android.app.sbrowser:id/tab_manager_back_button","class_":"android.widget.ImageButton","pointer":null,"content_desc":"Navigate up","enabled":true,"visible":true,"checked":false,"selected":false,"editable":false,"clickable":true,"long_clickable":false,"scrollable_horizontal":false,"scrollable_vertical":false,"checkable":false,"text":null,"text_hint":null,"bounds":[23,142,158,277],"rel_bounds":[23,142,158,277],"children":[],"ancestors":[],"semantic_classes":["Button (including text and image)"],"uid":"c15ec146ab01801ab4383e1b3a1922f5","is_password":false,"serialize_class":"AndroidViewTree","package_name":"com.sec.android.app.sbrowser","fingerprint":"","meta_info":null},"event_type":"touch","_proba":0.3921938626109938,"tag":"2024-03-29_155248845043"},"str":"TouchEvent(state=6395ed82ac83d7ff2721d49aca846c47,view=c15ec146ab01801ab4383e1b3a1922f5)","tag":"2024-03-29_155248845043","device_time":"2024-03-29 15:52:51.388","epoch":"1711695171388","to_tag":"2024-03-29_155252685633","index":378,"image":"screenshots\\screen_2024-03-29_155248845043.jpg","to_image":"screenshots\\screen_2024-03-29_155252685633.jpg","crash":{},"anr":{},"dqa":{},"from":"6395ed82ac83d7ff2721d49aca846c47","to":"bd05696375f96d160c46000184ad936d","view_img":"views\\view_c15ec146ab01801ab4383e1b3a1922f5_2024-03-29_155248845043.jpg"}