{"event":{"view":{"activity_name":"com.sec.android.app.sbrowser/.sites.SitesActivity","resource_id":null,"class_":"android.widget.ImageButton","pointer":null,"content_desc":"Navigate up","enabled":true,"visible":true,"checked":false,"selected":false,"editable":false,"clickable":true,"long_clickable":false,"scrollable_horizontal":false,"scrollable_vertical":false,"checkable":false,"text":null,"text_hint":null,"bounds":[0,120,158,300],"rel_bounds":[0,120,158,300],"children":[],"ancestors":[],"semantic_classes":["Button (including text and image)"],"uid":"8b35fd606d1bf0e37203d5d3e83c8191","is_password":false,"serialize_class":"AndroidViewTree","package_name":"com.sec.android.app.sbrowser","fingerprint":"","meta_info":null},"event_type":"touch","_proba":0.33626686280380225,"tag":"2024-03-29_155436653538"},"str":"TouchEvent(state=fca496a0dfef517690c64a53b7336995,view=8b35fd606d1bf0e37203d5d3e83c8191)","tag":"2024-03-29_155436653538","device_time":"2024-03-29 15:54:39.047","epoch":"1711695279047","to_tag":"2024-03-29_155440370056","index":404,"image":"screenshots\\screen_2024-03-29_155436653538.jpg","to_image":"screenshots\\screen_2024-03-29_155440370056.jpg","crash":{},"anr":{},"dqa":{},"from":"fca496a0dfef517690c64a53b7336995","to":"225f5dab4598360a7192d87e8508c213","view_img":"views\\view_8b35fd606d1bf0e37203d5d3e83c8191_2024-03-29_155436653538.jpg"}