{"event":{"view":{"activity_name":"com.sec.android.app.sbrowser/.settings.SettingsActivity","resource_id":"android:id/switch_widget","class_":"android.widget.Switch","pointer":null,"content_desc":"High contrast mode","enabled":true,"visible":true,"checked":true,"selected":false,"editable":false,"clickable":true,"long_clickable":false,"scrollable_horizontal":false,"scrollable_vertical":false,"checkable":true,"text":null,"text_hint":null,"bounds":[890,1474,1013,1770],"rel_bounds":[890,1474,1013,1770],"children":[],"ancestors":[],"semantic_classes":["Switch (On-off or toggle button)"],"uid":"2fd5f9c8fe54817fbb0d0bfa3e4acd61","is_password":false,"serialize_class":"AndroidViewTree","package_name":"com.sec.android.app.sbrowser","fingerprint":"","meta_info":null},"event_type":"touch","_proba":0.14533894076404097,"tag":"2024-03-29_155844362034"},"str":"TouchEvent(state=575f3f904800a8ffee9e5ebaa40c19a7,view=2fd5f9c8fe54817fbb0d0bfa3e4acd61)","tag":"2024-03-29_155844362034","device_time":"2024-03-29 15:58:46.882","epoch":"1711695526882","to_tag":"2024-03-29_155848171421","index":450,"image":"screenshots\\screen_2024-03-29_155844362034.jpg","to_image":"screenshots\\screen_2024-03-29_155848171421.jpg","crash":{},"anr":{},"dqa":{},"from":"575f3f904800a8ffee9e5ebaa40c19a7","to":"0c1da480c90fa6f05dd3c5812eb6a439","view_img":"views\\view_2fd5f9c8fe54817fbb0d0bfa3e4acd61_2024-03-29_155844362034.jpg"}