{"event":{"view":{"activity_name":"com.sec.android.app.sbrowser/.SBrowserMainActivity","resource_id":"com.sec.android.app.sbrowser:id/action_bookmarks","class_":"android.widget.ImageButton","pointer":null,"content_desc":"Bookmarks","enabled":true,"visible":true,"checked":false,"selected":false,"editable":false,"clickable":true,"long_clickable":true,"scrollable_horizontal":false,"scrollable_vertical":false,"checkable":false,"text":null,"text_hint":null,"bounds":[616,2046,770,2181],"rel_bounds":[616,2046,770,2181],"children":[],"ancestors":[],"semantic_classes":["Button (including text and image)"],"uid":"619cf02349624a12144566da6e306dbd","is_password":false,"serialize_class":"AndroidViewTree","package_name":"com.sec.android.app.sbrowser","fingerprint":"","meta_info":null},"event_type":"touch","_proba":0.21063250440303755,"tag":"2024-03-29_155529024633"},"str":"TouchEvent(state=6738d8c984011a40e4b34005332ecdd6,view=619cf02349624a12144566da6e306dbd)","tag":"2024-03-29_155529024633","device_time":"2024-03-29 15:55:36.513","epoch":"1711695336513","to_tag":"2024-03-29_155537812065","index":411,"image":null,"to_image":"screenshots\\screen_2024-03-29_155537812065.jpg","crash":{},"anr":{},"dqa":{},"from":"6738d8c984011a40e4b34005332ecdd6","to":"225f5dab4598360a7192d87e8508c213","view_img":"views\\view_619cf02349624a12144566da6e306dbd_2024-03-29_155529024633.jpg"}