{"event":{"view":{"activity_name":"com.sec.android.app.sbrowser/.sites.SitesActivity","resource_id":null,"class_":"android.widget.LinearLayout","pointer":null,"content_desc":null,"enabled":true,"visible":true,"checked":false,"selected":false,"editable":false,"clickable":true,"long_clickable":false,"scrollable_horizontal":false,"scrollable_vertical":false,"checkable":false,"text":null,"text_hint":null,"bounds":[42,339,504,401],"rel_bounds":[42,339,504,401],"children":[{"activity_name":"com.sec.android.app.sbrowser/.sites.SitesActivity","resource_id":"com.sec.android.app.sbrowser:id/path_indicator_button","class_":"android.widget.TextView","pointer":null,"content_desc":"Secret mode bookmarks, Folder, Double tap to open folder.","enabled":true,"visible":true,"checked":false,"selected":false,"editable":false,"clickable":false,"long_clickable":false,"scrollable_horizontal":false,"scrollable_vertical":false,"checkable":false,"text":"Secret mode bookmarks","text_hint":null,"bounds":[42,339,504,401],"rel_bounds":[42,339,504,401],"children":[],"ancestors":[],"semantic_classes":["Button (including text and image)"],"uid":"42e9ff1ea69820b6fe20959a1c86d3f6","is_password":false,"serialize_class":"AndroidViewTree","package_name":"com.sec.android.app.sbrowser","fingerprint":"","meta_info":null}],"ancestors":[],"semantic_classes":["Layout"],"uid":"6b41702ee773c1d91d05f8c7a57c0836","is_password":false,"serialize_class":"AndroidViewTree","package_name":"com.sec.android.app.sbrowser","fingerprint":"","meta_info":null},"event_type":"touch","_proba":0.020184032332816494,"tag":"2024-03-29_154450296312"},"str":"TouchEvent(state=fca496a0dfef517690c64a53b7336995,view=6b41702ee773c1d91d05f8c7a57c0836)","tag":"2024-03-29_154450296312","device_time":"2024-03-29 15:44:52.796","epoch":"1711694692796","to_tag":"2024-03-29_154454079354","index":262,"image":"screenshots\\screen_2024-03-29_154450296312.jpg","to_image":"screenshots\\screen_2024-03-29_154454079354.jpg","crash":{},"anr":{},"dqa":{},"from":"fca496a0dfef517690c64a53b7336995","to":"225f5dab4598360a7192d87e8508c213","view_img":"views\\view_6b41702ee773c1d91d05f8c7a57c0836_2024-03-29_154450296312.jpg"}