{"event":{"view":{"activity_name":"com.sec.android.app.sbrowser/.sites.SitesActivity","resource_id":"com.sec.android.app.sbrowser:id/actionbar_select_all_checkbox","class_":"android.widget.CheckBox","pointer":null,"content_desc":"Nothing selected.","enabled":true,"visible":true,"checked":false,"selected":false,"editable":false,"clickable":true,"long_clickable":false,"scrollable_horizontal":false,"scrollable_vertical":false,"checkable":true,"text":null,"text_hint":null,"bounds":[45,156,135,246],"rel_bounds":[45,156,135,246],"children":[],"ancestors":[],"semantic_classes":["Container (including radio buttons and checkboxes"],"uid":"b17f290beb02105449cae818f3d743d9","is_password":false,"serialize_class":"AndroidViewTree","package_name":"com.sec.android.app.sbrowser","fingerprint":"","meta_info":null},"event_type":"touch","_proba":0.22238192396552448,"tag":"2024-03-29_153632965374"},"str":"TouchEvent(state=8c77222f61f78c68826e5076f2aaed35,view=b17f290beb02105449cae818f3d743d9)","tag":"2024-03-29_153632965374","device_time":"2024-03-29 15:36:35.428","epoch":"1711694195428","to_tag":"2024-03-29_153636756512","index":156,"image":"screenshots\\screen_2024-03-29_153632965374.jpg","to_image":"screenshots\\screen_2024-03-29_153636756512.jpg","crash":{},"anr":{},"dqa":{},"from":"8c77222f61f78c68826e5076f2aaed35","to":"85852db86e5648081d0555fb891f20b3","view_img":"views\\view_b17f290beb02105449cae818f3d743d9_2024-03-29_153632965374.jpg"}