{"event":{"view":{"activity_name":"com.sec.android.app.sbrowser/.SBrowserMainActivity","resource_id":"com.sec.android.app.sbrowser:id/action_forward","class_":"android.widget.ImageButton","pointer":null,"content_desc":"Forward","enabled":true,"visible":true,"checked":false,"selected":false,"editable":false,"clickable":true,"long_clickable":true,"scrollable_horizontal":false,"scrollable_vertical":false,"checkable":false,"text":null,"text_hint":null,"bounds":[154,2046,308,2181],"rel_bounds":[154,2046,308,2181],"children":[],"ancestors":[],"semantic_classes":["Button (including text and image)"],"uid":"b7497edcfdc7999d5e021137ad599ab4","is_password":false,"serialize_class":"AndroidViewTree","package_name":"com.sec.android.app.sbrowser","fingerprint":"","meta_info":null},"event_type":"touch","_proba":0.11485482062118042,"tag":"2024-03-29_160147726528"},"str":"TouchEvent(state=533961ff3d55db3159a649172cb92292,view=b7497edcfdc7999d5e021137ad599ab4)","tag":"2024-03-29_160147726528","device_time":"2024-03-29 16:01:50.160","epoch":"1711695710160","to_tag":"2024-03-29_160151459590","index":482,"image":"screenshots\\screen_2024-03-29_160147726528.jpg","to_image":"screenshots\\screen_2024-03-29_160151459590.jpg","crash":{},"anr":{},"dqa":{},"from":"533961ff3d55db3159a649172cb92292","to":"647b46943a58e775d204af32a895a6ef","view_img":"views\\view_b7497edcfdc7999d5e021137ad599ab4_2024-03-29_160147726528.jpg"}