{"event":{"intent":"am force-stop com.sec.android.app.sbrowser","tag":"2024-03-29_152700418398","event_type":"intent"},"str":"IntentEvent(state=002424a97f278df6dbb9bb6ebc28b4aa,intent='am force-stop com.sec.android.app.sbrowser')","tag":"2024-03-29_152700418398","device_time":"2024-03-29 15:27:05.094","epoch":"1711693625094","to_tag":"2024-03-29_152706993932","index":29,"image":"screenshots\\screen_2024-03-29_152700418398.jpg","to_image":"screenshots\\screen_2024-03-29_152706993932.jpg","crash":{},"anr":{},"dqa":{},"from":"002424a97f278df6dbb9bb6ebc28b4aa","to":"002424a97f278df6dbb9bb6ebc28b4aa"}