{"event":{"view":{"activity_name":"com.sec.android.app.sbrowser/.SBrowserMainActivity","resource_id":"android:id/button2","class_":"android.widget.Button","pointer":null,"content_desc":null,"enabled":true,"visible":true,"checked":false,"selected":false,"editable":false,"clickable":true,"long_clickable":false,"scrollable_horizontal":false,"scrollable_vertical":false,"checkable":false,"text":"Cancel","text_hint":null,"bounds":[96,1979,582,2080],"rel_bounds":[96,1979,582,2080],"children":[],"ancestors":[],"semantic_classes":["back-like button","Button (including text and image)"],"uid":"9579d3eb936ab1e58102e59f5db6c9cf","is_password":false,"serialize_class":"AndroidViewTree","package_name":"com.sec.android.app.sbrowser","fingerprint":"","meta_info":null},"event_type":"touch","_proba":0.2587777773129948,"tag":"2024-03-29_155800847099"},"str":"TouchEvent(state=f15be60a21269bc3d922a400e57515e3,view=9579d3eb936ab1e58102e59f5db6c9cf)","tag":"2024-03-29_155800847099","device_time":"2024-03-29 15:58:08.524","epoch":"1711695488524","to_tag":"2024-03-29_155809859536","index":444,"image":null,"to_image":null,"crash":{},"anr":{},"dqa":{},"from":"f15be60a21269bc3d922a400e57515e3","to":"9c9f67805a85e4b7ff10d7aae5533d3e","view_img":"views\\view_9579d3eb936ab1e58102e59f5db6c9cf_2024-03-29_155800847099.jpg"}