{"event":{"view":{"activity_name":"com.sec.android.app.sbrowser/.SBrowserMainActivity","resource_id":"com.sec.android.app.sbrowser:id/tab_manager_bottom_newtab_button","class_":"android.widget.Button","pointer":null,"content_desc":"New tab","enabled":true,"visible":true,"checked":false,"selected":false,"editable":false,"clickable":true,"long_clickable":true,"scrollable_horizontal":false,"scrollable_vertical":false,"checkable":false,"text":null,"text_hint":null,"bounds":[540,2021,1012,2181],"rel_bounds":[540,2021,1012,2181],"children":[{"activity_name":"com.sec.android.app.sbrowser/.SBrowserMainActivity","resource_id":"com.sec.android.app.sbrowser:id/tab_manager_bottom_newtab_button_text","class_":"android.widget.TextView","pointer":null,"content_desc":null,"enabled":true,"visible":true,"checked":false,"selected":false,"editable":false,"clickable":false,"long_clickable":false,"scrollable_horizontal":false,"scrollable_vertical":false,"checkable":false,"text":"New tab","text_hint":null,"bounds":[676,2066,876,2136],"rel_bounds":[676,2066,876,2136],"children":[],"ancestors":[],"semantic_classes":["collection manipulation (add, delete, etc.)","Button (including text and image)"],"uid":"36638a22b84122f49829e637d73aeb0a","is_password":false,"serialize_class":"AndroidViewTree","package_name":"com.sec.android.app.sbrowser","fingerprint":"","meta_info":null}],"ancestors":[],"semantic_classes":["Button (including text and image)"],"uid":"ae4561af3dba3880b787e79b8c1e3e31","is_password":false,"serialize_class":"AndroidViewTree","package_name":"com.sec.android.app.sbrowser","fingerprint":"","meta_info":null},"event_type":"touch","_proba":0.19564405730445716,"tag":"2024-03-29_155353253439"},"str":"TouchEvent(state=411e53e8af3c066211c8eac198edb438,view=ae4561af3dba3880b787e79b8c1e3e31)","tag":"2024-03-29_155353253439","device_time":"2024-03-29 15:53:55.819","epoch":"1711695235819","to_tag":"2024-03-29_155357152563","index":394,"image":"screenshots\\screen_2024-03-29_155353253439.jpg","to_image":"screenshots\\screen_2024-03-29_155357152563.jpg","crash":{},"anr":{},"dqa":{},"from":"411e53e8af3c066211c8eac198edb438","to":"9c9f67805a85e4b7ff10d7aae5533d3e","view_img":"views\\view_ae4561af3dba3880b787e79b8c1e3e31_2024-03-29_155353253439.jpg"}