{"event":{"view":{"activity_name":"com.google.android.tts/com.google.android.apps.speech.tts.googletts.service.GoogleTTSActivity","resource_id":"com.google.android.tts:id/transcription_mic_container","class_":"android.widget.FrameLayout","pointer":null,"content_desc":"Tap to stop listening","enabled":true,"visible":true,"checked":false,"selected":false,"editable":false,"clickable":true,"long_clickable":false,"scrollable_horizontal":false,"scrollable_vertical":false,"checkable":false,"text":null,"text_hint":null,"bounds":[371,838,709,1176],"rel_bounds":[371,838,709,1176],"children":[{"activity_name":"com.google.android.tts/com.google.android.apps.speech.tts.googletts.service.GoogleTTSActivity","resource_id":"com.google.android.tts:id/transcription_sound_levels","class_":"android.view.View","pointer":null,"content_desc":null,"enabled":true,"visible":true,"checked":false,"selected":false,"editable":false,"clickable":false,"long_clickable":false,"scrollable_horizontal":false,"scrollable_vertical":false,"checkable":false,"text":null,"text_hint":null,"bounds":[371,838,709,1176],"rel_bounds":[371,838,709,1176],"children":[],"ancestors":[],"semantic_classes":["Base View Android API class (android.view.View)"],"uid":"9ed5718828639c93d4452a0249c78773","is_password":false,"serialize_class":"AndroidViewTree","package_name":"com.google.android.tts","fingerprint":"","meta_info":null},{"activity_name":"com.google.android.tts/com.google.android.apps.speech.tts.googletts.service.GoogleTTSActivity","resource_id":"com.google.android.tts:id/transcription_mic_image_indicator_background","class_":"android.widget.ImageView","pointer":null,"content_desc":null,"enabled":true,"visible":true,"checked":false,"selected":false,"editable":false,"clickable":false,"long_clickable":false,"scrollable_horizontal":false,"scrollable_vertical":false,"checkable":false,"text":null,"text_hint":null,"bounds":[427,894,652,1119],"rel_bounds":[427,894,652,1119],"children":[],"ancestors":[],"semantic_classes":["Image"],"uid":"7664a4c8f868d1c098413207a1bdf226","is_password":false,"serialize_class":"AndroidViewTree","package_name":"com.google.android.tts","fingerprint":"","meta_info":null},{"activity_name":"com.google.android.tts/com.google.android.apps.speech.tts.googletts.service.GoogleTTSActivity","resource_id":"com.google.android.tts:id/transcription_mic_image_indicator","class_":"android.widget.ImageView","pointer":null,"content_desc":null,"enabled":true,"visible":true,"checked":false,"selected":false,"editable":false,"clickable":false,"long_clickable":false,"scrollable_horizontal":false,"scrollable_vertical":false,"checkable":false,"text":null,"text_hint":null,"bounds":[489,956,590,1057],"rel_bounds":[489,956,590,1057],"children":[],"ancestors":[],"semantic_classes":["Image"],"uid":"9a3afac4c9d15ea2d63a9257920d257c","is_password":false,"serialize_class":"AndroidViewTree","package_name":"com.google.android.tts","fingerprint":"","meta_info":null}],"ancestors":[],"semantic_classes":["Layout"],"uid":"7fc795e81e080821c359bba9c61b2c53","is_password":false,"serialize_class":"AndroidViewTree","package_name":"com.google.android.tts","fingerprint":"","meta_info":null},"event_type":"touch","_proba":0.9966132853357521,"tag":"2024-03-29_152805005158"},"str":"TouchEvent(state=fd70c9c3efee4733eb7a977058e57017,view=7fc795e81e080821c359bba9c61b2c53)","tag":"2024-03-29_152805005158","device_time":"2024-03-29 15:28:07.554","epoch":"1711693687554","to_tag":"2024-03-29_152808868738","index":44,"image":"screenshots\\screen_2024-03-29_152805005158.jpg","to_image":"screenshots\\screen_2024-03-29_152808868738.jpg","crash":{},"anr":{},"dqa":{},"from":"fd70c9c3efee4733eb7a977058e57017","to":"a41871338bb20e112708ad5261ec8fad","view_img":"views\\view_7fc795e81e080821c359bba9c61b2c53_2024-03-29_152805005158.jpg"}