{"event":{"view":{"activity_name":"com.sec.android.app.sbrowser/.SBrowserMainActivity","resource_id":"com.sec.android.app.sbrowser:id/action_backward","class_":"android.widget.ImageButton","pointer":null,"content_desc":"Back","enabled":true,"visible":true,"checked":false,"selected":false,"editable":false,"clickable":true,"long_clickable":true,"scrollable_horizontal":false,"scrollable_vertical":false,"checkable":false,"text":null,"text_hint":null,"bounds":[0,2046,154,2181],"rel_bounds":[0,2046,154,2181],"children":[],"ancestors":[],"semantic_classes":["Button (including text and image)"],"uid":"d6d40e8ee36c0a51e52ad01792c0d1f7","is_password":false,"serialize_class":"AndroidViewTree","package_name":"com.sec.android.app.sbrowser","fingerprint":"","meta_info":null},"event_type":"touch","_proba":0.03467028238350697,"tag":"2024-03-29_153903253632"},"str":"TouchEvent(state=bd05696375f96d160c46000184ad936d,view=d6d40e8ee36c0a51e52ad01792c0d1f7)","tag":"2024-03-29_153903253632","device_time":"2024-03-29 15:39:05.753","epoch":"1711694345753","to_tag":"2024-03-29_153907040671","index":195,"image":"screenshots\\screen_2024-03-29_153903253632.jpg","to_image":"screenshots\\screen_2024-03-29_153907040671.jpg","crash":{},"anr":{},"dqa":{},"from":"bd05696375f96d160c46000184ad936d","to":"a6fbb6ababe19f89fb90cd8e0ded653f","view_img":"views\\view_d6d40e8ee36c0a51e52ad01792c0d1f7_2024-03-29_153903253632.jpg"}