{"event":{"view":{"activity_name":"com.sec.android.app.sbrowser/.SBrowserMainActivity","resource_id":"com.sec.android.app.sbrowser:id/tab_manager_toolbar_search_button","class_":"android.widget.ImageButton","pointer":null,"content_desc":"Search","enabled":true,"visible":true,"checked":false,"selected":false,"editable":false,"clickable":true,"long_clickable":false,"scrollable_horizontal":false,"scrollable_vertical":false,"checkable":false,"text":null,"text_hint":null,"bounds":[821,142,939,277],"rel_bounds":[821,142,939,277],"children":[],"ancestors":[],"semantic_classes":["Button (including text and image)"],"uid":"990227a4adc23c253ec85cfc2940e327","is_password":false,"serialize_class":"AndroidViewTree","package_name":"com.sec.android.app.sbrowser","fingerprint":"","meta_info":null},"event_type":"touch","_proba":0.02388384538182271,"tag":"2024-03-29_153423355634"},"str":"TouchEvent(state=620368a3151c00b7f9bdaf826d360d8f,view=990227a4adc23c253ec85cfc2940e327)","tag":"2024-03-29_153423355634","device_time":"2024-03-29 15:34:25.936","epoch":"1711694065936","to_tag":"2024-03-29_153427246820","index":122,"image":"screenshots\\screen_2024-03-29_153423355634.jpg","to_image":"screenshots\\screen_2024-03-29_153427246820.jpg","crash":{},"anr":{},"dqa":{},"from":"620368a3151c00b7f9bdaf826d360d8f","to":"8b08901e36864de568f047b16ff43d4c","view_img":"views\\view_990227a4adc23c253ec85cfc2940e327_2024-03-29_153423355634.jpg"}