{"event":{"view":{"activity_name":"com.sec.android.app.sbrowser/.SBrowserMainActivity","resource_id":"com.sec.android.app.sbrowser:id/search_engine_button_layout","class_":"android.widget.LinearLayout","pointer":null,"content_desc":"Google, Change search engine, Dropdown list","enabled":true,"visible":true,"checked":false,"selected":false,"editable":false,"clickable":true,"long_clickable":false,"scrollable_horizontal":false,"scrollable_vertical":false,"checkable":false,"text":null,"text_hint":null,"bounds":[62,89,220,196],"rel_bounds":[62,89,220,196],"children":[{"activity_name":"com.sec.android.app.sbrowser/.SBrowserMainActivity","resource_id":"com.sec.android.app.sbrowser:id/search_engine_icon","class_":"android.widget.ImageView","pointer":null,"content_desc":null,"enabled":true,"visible":true,"checked":false,"selected":false,"editable":false,"clickable":false,"long_clickable":false,"scrollable_horizontal":false,"scrollable_vertical":false,"checkable":false,"text":null,"text_hint":null,"bounds":[79,106,152,179],"rel_bounds":[79,106,152,179],"children":[],"ancestors":[],"semantic_classes":["Image"],"uid":"a2e45b5a4d3118820bf43dc37beaa60e","is_password":false,"serialize_class":"AndroidViewTree","package_name":"com.sec.android.app.sbrowser","fingerprint":"","meta_info":null},{"activity_name":"com.sec.android.app.sbrowser/.SBrowserMainActivity","resource_id":"com.sec.android.app.sbrowser:id/search_engine_spinner_button","class_":"android.widget.ImageView","pointer":null,"content_desc":null,"enabled":true,"visible":true,"checked":false,"selected":false,"editable":false,"clickable":false,"long_clickable":false,"scrollable_horizontal":false,"scrollable_vertical":false,"checkable":false,"text":null,"text_hint":null,"bounds":[152,89,186,196],"rel_bounds":[152,89,186,196],"children":[],"ancestors":[],"semantic_classes":["Image"],"uid":"226b97fee48c48b39c280ab6f79f191a","is_password":false,"serialize_class":"AndroidViewTree","package_name":"com.sec.android.app.sbrowser","fingerprint":"","meta_info":null}],"ancestors":[],"semantic_classes":["Layout"],"uid":"a6e1923f8690a53ff065cf8c4060aa19","is_password":false,"serialize_class":"AndroidViewTree","package_name":"com.sec.android.app.sbrowser","fingerprint":"","meta_info":null},"event_type":"touch","_proba":0.6270913478011086,"tag":"2024-03-29_160155270850"},"str":"TouchEvent(state=80357600bd66a19fe535afdf160bea61,view=a6e1923f8690a53ff065cf8c4060aa19)","tag":"2024-03-29_160155270850","device_time":"2024-03-29 16:01:57.717","epoch":"1711695717717","to_tag":"2024-03-29_160159027212","index":484,"image":"screenshots\\screen_2024-03-29_160155270850.jpg","to_image":"screenshots\\screen_2024-03-29_160159027212.jpg","crash":{},"anr":{},"dqa":{},"from":"80357600bd66a19fe535afdf160bea61","to":"6747831df6ac966f68bcd5017c9f92bc","view_img":"views\\view_a6e1923f8690a53ff065cf8c4060aa19_2024-03-29_160155270850.jpg"}