{"event":{"view":{"activity_name":"com.sec.android.app.sbrowser/.SBrowserMainActivity","resource_id":"com.sec.android.app.sbrowser:id/bookmark_star_icon","class_":"android.widget.ImageButton","pointer":null,"content_desc":"Remove from Bookmarks","enabled":true,"visible":true,"checked":false,"selected":false,"editable":false,"clickable":true,"long_clickable":false,"scrollable_horizontal":false,"scrollable_vertical":false,"checkable":false,"text":null,"text_hint":null,"bounds":[57,89,125,196],"rel_bounds":[57,89,125,196],"children":[],"ancestors":[],"semantic_classes":["Button (including text and image)"],"uid":"55e82f269731601b75f8abb885973260","is_password":false,"serialize_class":"AndroidViewTree","package_name":"com.sec.android.app.sbrowser","fingerprint":"","meta_info":null},"event_type":"touch","_proba":0.32762935802250354,"tag":"2024-03-29_153517093366"},"str":"TouchEvent(state=647b46943a58e775d204af32a895a6ef,view=55e82f269731601b75f8abb885973260)","tag":"2024-03-29_153517093366","device_time":"2024-03-29 15:35:19.538","epoch":"1711694119538","to_tag":"2024-03-29_153520844545","index":136,"image":"screenshots\\screen_2024-03-29_153517093366.jpg","to_image":"screenshots\\screen_2024-03-29_153520844545.jpg","crash":{},"anr":{},"dqa":{},"from":"647b46943a58e775d204af32a895a6ef","to":"647b46943a58e775d204af32a895a6ef","view_img":"views\\view_55e82f269731601b75f8abb885973260_2024-03-29_153517093366.jpg"}