{"event":{"view":{"activity_name":"com.sec.android.app.sbrowser/.SBrowserMainActivity","resource_id":null,"class_":"android.view.ViewGroup","pointer":null,"content_desc":null,"enabled":true,"visible":true,"checked":false,"selected":false,"editable":false,"clickable":true,"long_clickable":true,"scrollable_horizontal":false,"scrollable_vertical":false,"checkable":false,"text":null,"text_hint":null,"bounds":[28,1564,1052,1873],"rel_bounds":[28,1564,1052,1873],"children":[{"activity_name":"com.sec.android.app.sbrowser/.SBrowserMainActivity","resource_id":"com.sec.android.app.sbrowser:id/current_tab_outline","class_":"android.view.View","pointer":null,"content_desc":null,"enabled":true,"visible":true,"checked":false,"selected":false,"editable":false,"clickable":false,"long_clickable":false,"scrollable_horizontal":false,"scrollable_vertical":false,"checkable":false,"text":null,"text_hint":null,"bounds":[28,1592,1052,1845],"rel_bounds":[28,1592,1052,1845],"children":[],"ancestors":[],"semantic_classes":["Base View Android API class (android.view.View)"],"uid":"ef9732fc5e4765d813e854dd7618f2f7","is_password":false,"serialize_class":"AndroidViewTree","package_name":"com.sec.android.app.sbrowser","fingerprint":"","meta_info":null},{"activity_name":"com.sec.android.app.sbrowser/.SBrowserMainActivity","resource_id":null,"class_":"android.view.ViewGroup","pointer":null,"content_desc":null,"enabled":true,"visible":true,"checked":false,"selected":false,"editable":false,"clickable":false,"long_clickable":false,"scrollable_horizontal":false,"scrollable_vertical":false,"checkable":false,"text":null,"text_hint":null,"bounds":[28,1592,1052,1845],"rel_bounds":[28,1592,1052,1845],"children":[{"activity_name":"com.sec.android.app.sbrowser/.SBrowserMainActivity","resource_id":"com.sec.android.app.sbrowser:id/tab_list_item_title_container","class_":"android.widget.FrameLayout","pointer":null,"content_desc":null,"enabled":true,"visible":true,"checked":false,"selected":false,"editable":false,"clickable":false,"long_clickable":false,"scrollable_horizontal":false,"scrollable_vertical":false,"checkable":false,"text":null,"text_hint":null,"bounds":[28,1592,698,1735],"rel_bounds":[28,1592,698,1735],"children":[{"activity_name":"com.sec.android.app.sbrowser/.SBrowserMainActivity","resource_id":"com.sec.android.app.sbrowser:id/tab_list_item_title","class_":"android.widget.TextView","pointer":null,"content_desc":null,"enabled":true,"visible":true,"checked":false,"selected":false,"editable":false,"clickable":false,"long_clickable":false,"scrollable_horizontal":false,"scrollable_vertical":false,"checkable":false,"text":"Google","text_hint":null,"bounds":[84,1620,222,1735],"rel_bounds":[84,1620,222,1735],"children":[],"ancestors":[],"semantic_classes":["next-like button","Button (including text and image)"],"uid":"a051bdc9571fef52e712b65d0a72154f","is_password":false,"serialize_class":"AndroidViewTree","package_name":"com.sec.android.app.sbrowser","fingerprint":"","meta_info":null},{"activity_name":"com.sec.android.app.sbrowser/.SBrowserMainActivity","resource_id":"com.sec.android.app.sbrowser:id/tab_list_item_title_spacer","class_":"android.widget.TextView","pointer":null,"content_desc":null,"enabled":true,"visible":true,"checked":false,"selected":false,"editable":false,"clickable":false,"long_clickable":false,"scrollable_horizontal":false,"scrollable_vertical":false,"checkable":false,"text":" ","text_hint":null,"bounds":[84,1620,95,1735],"rel_bounds":[84,1620,95,1735],"children":[],"ancestors":[],"semantic_classes":["Button (including text and image)"],"uid":"2546c410e690c51e61f5e148ec419241","is_password":false,"serialize_class":"AndroidViewTree","package_name":"com.sec.android.app.sbrowser","fingerprint":"","meta_info":null}],"ancestors":[],"semantic_classes":["Layout"],"uid":"588df595fccc9be249b779a11968a737","is_password":false,"serialize_class":"AndroidViewTree","package_name":"com.sec.android.app.sbrowser","fingerprint":"","meta_info":null},{"activity_name":"com.sec.android.app.sbrowser/.SBrowserMainActivity","resource_id":"com.sec.android.app.sbrowser:id/tab_list_group_info","class_":"android.widget.LinearLayout","pointer":null,"content_desc":null,"enabled":true,"visible":true,"checked":false,"selected":false,"editable":false,"clickable":false,"long_clickable":false,"scrollable_horizontal":false,"scrollable_vertical":false,"checkable":false,"text":null,"text_hint":null,"bounds":[28,1685,1052,1753],"rel_bounds":[28,1685,1052,1753],"children":[],"ancestors":[],"semantic_classes":["Layout"],"uid":"938b48cc7736cd7e4abf43566b06cdd4","is_password":false,"serialize_class":"AndroidViewTree","package_name":"com.sec.android.app.sbrowser","fingerprint":"","meta_info":null},{"activity_name":"com.sec.android.app.sbrowser/.SBrowserMainActivity","resource_id":"com.sec.android.app.sbrowser:id/tab_list_item_url","class_":"android.widget.TextView","pointer":null,"content_desc":"https://www.google.com/","enabled":true,"visible":true,"checked":false,"selected":false,"editable":false,"clickable":false,"long_clickable":false,"scrollable_horizontal":false,"scrollable_vertical":false,"checkable":false,"text":"https://www.google.com/","text_hint":null,"bounds":[84,1763,653,1806],"rel_bounds":[84,1763,653,1806],"children":[],"ancestors":[],"semantic_classes":["external link (email or website)","Button (including text and image)"],"uid":"885b3ec7cf8735eeadc3331137ab4b22","is_password":false,"serialize_class":"AndroidViewTree","package_name":"com.sec.android.app.sbrowser","fingerprint":"","meta_info":null},{"activity_name":"com.sec.android.app.sbrowser/.SBrowserMainActivity","resource_id":"com.sec.android.app.sbrowser:id/tab_list_item_thumbnail_bg_pad","class_":"android.widget.FrameLayout","pointer":null,"content_desc":null,"enabled":true,"visible":true,"checked":false,"selected":false,"editable":false,"clickable":false,"long_clickable":false,"scrollable_horizontal":false,"scrollable_vertical":false,"checkable":false,"text":null,"text_hint":null,"bounds":[698,1594,1050,1843],"rel_bounds":[698,1594,1050,1843],"children":[],"ancestors":[],"semantic_classes":["Layout"],"uid":"b9299950c1fce4ba4617c6232197d027","is_password":false,"serialize_class":"AndroidViewTree","package_name":"com.sec.android.app.sbrowser","fingerprint":"","meta_info":null},{"activity_name":"com.sec.android.app.sbrowser/.SBrowserMainActivity","resource_id":"com.sec.android.app.sbrowser:id/tab_list_item_thumbnail_bg","class_":"android.widget.FrameLayout","pointer":null,"content_desc":null,"enabled":true,"visible":true,"checked":false,"selected":false,"editable":false,"clickable":false,"long_clickable":false,"scrollable_horizontal":false,"scrollable_vertical":false,"checkable":false,"text":null,"text_hint":null,"bounds":[698,1594,1050,1843],"rel_bounds":[698,1594,1050,1843],"children":[{"activity_name":"com.sec.android.app.sbrowser/.SBrowserMainActivity","resource_id":"com.sec.android.app.sbrowser:id/tab_list_item_thumbnail_image","class_":"android.widget.ImageView","pointer":null,"content_desc":null,"enabled":true,"visible":true,"checked":false,"selected":false,"editable":false,"clickable":false,"long_clickable":false,"scrollable_horizontal":false,"scrollable_vertical":false,"checkable":false,"text":null,"text_hint":null,"bounds":[701,1594,1050,1843],"rel_bounds":[701,1594,1050,1843],"children":[],"ancestors":[],"semantic_classes":["Image"],"uid":"c0cf08f9613487580c629573b3010f5e","is_password":false,"serialize_class":"AndroidViewTree","package_name":"com.sec.android.app.sbrowser","fingerprint":"","meta_info":null}],"ancestors":[],"semantic_classes":["Layout"],"uid":"e23dd20d523d90b0a0e371da725d0654","is_password":false,"serialize_class":"AndroidViewTree","package_name":"com.sec.android.app.sbrowser","fingerprint":"","meta_info":null},{"activity_name":"com.sec.android.app.sbrowser/.SBrowserMainActivity","resource_id":"com.sec.android.app.sbrowser:id/tab_list_item_close_btn","class_":"android.widget.ImageView","pointer":null,"content_desc":"Close Google tab","enabled":true,"visible":true,"checked":false,"selected":false,"editable":false,"clickable":true,"long_clickable":false,"scrollable_horizontal":false,"scrollable_vertical":false,"checkable":false,"text":null,"text_hint":null,"bounds":[928,1592,1052,1716],"rel_bounds":[928,1592,1052,1716],"children":[],"ancestors":[],"semantic_classes":["Image"],"uid":"24d11e2bdbabecd1a9884083e2ee9b29","is_password":false,"serialize_class":"AndroidViewTree","package_name":"com.sec.android.app.sbrowser","fingerprint":"","meta_info":null}],"ancestors":[],"semantic_classes":[],"uid":"197f9782e36c0e44c850d6a81c895f49","is_password":false,"serialize_class":"AndroidViewTree","package_name":"com.sec.android.app.sbrowser","fingerprint":"","meta_info":null}],"ancestors":[],"semantic_classes":[],"uid":"e3566ba9cf501c6e466cea1aa722758b","is_password":false,"serialize_class":"AndroidViewTree","package_name":"com.sec.android.app.sbrowser","fingerprint":"","meta_info":null},"duration":2000,"event_type":"long_touch","_proba":0.000010501881747906818,"tag":"2024-03-29_154909378078"},"str":"LongTouchEvent(state=620368a3151c00b7f9bdaf826d360d8f,view=e3566ba9cf501c6e466cea1aa722758b,duration=2000)","tag":"2024-03-29_154909378078","device_time":"2024-03-29 15:49:12.585","epoch":"1711694952585","to_tag":"2024-03-29_154913899172","index":323,"image":"screenshots\\screen_2024-03-29_154909378078.jpg","to_image":"screenshots\\screen_2024-03-29_154913899172.jpg","crash":{},"anr":{},"dqa":{},"from":"620368a3151c00b7f9bdaf826d360d8f","to":"2cb9b43bec9cc93f074bf1549255e2dc","view_img":"views\\view_e3566ba9cf501c6e466cea1aa722758b_2024-03-29_154909378078.jpg"}