{"event":{"view":{"activity_name":"com.sec.android.app.sbrowser/.SBrowserMainActivity","resource_id":"com.sec.android.app.sbrowser:id/security_button","class_":"android.widget.ImageButton","pointer":null,"content_desc":"Secure connection","enabled":true,"visible":true,"checked":false,"selected":false,"editable":false,"clickable":true,"long_clickable":false,"scrollable_horizontal":false,"scrollable_vertical":false,"checkable":false,"text":null,"text_hint":null,"bounds":[148,89,216,196],"rel_bounds":[148,89,216,196],"children":[],"ancestors":[],"semantic_classes":["Button (including text and image)"],"uid":"0bab5ad75875d1047f8c65e18819889a","is_password":false,"serialize_class":"AndroidViewTree","package_name":"com.sec.android.app.sbrowser","fingerprint":"","meta_info":null},"event_type":"touch","_proba":0.15225800192310704,"tag":"2024-03-29_154732956042"},"str":"TouchEvent(state=b5b6d7d9585f5588ad45e23e7cf5e694,view=0bab5ad75875d1047f8c65e18819889a)","tag":"2024-03-29_154732956042","device_time":"2024-03-29 15:47:40.656","epoch":"1711694860656","to_tag":"2024-03-29_154741994687","index":301,"image":null,"to_image":null,"crash":{},"anr":{},"dqa":{},"from":"b5b6d7d9585f5588ad45e23e7cf5e694","to":"b5b6d7d9585f5588ad45e23e7cf5e694","view_img":"views\\view_0bab5ad75875d1047f8c65e18819889a_2024-03-29_154732956042.jpg"}