{"event":{"view":{"activity_name":"com.sec.android.app.sbrowser/.extensions.ExtensionsActivity","resource_id":null,"class_":"android.widget.ImageButton","pointer":null,"content_desc":"Navigate up","enabled":true,"visible":true,"checked":false,"selected":false,"editable":false,"clickable":true,"long_clickable":false,"scrollable_horizontal":false,"scrollable_vertical":false,"checkable":false,"text":null,"text_hint":null,"bounds":[0,120,158,300],"rel_bounds":[0,120,158,300],"children":[],"ancestors":[],"semantic_classes":["Button (including text and image)"],"uid":"9f12b4e4e2311d96285b35804a568bd3","is_password":false,"serialize_class":"AndroidViewTree","package_name":"com.sec.android.app.sbrowser","fingerprint":"","meta_info":null},"event_type":"touch","_proba":0.406257280076252,"tag":"2024-03-29_153555174637"},"str":"TouchEvent(state=008ffe008a1af4d57866e47df891ffab,view=9f12b4e4e2311d96285b35804a568bd3)","tag":"2024-03-29_153555174637","device_time":"2024-03-29 15:35:57.667","epoch":"1711694157667","to_tag":"2024-03-29_153558959897","index":146,"image":"screenshots\\screen_2024-03-29_153555174637.jpg","to_image":"screenshots\\screen_2024-03-29_153558959897.jpg","crash":{},"anr":{},"dqa":{},"from":"008ffe008a1af4d57866e47df891ffab","to":"647b46943a58e775d204af32a895a6ef","view_img":"views\\view_9f12b4e4e2311d96285b35804a568bd3_2024-03-29_153555174637.jpg"}