{"event":{"view":{"activity_name":"com.sec.android.app.sbrowser/.sites.SitesActivity","resource_id":null,"class_":"android.widget.ImageButton","pointer":null,"content_desc":"Navigate up","enabled":true,"visible":true,"checked":false,"selected":false,"editable":false,"clickable":true,"long_clickable":false,"scrollable_horizontal":false,"scrollable_vertical":false,"checkable":false,"text":null,"text_hint":null,"bounds":[0,120,158,300],"rel_bounds":[0,120,158,300],"children":[],"ancestors":[],"semantic_classes":["Button (including text and image)"],"uid":"8b35fd606d1bf0e37203d5d3e83c8191","is_password":false,"serialize_class":"AndroidViewTree","package_name":"com.sec.android.app.sbrowser","fingerprint":"","meta_info":null},"event_type":"touch","_proba":0.18656916692437098,"tag":"2024-03-29_152558496216"},"str":"TouchEvent(state=f2fe41805be61ec9984e6d9be4aa3e2c,view=8b35fd606d1bf0e37203d5d3e83c8191)","tag":"2024-03-29_152558496216","device_time":"2024-03-29 15:26:00.904","epoch":"1711693560904","to_tag":"2024-03-29_152602234792","index":13,"image":"screenshots\\screen_2024-03-29_152558496216.jpg","to_image":"screenshots\\screen_2024-03-29_152602234792.jpg","crash":{},"anr":{},"dqa":{},"from":"f2fe41805be61ec9984e6d9be4aa3e2c","to":"9c9f67805a85e4b7ff10d7aae5533d3e","view_img":"views\\view_8b35fd606d1bf0e37203d5d3e83c8191_2024-03-29_152558496216.jpg"}