{"event":{"view":{"activity_name":"com.sec.android.app.sbrowser/.sites.SitesActivity","resource_id":null,"class_":"android.widget.ImageButton","pointer":null,"content_desc":"Navigate up","enabled":true,"visible":true,"checked":false,"selected":false,"editable":false,"clickable":true,"long_clickable":false,"scrollable_horizontal":false,"scrollable_vertical":false,"checkable":false,"text":null,"text_hint":null,"bounds":[0,120,158,300],"rel_bounds":[0,120,158,300],"children":[],"ancestors":[],"semantic_classes":["Button (including text and image)"],"uid":"8b35fd606d1bf0e37203d5d3e83c8191","is_password":false,"serialize_class":"AndroidViewTree","package_name":"com.sec.android.app.sbrowser","fingerprint":"","meta_info":null},"event_type":"touch","_proba":0.2568437036819407,"tag":"2024-03-29_153834577814"},"str":"TouchEvent(state=079f1aedd1b4f6afa01034cb07b8edd3,view=8b35fd606d1bf0e37203d5d3e83c8191)","tag":"2024-03-29_153834577814","device_time":"2024-03-29 15:38:37.020","epoch":"1711694317020","to_tag":"2024-03-29_153838372423","index":188,"image":"screenshots\\screen_2024-03-29_153834577814.jpg","to_image":"screenshots\\screen_2024-03-29_153838372423.jpg","crash":{},"anr":{},"dqa":{},"from":"079f1aedd1b4f6afa01034cb07b8edd3","to":"bd05696375f96d160c46000184ad936d","view_img":"views\\view_8b35fd606d1bf0e37203d5d3e83c8191_2024-03-29_153834577814.jpg"}