{"event":{"view":{"activity_name":"com.sec.android.app.sbrowser/.SBrowserMainActivity","resource_id":"com.sec.android.app.sbrowser:id/action_bookmarks","class_":"android.widget.ImageButton","pointer":null,"content_desc":"Bookmarks","enabled":true,"visible":true,"checked":false,"selected":false,"editable":false,"clickable":true,"long_clickable":true,"scrollable_horizontal":false,"scrollable_vertical":false,"checkable":false,"text":null,"text_hint":null,"bounds":[616,2046,770,2181],"rel_bounds":[616,2046,770,2181],"children":[],"ancestors":[],"semantic_classes":["Button (including text and image)"],"uid":"619cf02349624a12144566da6e306dbd","is_password":false,"serialize_class":"AndroidViewTree","package_name":"com.sec.android.app.sbrowser","fingerprint":"","meta_info":null},"event_type":"touch","_proba":0.1967833181001898,"tag":"2024-03-29_160021971885"},"str":"TouchEvent(state=5dd9ad979ab567156b26a12cc167c60c,view=619cf02349624a12144566da6e306dbd)","tag":"2024-03-29_160021971885","device_time":"2024-03-29 16:00:29.481","epoch":"1711695629481","to_tag":"2024-03-29_160030758453","index":465,"image":null,"to_image":"screenshots\\screen_2024-03-29_160030758453.jpg","crash":{},"anr":{},"dqa":{},"from":"5dd9ad979ab567156b26a12cc167c60c","to":"225f5dab4598360a7192d87e8508c213","view_img":"views\\view_619cf02349624a12144566da6e306dbd_2024-03-29_160021971885.jpg"}