{"event":{"view":{"activity_name":"com.sec.android.app.sbrowser/.sites.SitesActivity","resource_id":null,"class_":"android.widget.ImageView","pointer":null,"content_desc":"More options","enabled":true,"visible":true,"checked":false,"selected":false,"editable":false,"clickable":true,"long_clickable":true,"scrollable_horizontal":false,"scrollable_vertical":false,"checkable":false,"text":null,"text_hint":null,"bounds":[945,120,1080,300],"rel_bounds":[945,120,1080,300],"children":[],"ancestors":[],"semantic_classes":["Image"],"uid":"45fcba4b74409bbcef0e039ca8a44ad0","is_password":false,"serialize_class":"AndroidViewTree","package_name":"com.sec.android.app.sbrowser","fingerprint":"","meta_info":null},"event_type":"touch","_proba":0.20406035732889058,"tag":"2024-03-29_155053107019"},"str":"TouchEvent(state=59a34ddcc553b7be4bb65b55c2ff911d,view=45fcba4b74409bbcef0e039ca8a44ad0)","tag":"2024-03-29_155053107019","device_time":"2024-03-29 15:50:55.605","epoch":"1711695055605","to_tag":"2024-03-29_155056952519","index":348,"image":"screenshots\\screen_2024-03-29_155053107019.jpg","to_image":"screenshots\\screen_2024-03-29_155056952519.jpg","crash":{},"anr":{},"dqa":{},"from":"59a34ddcc553b7be4bb65b55c2ff911d","to":"d7794f88ca5e0a4d2702a3e7149ec11c","view_img":"views\\view_45fcba4b74409bbcef0e039ca8a44ad0_2024-03-29_155053107019.jpg"}