{"event":{"view":{"activity_name":"com.sec.android.app.sbrowser/.sites.SitesActivity","resource_id":null,"class_":"android.widget.ImageView","pointer":null,"content_desc":"More options","enabled":true,"visible":true,"checked":false,"selected":false,"editable":false,"clickable":true,"long_clickable":true,"scrollable_horizontal":false,"scrollable_vertical":false,"checkable":false,"text":null,"text_hint":null,"bounds":[945,120,1080,300],"rel_bounds":[945,120,1080,300],"children":[],"ancestors":[],"semantic_classes":["Image"],"uid":"45fcba4b74409bbcef0e039ca8a44ad0","is_password":false,"serialize_class":"AndroidViewTree","package_name":"com.sec.android.app.sbrowser","fingerprint":"","meta_info":null},"event_type":"touch","_proba":0.11521235812881142,"tag":"2024-03-29_155316168446"},"str":"TouchEvent(state=397cfe2ad97982d7bd6effaa206fb49d,view=45fcba4b74409bbcef0e039ca8a44ad0)","tag":"2024-03-29_155316168446","device_time":"2024-03-29 15:53:19.283","epoch":"1711695199283","to_tag":"2024-03-29_155320565007","index":385,"image":"screenshots\\screen_2024-03-29_155316168446.jpg","to_image":"screenshots\\screen_2024-03-29_155320565007.jpg","crash":{},"anr":{},"dqa":{},"from":"397cfe2ad97982d7bd6effaa206fb49d","to":"d7794f88ca5e0a4d2702a3e7149ec11c","view_img":"views\\view_45fcba4b74409bbcef0e039ca8a44ad0_2024-03-29_155316168446.jpg"}