{"event":{"view":{"activity_name":"com.sec.android.app.sbrowser/.SBrowserMainActivity","resource_id":"com.sec.android.app.sbrowser:id/bookmark_star_icon","class_":"android.widget.ImageButton","pointer":null,"content_desc":"Add to Bookmarks","enabled":true,"visible":true,"checked":false,"selected":false,"editable":false,"clickable":true,"long_clickable":false,"scrollable_horizontal":false,"scrollable_vertical":false,"checkable":false,"text":null,"text_hint":null,"bounds":[57,89,125,196],"rel_bounds":[57,89,125,196],"children":[],"ancestors":[],"semantic_classes":["Button (including text and image)"],"uid":"55e82f269731601b75f8abb885973260","is_password":false,"serialize_class":"AndroidViewTree","package_name":"com.sec.android.app.sbrowser","fingerprint":"","meta_info":null},"event_type":"touch","_proba":0.275940424767452,"tag":"2024-03-29_152629609104"},"str":"TouchEvent(state=bd05696375f96d160c46000184ad936d,view=55e82f269731601b75f8abb885973260)","tag":"2024-03-29_152629609104","device_time":"2024-03-29 15:26:32.105","epoch":"1711693592105","to_tag":"2024-03-29_152633447766","index":21,"image":"screenshots\\screen_2024-03-29_152629609104.jpg","to_image":"screenshots\\screen_2024-03-29_152633447766.jpg","crash":{},"anr":{},"dqa":{},"from":"bd05696375f96d160c46000184ad936d","to":"7308f5f09e7416e1fc9c31c268b11af1","view_img":"views\\view_55e82f269731601b75f8abb885973260_2024-03-29_152629609104.jpg"}