{"event":{"view":{"activity_name":"com.sec.android.app.sbrowser/.sites.SitesActivity","resource_id":null,"class_":"android.widget.ImageButton","pointer":null,"content_desc":"Navigate up","enabled":true,"visible":true,"checked":false,"selected":false,"editable":false,"clickable":true,"long_clickable":false,"scrollable_horizontal":false,"scrollable_vertical":false,"checkable":false,"text":null,"text_hint":null,"bounds":[0,120,158,300],"rel_bounds":[0,120,158,300],"children":[],"ancestors":[],"semantic_classes":["Button (including text and image)"],"uid":"8b35fd606d1bf0e37203d5d3e83c8191","is_password":false,"serialize_class":"AndroidViewTree","package_name":"com.sec.android.app.sbrowser","fingerprint":"","meta_info":null},"event_type":"touch","_proba":0.2468483176559501,"tag":"2024-03-29_155210029606"},"str":"TouchEvent(state=397cfe2ad97982d7bd6effaa206fb49d,view=8b35fd606d1bf0e37203d5d3e83c8191)","tag":"2024-03-29_155210029606","device_time":"2024-03-29 15:52:12.554","epoch":"1711695132554","to_tag":"2024-03-29_155213862762","index":368,"image":"screenshots\\screen_2024-03-29_155210029606.jpg","to_image":"screenshots\\screen_2024-03-29_155213862762.jpg","crash":{},"anr":{},"dqa":{},"from":"397cfe2ad97982d7bd6effaa206fb49d","to":"010fc5847e452b204df60655b56433b9","view_img":"views\\view_8b35fd606d1bf0e37203d5d3e83c8191_2024-03-29_155210029606.jpg"}