{"event":{"view":{"activity_name":"com.sec.android.app.sbrowser/.SBrowserMainActivity","resource_id":"com.sec.android.app.sbrowser:id/bookmark_star_icon","class_":"android.widget.ImageButton","pointer":null,"content_desc":"Remove from Bookmarks","enabled":true,"visible":true,"checked":false,"selected":false,"editable":false,"clickable":true,"long_clickable":false,"scrollable_horizontal":false,"scrollable_vertical":false,"checkable":false,"text":null,"text_hint":null,"bounds":[57,89,125,196],"rel_bounds":[57,89,125,196],"children":[],"ancestors":[],"semantic_classes":["Button (including text and image)"],"uid":"55e82f269731601b75f8abb885973260","is_password":false,"serialize_class":"AndroidViewTree","package_name":"com.sec.android.app.sbrowser","fingerprint":"","meta_info":null},"event_type":"touch","_proba":0.2284863008909624,"tag":"2024-03-29_153910754352"},"str":"TouchEvent(state=1945f4b40c109a9ce9e525cbc4fdf5ec,view=55e82f269731601b75f8abb885973260)","tag":"2024-03-29_153910754352","device_time":"2024-03-29 15:39:13.468","epoch":"1711694353468","to_tag":"2024-03-29_153914743027","index":197,"image":"screenshots\\screen_2024-03-29_153910754352.jpg","to_image":"screenshots\\screen_2024-03-29_153914743027.jpg","crash":{},"anr":{},"dqa":{},"from":"1945f4b40c109a9ce9e525cbc4fdf5ec","to":"a6fbb6ababe19f89fb90cd8e0ded653f","view_img":"views\\view_55e82f269731601b75f8abb885973260_2024-03-29_153910754352.jpg"}