{"event":{"view":{"activity_name":"com.sec.android.app.sbrowser/.SBrowserMainActivity","resource_id":"com.sec.android.app.sbrowser:id/action_tabs","class_":"android.widget.Button","pointer":null,"content_desc":"Tabs","enabled":true,"visible":true,"checked":false,"selected":false,"editable":false,"clickable":true,"long_clickable":true,"scrollable_horizontal":false,"scrollable_vertical":false,"checkable":false,"text":null,"text_hint":null,"bounds":[770,2046,925,2181],"rel_bounds":[770,2046,925,2181],"children":[{"activity_name":"com.sec.android.app.sbrowser/.SBrowserMainActivity","resource_id":"com.sec.android.app.sbrowser:id/tabs_icon","class_":"android.widget.TextView","pointer":null,"content_desc":null,"enabled":true,"visible":true,"checked":false,"selected":false,"editable":false,"clickable":false,"long_clickable":false,"scrollable_horizontal":false,"scrollable_vertical":false,"checkable":false,"text":"4","text_hint":null,"bounds":[813,2079,881,2147],"rel_bounds":[813,2079,881,2147],"children":[],"ancestors":[],"semantic_classes":["Button (including text and image)"],"uid":"0af8445cfd51b980c189ebd94544a9dd","is_password":false,"serialize_class":"AndroidViewTree","package_name":"com.sec.android.app.sbrowser","fingerprint":"","meta_info":null}],"ancestors":[],"semantic_classes":["Button (including text and image)"],"uid":"ad94cdda38f19297e09f1ce883bd7499","is_password":false,"serialize_class":"AndroidViewTree","package_name":"com.sec.android.app.sbrowser","fingerprint":"","meta_info":null},"event_type":"touch","_proba":0.12844316851211277,"tag":"2024-03-29_153016318277"},"str":"TouchEvent(state=9c9f67805a85e4b7ff10d7aae5533d3e,view=ad94cdda38f19297e09f1ce883bd7499)","tag":"2024-03-29_153016318277","device_time":"2024-03-29 15:30:18.718","epoch":"1711693818718","to_tag":"2024-03-29_153020059365","index":78,"image":"screenshots\\screen_2024-03-29_153016318277.jpg","to_image":"screenshots\\screen_2024-03-29_153020059365.jpg","crash":{},"anr":{},"dqa":{},"from":"9c9f67805a85e4b7ff10d7aae5533d3e","to":"e31c8bc746f508de154bb73cddfaedfc","view_img":"views\\view_ad94cdda38f19297e09f1ce883bd7499_2024-03-29_153016318277.jpg"}