{"event":{"view":{"activity_name":"com.sec.android.app.sbrowser/.SBrowserMainActivity","resource_id":"com.sec.android.app.sbrowser:id/action_bookmarks","class_":"android.widget.ImageButton","pointer":null,"content_desc":"Bookmarks","enabled":true,"visible":true,"checked":false,"selected":false,"editable":false,"clickable":true,"long_clickable":true,"scrollable_horizontal":false,"scrollable_vertical":false,"checkable":false,"text":null,"text_hint":null,"bounds":[616,2046,770,2181],"rel_bounds":[616,2046,770,2181],"children":[],"ancestors":[],"semantic_classes":["Button (including text and image)"],"uid":"619cf02349624a12144566da6e306dbd","is_password":false,"serialize_class":"AndroidViewTree","package_name":"com.sec.android.app.sbrowser","fingerprint":"","meta_info":null},"event_type":"touch","_proba":0.17999925300169334,"tag":"2024-03-29_153520844545"},"str":"TouchEvent(state=647b46943a58e775d204af32a895a6ef,view=619cf02349624a12144566da6e306dbd)","tag":"2024-03-29_153520844545","device_time":"2024-03-29 15:35:23.272","epoch":"1711694123272","to_tag":"2024-03-29_153524592378","index":137,"image":"screenshots\\screen_2024-03-29_153520844545.jpg","to_image":"screenshots\\screen_2024-03-29_153524592378.jpg","crash":{},"anr":{},"dqa":{},"from":"647b46943a58e775d204af32a895a6ef","to":"f2fe41805be61ec9984e6d9be4aa3e2c","view_img":"views\\view_619cf02349624a12144566da6e306dbd_2024-03-29_153520844545.jpg"}