{"event":{"view":{"activity_name":"com.sec.android.app.sbrowser/.sites.SitesActivity","resource_id":"android:id/button1","class_":"android.widget.Button","pointer":null,"content_desc":null,"enabled":true,"visible":true,"checked":false,"selected":false,"editable":false,"clickable":true,"long_clickable":false,"scrollable_horizontal":false,"scrollable_vertical":false,"checkable":false,"text":"Create","text_hint":null,"bounds":[543,1979,984,2080],"rel_bounds":[543,1979,984,2080],"children":[],"ancestors":[],"semantic_classes":["collection manipulation (add, delete, etc.)","Button (including text and image)"],"uid":"2ea7e328a52bcd4017405e7f96fec65c","is_password":false,"serialize_class":"AndroidViewTree","package_name":"com.sec.android.app.sbrowser","fingerprint":"","meta_info":null},"event_type":"touch","_proba":0.6258630429037093,"tag":"2024-03-29_155614010193"},"str":"TouchEvent(state=5ebc976ffa6ee7ebece7812c185a2f4f,view=2ea7e328a52bcd4017405e7f96fec65c)","tag":"2024-03-29_155614010193","device_time":"2024-03-29 15:56:16.416","epoch":"1711695376416","to_tag":"2024-03-29_155617725048","index":421,"image":"screenshots\\screen_2024-03-29_155614010193.jpg","to_image":"screenshots\\screen_2024-03-29_155617725048.jpg","crash":{},"anr":{},"dqa":{},"from":"5ebc976ffa6ee7ebece7812c185a2f4f","to":"59a34ddcc553b7be4bb65b55c2ff911d","view_img":"views\\view_2ea7e328a52bcd4017405e7f96fec65c_2024-03-29_155614010193.jpg"}