{"event":{"view":{"activity_name":"com.sec.android.app.sbrowser/.SBrowserMainActivity","resource_id":"com.sec.android.app.sbrowser:id/action_backward","class_":"android.widget.ImageButton","pointer":null,"content_desc":"Back","enabled":true,"visible":true,"checked":false,"selected":false,"editable":false,"clickable":true,"long_clickable":true,"scrollable_horizontal":false,"scrollable_vertical":false,"checkable":false,"text":null,"text_hint":null,"bounds":[0,2046,154,2181],"rel_bounds":[0,2046,154,2181],"children":[],"ancestors":[],"semantic_classes":["Button (including text and image)"],"uid":"d6d40e8ee36c0a51e52ad01792c0d1f7","is_password":false,"serialize_class":"AndroidViewTree","package_name":"com.sec.android.app.sbrowser","fingerprint":"","meta_info":null},"event_type":"touch","_proba":0.051104587631304925,"tag":"2024-03-29_160124643399"},"str":"TouchEvent(state=647b46943a58e775d204af32a895a6ef,view=d6d40e8ee36c0a51e52ad01792c0d1f7)","tag":"2024-03-29_160124643399","device_time":"2024-03-29 16:01:27.090","epoch":"1711695687090","to_tag":"2024-03-29_160128404275","index":476,"image":"screenshots\\screen_2024-03-29_160124643399.jpg","to_image":"screenshots\\screen_2024-03-29_160128404275.jpg","crash":{},"anr":{},"dqa":{},"from":"647b46943a58e775d204af32a895a6ef","to":"533961ff3d55db3159a649172cb92292","view_img":"views\\view_d6d40e8ee36c0a51e52ad01792c0d1f7_2024-03-29_160124643399.jpg"}