{"event":{"view":{"activity_name":"com.sec.android.app.sbrowser/.SBrowserMainActivity","resource_id":"com.sec.android.app.sbrowser:id/search_engine_row_layout","class_":"android.widget.LinearLayout","pointer":null,"content_desc":"Not checked, DuckDuckGo, Dropdown list","enabled":true,"visible":true,"checked":false,"selected":false,"editable":false,"clickable":true,"long_clickable":false,"scrollable_horizontal":false,"scrollable_vertical":false,"checkable":false,"text":null,"text_hint":null,"bounds":[29,530,669,677],"rel_bounds":[29,530,669,677],"children":[{"activity_name":"com.sec.android.app.sbrowser/.SBrowserMainActivity","resource_id":"com.sec.android.app.sbrowser:id/search_engine_row_icon","class_":"android.widget.ImageView","pointer":null,"content_desc":null,"enabled":true,"visible":true,"checked":false,"selected":false,"editable":false,"clickable":false,"long_clickable":false,"scrollable_horizontal":false,"scrollable_vertical":false,"checkable":false,"text":null,"text_hint":null,"bounds":[97,569,165,637],"rel_bounds":[97,569,165,637],"children":[],"ancestors":[],"semantic_classes":["Image"],"uid":"f58a57e049805682fd1034b22269e3c6","is_password":false,"serialize_class":"AndroidViewTree","package_name":"com.sec.android.app.sbrowser","fingerprint":"","meta_info":null},{"activity_name":"com.sec.android.app.sbrowser/.SBrowserMainActivity","resource_id":null,"class_":"android.widget.RelativeLayout","pointer":null,"content_desc":null,"enabled":true,"visible":true,"checked":false,"selected":false,"editable":false,"clickable":false,"long_clickable":false,"scrollable_horizontal":false,"scrollable_vertical":false,"checkable":false,"text":null,"text_hint":null,"bounds":[165,570,669,636],"rel_bounds":[165,570,669,636],"children":[{"activity_name":"com.sec.android.app.sbrowser/.SBrowserMainActivity","resource_id":"com.sec.android.app.sbrowser:id/search_engine_row_title","class_":"android.widget.TextView","pointer":null,"content_desc":null,"enabled":true,"visible":true,"checked":false,"selected":false,"editable":false,"clickable":false,"long_clickable":false,"scrollable_horizontal":false,"scrollable_vertical":false,"checkable":false,"text":"DuckDuckGo","text_hint":null,"bounds":[193,570,488,636],"rel_bounds":[193,570,488,636],"children":[],"ancestors":[],"semantic_classes":["Button (including text and image)"],"uid":"4e325f91c6da348ce0ec091fbc9be8a4","is_password":false,"serialize_class":"AndroidViewTree","package_name":"com.sec.android.app.sbrowser","fingerprint":"","meta_info":null}],"ancestors":[],"semantic_classes":["Layout"],"uid":"78c0c2286e59441ae8231e0851ea666d","is_password":false,"serialize_class":"AndroidViewTree","package_name":"com.sec.android.app.sbrowser","fingerprint":"","meta_info":null}],"ancestors":[],"semantic_classes":["Layout"],"uid":"3679222ab10c69289d1652df6037dbd2","is_password":false,"serialize_class":"AndroidViewTree","package_name":"com.sec.android.app.sbrowser","fingerprint":"","meta_info":null},"event_type":"touch","_proba":0.28591147508728065,"tag":"2024-03-29_152907816699"},"str":"TouchEvent(state=6747831df6ac966f68bcd5017c9f92bc,view=3679222ab10c69289d1652df6037dbd2)","tag":"2024-03-29_152907816699","device_time":"2024-03-29 15:29:10.327","epoch":"1711693750327","to_tag":"2024-03-29_152911650905","index":60,"image":"screenshots\\screen_2024-03-29_152907816699.jpg","to_image":"screenshots\\screen_2024-03-29_152911650905.jpg","crash":{},"anr":{},"dqa":{},"from":"6747831df6ac966f68bcd5017c9f92bc","to":"126706dc2dd41821e4aa31f9bbe6bcdd","view_img":"views\\view_3679222ab10c69289d1652df6037dbd2_2024-03-29_152907816699.jpg"}