{"event":{"view":{"activity_name":"com.sec.android.app.sbrowser/.SBrowserMainActivity","resource_id":"com.sec.android.app.sbrowser:id/tab_manager_search_back_button","class_":"android.widget.ImageButton","pointer":null,"content_desc":"Navigate up","enabled":true,"visible":true,"checked":false,"selected":false,"editable":false,"clickable":true,"long_clickable":false,"scrollable_horizontal":false,"scrollable_vertical":false,"checkable":false,"text":null,"text_hint":null,"bounds":[23,142,158,277],"rel_bounds":[23,142,158,277],"children":[],"ancestors":[],"semantic_classes":["Button (including text and image)"],"uid":"eac9633d646731662eb837eb8590cfe1","is_password":false,"serialize_class":"AndroidViewTree","package_name":"com.sec.android.app.sbrowser","fingerprint":"","meta_info":null},"event_type":"touch","_proba":0.511950777280718,"tag":"2024-03-29_153427246820"},"str":"TouchEvent(state=8b08901e36864de568f047b16ff43d4c,view=eac9633d646731662eb837eb8590cfe1)","tag":"2024-03-29_153427246820","device_time":"2024-03-29 15:34:29.706","epoch":"1711694069706","to_tag":"2024-03-29_153431004867","index":123,"image":"screenshots\\screen_2024-03-29_153427246820.jpg","to_image":"screenshots\\screen_2024-03-29_153431004867.jpg","crash":{},"anr":{},"dqa":{},"from":"8b08901e36864de568f047b16ff43d4c","to":"620368a3151c00b7f9bdaf826d360d8f","view_img":"views\\view_eac9633d646731662eb837eb8590cfe1_2024-03-29_153427246820.jpg"}