{"event":{"view":{"activity_name":"com.sec.android.app.sbrowser/.SBrowserMainActivity","resource_id":"com.sec.android.app.sbrowser:id/bookmark_star_icon","class_":"android.widget.ImageButton","pointer":null,"content_desc":"Remove from Bookmarks","enabled":true,"visible":true,"checked":false,"selected":false,"editable":false,"clickable":true,"long_clickable":false,"scrollable_horizontal":false,"scrollable_vertical":false,"checkable":false,"text":null,"text_hint":null,"bounds":[57,89,125,196],"rel_bounds":[57,89,125,196],"children":[],"ancestors":[],"semantic_classes":["Button (including text and image)"],"uid":"55e82f269731601b75f8abb885973260","is_password":false,"serialize_class":"AndroidViewTree","package_name":"com.sec.android.app.sbrowser","fingerprint":"","meta_info":null},"event_type":"touch","_proba":0.21309667358105586,"tag":"2024-03-29_155300560225"},"str":"TouchEvent(state=05147597d28f14da6321287544df5d57,view=55e82f269731601b75f8abb885973260)","tag":"2024-03-29_155300560225","device_time":"2024-03-29 15:53:03.238","epoch":"1711695183238","to_tag":"2024-03-29_155304531841","index":381,"image":"screenshots\\screen_2024-03-29_155300560225.jpg","to_image":"screenshots\\screen_2024-03-29_155304531841.jpg","crash":{},"anr":{},"dqa":{},"from":"05147597d28f14da6321287544df5d57","to":"f149dc2cd140ca510a75f9f68b383a1e","view_img":"views\\view_55e82f269731601b75f8abb885973260_2024-03-29_155300560225.jpg"}