{"event":{"view":{"activity_name":"com.sec.android.app.sbrowser/.SBrowserMainActivity","resource_id":"com.sec.android.app.sbrowser:id/pi_cookie_delete","class_":"android.widget.ImageView","pointer":null,"content_desc":"Delete Cookies","enabled":true,"visible":true,"checked":false,"selected":false,"editable":false,"clickable":true,"long_clickable":false,"scrollable_horizontal":false,"scrollable_vertical":false,"checkable":false,"text":null,"text_hint":null,"bounds":[849,1788,984,1923],"rel_bounds":[849,1788,984,1923],"children":[],"ancestors":[],"semantic_classes":["Image"],"uid":"e82c7be86646fe00fad62cf919bc2890","is_password":false,"serialize_class":"AndroidViewTree","package_name":"com.sec.android.app.sbrowser","fingerprint":"","meta_info":null},"event_type":"touch","_proba":0.5237457464274511,"tag":"2024-03-29_152957592250"},"str":"TouchEvent(state=382d27476854fec65de8058fdf12187b,view=e82c7be86646fe00fad62cf919bc2890)","tag":"2024-03-29_152957592250","device_time":"2024-03-29 15:29:59.935","epoch":"1711693799935","to_tag":"2024-03-29_153001252758","index":73,"image":"screenshots\\screen_2024-03-29_152957592250.jpg","to_image":"screenshots\\screen_2024-03-29_153001252758.jpg","crash":{},"anr":{},"dqa":{},"from":"382d27476854fec65de8058fdf12187b","to":"c0f5829bb36dceccafa30f07506b21a2","view_img":"views\\view_e82c7be86646fe00fad62cf919bc2890_2024-03-29_152957592250.jpg"}