{"event":{"view":{"activity_name":"com.sec.android.app.sbrowser/.SBrowserMainActivity","resource_id":"com.sec.android.app.sbrowser:id/tab_manager_toolbar_search_button","class_":"android.widget.ImageButton","pointer":null,"content_desc":"Search","enabled":true,"visible":true,"checked":false,"selected":false,"editable":false,"clickable":true,"long_clickable":false,"scrollable_horizontal":false,"scrollable_vertical":false,"checkable":false,"text":null,"text_hint":null,"bounds":[821,738,939,873],"rel_bounds":[821,738,939,873],"children":[],"ancestors":[],"semantic_classes":["Button (including text and image)"],"uid":"990227a4adc23c253ec85cfc2940e327","is_password":false,"serialize_class":"AndroidViewTree","package_name":"com.sec.android.app.sbrowser","fingerprint":"","meta_info":null},"event_type":"touch","_proba":0.20988973978618675,"tag":"2024-03-29_153922185764"},"str":"TouchEvent(state=b016b9e7f2a67b2b4f78cb0cd7c2cdaa,view=990227a4adc23c253ec85cfc2940e327)","tag":"2024-03-29_153922185764","device_time":"2024-03-29 15:39:24.656","epoch":"1711694364656","to_tag":"2024-03-29_153925991493","index":200,"image":"screenshots\\screen_2024-03-29_153922185764.jpg","to_image":"screenshots\\screen_2024-03-29_153925991493.jpg","crash":{},"anr":{},"dqa":{},"from":"b016b9e7f2a67b2b4f78cb0cd7c2cdaa","to":"999758bc4380ade29f3353b9fdb88868","view_img":"views\\view_990227a4adc23c253ec85cfc2940e327_2024-03-29_153922185764.jpg"}