{"event":{"view":{"activity_name":"com.sec.android.app.sbrowser/.SBrowserMainActivity","resource_id":"com.sec.android.app.sbrowser:id/action_bookmarks","class_":"android.widget.ImageButton","pointer":null,"content_desc":"Bookmarks","enabled":true,"visible":true,"checked":false,"selected":false,"editable":false,"clickable":true,"long_clickable":true,"scrollable_horizontal":false,"scrollable_vertical":false,"checkable":false,"text":null,"text_hint":null,"bounds":[616,2046,770,2181],"rel_bounds":[616,2046,770,2181],"children":[],"ancestors":[],"semantic_classes":["Button (including text and image)"],"uid":"619cf02349624a12144566da6e306dbd","is_password":false,"serialize_class":"AndroidViewTree","package_name":"com.sec.android.app.sbrowser","fingerprint":"","meta_info":null},"event_type":"touch","_proba":0.10236725387158659,"tag":"2024-03-29_153614052235"},"str":"TouchEvent(state=bd05696375f96d160c46000184ad936d,view=619cf02349624a12144566da6e306dbd)","tag":"2024-03-29_153614052235","device_time":"2024-03-29 15:36:16.491","epoch":"1711694176491","to_tag":"2024-03-29_153617792901","index":151,"image":"screenshots\\screen_2024-03-29_153614052235.jpg","to_image":"screenshots\\screen_2024-03-29_153617792901.jpg","crash":{},"anr":{},"dqa":{},"from":"bd05696375f96d160c46000184ad936d","to":"f2fe41805be61ec9984e6d9be4aa3e2c","view_img":"views\\view_619cf02349624a12144566da6e306dbd_2024-03-29_153614052235.jpg"}