{"event":{"view":{"activity_name":"com.sec.android.app.sbrowser/.SBrowserMainActivity","resource_id":"com.sec.android.app.sbrowser:id/action_tabs","class_":"android.widget.Button","pointer":null,"content_desc":"Tabs","enabled":true,"visible":true,"checked":false,"selected":false,"editable":false,"clickable":true,"long_clickable":true,"scrollable_horizontal":false,"scrollable_vertical":false,"checkable":false,"text":null,"text_hint":null,"bounds":[770,2046,925,2181],"rel_bounds":[770,2046,925,2181],"children":[{"activity_name":"com.sec.android.app.sbrowser/.SBrowserMainActivity","resource_id":"com.sec.android.app.sbrowser:id/tabs_icon","class_":"android.widget.TextView","pointer":null,"content_desc":null,"enabled":true,"visible":true,"checked":false,"selected":false,"editable":false,"clickable":false,"long_clickable":false,"scrollable_horizontal":false,"scrollable_vertical":false,"checkable":false,"text":"11","text_hint":null,"bounds":[813,2079,881,2147],"rel_bounds":[813,2079,881,2147],"children":[],"ancestors":[],"semantic_classes":["Button (including text and image)"],"uid":"1d7dae4b5dbf324393164a58005e06d5","is_password":false,"serialize_class":"AndroidViewTree","package_name":"com.sec.android.app.sbrowser","fingerprint":"","meta_info":null}],"ancestors":[],"semantic_classes":["Button (including text and image)"],"uid":"4cc2b5b48f3a52d3311dedb37a19d174","is_password":false,"serialize_class":"AndroidViewTree","package_name":"com.sec.android.app.sbrowser","fingerprint":"","meta_info":null},"event_type":"touch","_proba":0.1123191974367642,"tag":"2024-03-29_154819568711"},"str":"TouchEvent(state=647b46943a58e775d204af32a895a6ef,view=4cc2b5b48f3a52d3311dedb37a19d174)","tag":"2024-03-29_154819568711","device_time":"2024-03-29 15:48:21.939","epoch":"1711694901939","to_tag":"2024-03-29_154823258960","index":310,"image":"screenshots\\screen_2024-03-29_154819568711.jpg","to_image":"screenshots\\screen_2024-03-29_154823258960.jpg","crash":{},"anr":{},"dqa":{},"from":"647b46943a58e775d204af32a895a6ef","to":"520ebb5f5b7fef76fc2a3e401d3c7e0e","view_img":"views\\view_4cc2b5b48f3a52d3311dedb37a19d174_2024-03-29_154819568711.jpg"}