{"event":{"view":{"activity_name":"com.sec.android.app.sbrowser/.SBrowserMainActivity","resource_id":"com.sec.android.app.sbrowser:id/tab_manager_bottom_secret_button","class_":"android.widget.FrameLayout","pointer":null,"content_desc":null,"enabled":true,"visible":true,"checked":false,"selected":false,"editable":false,"clickable":true,"long_clickable":true,"scrollable_horizontal":false,"scrollable_vertical":false,"checkable":false,"text":null,"text_hint":null,"bounds":[68,2021,540,2181],"rel_bounds":[68,2021,540,2181],"children":[{"activity_name":"com.sec.android.app.sbrowser/.SBrowserMainActivity","resource_id":"com.sec.android.app.sbrowser:id/tab_manager_bottom_secret_button_text","class_":"android.widget.Button","pointer":null,"content_desc":"Turn on Secret mode","enabled":true,"visible":true,"checked":false,"selected":false,"editable":false,"clickable":false,"long_clickable":false,"scrollable_horizontal":false,"scrollable_vertical":false,"checkable":false,"text":"Turn on\nSecret mode","text_hint":null,"bounds":[152,2032,456,2170],"rel_bounds":[152,2032,456,2170],"children":[],"ancestors":[],"semantic_classes":["Button (including text and image)"],"uid":"f3320f23a578d5ece0010561f853c2b4","is_password":false,"serialize_class":"AndroidViewTree","package_name":"com.sec.android.app.sbrowser","fingerprint":"","meta_info":null}],"ancestors":[],"semantic_classes":["Layout"],"uid":"4569afa79cd788f117e35038a162eb64","is_password":false,"serialize_class":"AndroidViewTree","package_name":"com.sec.android.app.sbrowser","fingerprint":"","meta_info":null},"event_type":"touch","_proba":0.1620654092123129,"tag":"2024-03-29_153148810198"},"str":"TouchEvent(state=620368a3151c00b7f9bdaf826d360d8f,view=4569afa79cd788f117e35038a162eb64)","tag":"2024-03-29_153148810198","device_time":"2024-03-29 15:31:51.442","epoch":"1711693911442","to_tag":"2024-03-29_153152791031","index":100,"image":"screenshots\\screen_2024-03-29_153148810198.jpg","to_image":"screenshots\\screen_2024-03-29_153152791031.jpg","crash":{},"anr":{},"dqa":{},"from":"620368a3151c00b7f9bdaf826d360d8f","to":"a0c151137c7e43f68a16ae6956e0f2b7","view_img":"views\\view_4569afa79cd788f117e35038a162eb64_2024-03-29_153148810198.jpg"}