{"event":{"view":{"activity_name":"com.sec.android.app.sbrowser/.settings.SettingsActivity","resource_id":null,"class_":"android.widget.Switch","pointer":null,"content_desc":"High contrast mode, Adjust the colors of fonts, backgrounds, and other components to make them stand out from the background.","enabled":true,"visible":true,"checked":false,"selected":false,"editable":false,"clickable":true,"long_clickable":false,"scrollable_horizontal":false,"scrollable_vertical":false,"checkable":true,"text":"Off","text_hint":null,"bounds":[0,1474,1080,1770],"rel_bounds":[0,1474,1080,1770],"children":[{"activity_name":"com.sec.android.app.sbrowser/.settings.SettingsActivity","resource_id":null,"class_":"android.widget.LinearLayout","pointer":null,"content_desc":null,"enabled":true,"visible":true,"checked":false,"selected":false,"editable":false,"clickable":false,"long_clickable":false,"scrollable_horizontal":false,"scrollable_vertical":false,"checkable":false,"text":null,"text_hint":null,"bounds":[68,1474,1080,1770],"rel_bounds":[68,1474,1080,1770],"children":[{"activity_name":"com.sec.android.app.sbrowser/.settings.SettingsActivity","resource_id":null,"class_":"android.widget.RelativeLayout","pointer":null,"content_desc":null,"enabled":true,"visible":true,"checked":false,"selected":false,"editable":false,"clickable":false,"long_clickable":false,"scrollable_horizontal":false,"scrollable_vertical":false,"checkable":false,"text":null,"text_hint":null,"bounds":[68,1474,884,1770],"rel_bounds":[68,1474,884,1770],"children":[{"activity_name":"com.sec.android.app.sbrowser/.settings.SettingsActivity","resource_id":"com.sec.android.app.sbrowser:id/title_frame","class_":"android.widget.RelativeLayout","pointer":null,"content_desc":null,"enabled":true,"visible":true,"checked":false,"selected":false,"editable":false,"clickable":false,"long_clickable":false,"scrollable_horizontal":false,"scrollable_vertical":false,"checkable":false,"text":null,"text_hint":null,"bounds":[68,1513,524,1579],"rel_bounds":[68,1513,524,1579],"children":[{"activity_name":"com.sec.android.app.sbrowser/.settings.SettingsActivity","resource_id":"android:id/title","class_":"android.widget.TextView","pointer":null,"content_desc":null,"enabled":true,"visible":true,"checked":false,"selected":false,"editable":false,"clickable":false,"long_clickable":false,"scrollable_horizontal":false,"scrollable_vertical":false,"checkable":false,"text":"High contrast mode","text_hint":null,"bounds":[68,1513,524,1579],"rel_bounds":[68,1513,524,1579],"children":[],"ancestors":[],"semantic_classes":["Button (including text and image)"],"uid":"ccde8bd88f1fd95058d30d21d1a13be3","is_password":false,"serialize_class":"AndroidViewTree","package_name":"com.sec.android.app.sbrowser","fingerprint":"","meta_info":null}],"ancestors":[],"semantic_classes":["Layout"],"uid":"a2f76f846ea0306a8346ea4e94fab8e1","is_password":false,"serialize_class":"AndroidViewTree","package_name":"com.sec.android.app.sbrowser","fingerprint":"","meta_info":null},{"activity_name":"com.sec.android.app.sbrowser/.settings.SettingsActivity","resource_id":"android:id/summary","class_":"android.widget.TextView","pointer":null,"content_desc":null,"enabled":true,"visible":true,"checked":false,"selected":false,"editable":false,"clickable":false,"long_clickable":false,"scrollable_horizontal":false,"scrollable_vertical":false,"checkable":false,"text":"Adjust the colors of fonts, backgrounds, and other components to make them stand out from the background.","text_hint":null,"bounds":[68,1579,884,1731],"rel_bounds":[68,1579,884,1731],"children":[],"ancestors":[],"semantic_classes":["Button (including text and image)"],"uid":"d3348b1c07be937657a669823793b25f","is_password":false,"serialize_class":"AndroidViewTree","package_name":"com.sec.android.app.sbrowser","fingerprint":"","meta_info":null}],"ancestors":[],"semantic_classes":["Layout"],"uid":"e1f74f740028ffb8b681384d59748ca8","is_password":false,"serialize_class":"AndroidViewTree","package_name":"com.sec.android.app.sbrowser","fingerprint":"","meta_info":null},{"activity_name":"com.sec.android.app.sbrowser/.settings.SettingsActivity","resource_id":"android:id/widget_frame","class_":"android.widget.LinearLayout","pointer":null,"content_desc":null,"enabled":true,"visible":true,"checked":false,"selected":false,"editable":false,"clickable":false,"long_clickable":false,"scrollable_horizontal":false,"scrollable_vertical":false,"checkable":false,"text":null,"text_hint":null,"bounds":[884,1474,1041,1770],"rel_bounds":[884,1474,1041,1770],"children":[{"activity_name":"com.sec.android.app.sbrowser/.settings.SettingsActivity","resource_id":null,"class_":"android.widget.LinearLayout","pointer":null,"content_desc":null,"enabled":true,"visible":true,"checked":false,"selected":false,"editable":false,"clickable":false,"long_clickable":false,"scrollable_horizontal":false,"scrollable_vertical":false,"checkable":false,"text":null,"text_hint":null,"bounds":[890,1474,1013,1770],"rel_bounds":[890,1474,1013,1770],"children":[{"activity_name":"com.sec.android.app.sbrowser/.settings.SettingsActivity","resource_id":"android:id/switch_widget","class_":"android.widget.Switch","pointer":null,"content_desc":"High contrast mode","enabled":true,"visible":true,"checked":false,"selected":false,"editable":false,"clickable":true,"long_clickable":false,"scrollable_horizontal":false,"scrollable_vertical":false,"checkable":true,"text":null,"text_hint":null,"bounds":[890,1474,1013,1770],"rel_bounds":[890,1474,1013,1770],"children":[],"ancestors":[],"semantic_classes":["Switch (On-off or toggle button)"],"uid":"64efc25af2de853f8814932a50594faa","is_password":false,"serialize_class":"AndroidViewTree","package_name":"com.sec.android.app.sbrowser","fingerprint":"","meta_info":null}],"ancestors":[],"semantic_classes":["Layout"],"uid":"4bb2c36c1d4fc68c80261cf6bbfbca10","is_password":false,"serialize_class":"AndroidViewTree","package_name":"com.sec.android.app.sbrowser","fingerprint":"","meta_info":null}],"ancestors":[],"semantic_classes":["Layout"],"uid":"754a556347680d1778904f8b7ab32199","is_password":false,"serialize_class":"AndroidViewTree","package_name":"com.sec.android.app.sbrowser","fingerprint":"","meta_info":null}],"ancestors":[],"semantic_classes":["Layout"],"uid":"cd6c159a97e794ff42d36e48500d8c8d","is_password":false,"serialize_class":"AndroidViewTree","package_name":"com.sec.android.app.sbrowser","fingerprint":"","meta_info":null}],"ancestors":[],"semantic_classes":["Switch (On-off or toggle button)"],"uid":"685ee2bca2aca1dd43c991f91fe05ba6","is_password":false,"serialize_class":"AndroidViewTree","package_name":"com.sec.android.app.sbrowser","fingerprint":"","meta_info":null},"event_type":"touch","_proba":0.06460278253310363,"tag":"2024-03-29_155848171421"},"str":"TouchEvent(state=0c1da480c90fa6f05dd3c5812eb6a439,view=685ee2bca2aca1dd43c991f91fe05ba6)","tag":"2024-03-29_155848171421","device_time":"2024-03-29 15:58:50.601","epoch":"1711695530601","to_tag":"2024-03-29_155851924527","index":451,"image":"screenshots\\screen_2024-03-29_155848171421.jpg","to_image":"screenshots\\screen_2024-03-29_155851924527.jpg","crash":{},"anr":{},"dqa":{},"from":"0c1da480c90fa6f05dd3c5812eb6a439","to":"575f3f904800a8ffee9e5ebaa40c19a7","view_img":"views\\view_685ee2bca2aca1dd43c991f91fe05ba6_2024-03-29_155848171421.jpg"}