{"event":{"view":{"activity_name":"com.sec.android.app.sbrowser/.help_intro.HelpIntroActivity","resource_id":"com.sec.android.app.sbrowser:id/help_intro_legal_agree_button","class_":"android.widget.Button","pointer":null,"content_desc":null,"enabled":true,"visible":true,"checked":false,"selected":false,"editable":false,"clickable":true,"long_clickable":false,"scrollable_horizontal":false,"scrollable_vertical":false,"checkable":false,"text":"Continue","text_hint":null,"bounds":[551,1989,979,2113],"rel_bounds":[551,1989,979,2113],"children":[],"ancestors":[],"semantic_classes":["next-like button","Button (including text and image)"],"uid":"19345b1cb42dbce065977455cf688bf3","is_password":false,"serialize_class":"AndroidViewTree","package_name":"com.sec.android.app.sbrowser","fingerprint":"","meta_info":null},"event_type":"touch","_proba":0.7363161743399566,"tag":"2024-03-29_152523783564"},"str":"TouchEvent(state=13d1dde49f382bde7ca853011f80ee26,view=19345b1cb42dbce065977455cf688bf3)","tag":"2024-03-29_152523783564","device_time":"2024-03-29 15:25:26.257","epoch":"1711693526257","to_tag":"2024-03-29_152527577232","index":4,"image":"screenshots\\screen_2024-03-29_152523783564.jpg","to_image":"screenshots\\screen_2024-03-29_152527577232.jpg","crash":{},"anr":{},"dqa":{},"from":"13d1dde49f382bde7ca853011f80ee26","to":"0df97630f4826a4224e5bafd2c8ecc90","view_img":"views\\view_19345b1cb42dbce065977455cf688bf3_2024-03-29_152523783564.jpg"}