{"event":{"view":{"activity_name":"com.sec.android.app.sbrowser/.sites.SitesActivity","resource_id":"com.sec.android.app.sbrowser:id/edit_text_search_data","class_":"android.widget.EditText","pointer":null,"content_desc":"Search","enabled":true,"visible":true,"checked":false,"selected":false,"editable":true,"clickable":true,"long_clickable":true,"scrollable_horizontal":false,"scrollable_vertical":false,"checkable":false,"text":null,"text_hint":null,"bounds":[158,172,922,248],"rel_bounds":[158,172,922,248],"children":[],"ancestors":[],"semantic_classes":["Input"],"uid":"ca25f072c59d0f724f31e2cfcbc20c1a","is_password":false,"serialize_class":"AndroidViewTree","package_name":"com.sec.android.app.sbrowser","fingerprint":"","meta_info":null},"text":"Hello STEM","event_type":"set_text","_proba":0.0018728026524040642,"tag":"2024-03-29_152824181402"},"str":"SetTextEvent(state=c16b42265babc2ac4a07fddfb3542eba,view=ca25f072c59d0f724f31e2cfcbc20c1a)","tag":"2024-03-29_152824181402","device_time":"2024-03-29 15:28:27.769","epoch":"1711693707769","to_tag":"2024-03-29_152829122879","index":49,"image":"screenshots\\screen_2024-03-29_152824181402.jpg","to_image":"screenshots\\screen_2024-03-29_152829122879.jpg","crash":{},"anr":{},"dqa":{},"from":"c16b42265babc2ac4a07fddfb3542eba","to":"5517d988aafb1a263e029bfcae4c18f9","view_img":"views\\view_ca25f072c59d0f724f31e2cfcbc20c1a_2024-03-29_152824181402.jpg"}