{"event":{"view":{"activity_name":"com.sec.android.app.sbrowser/.SBrowserMainActivity","resource_id":"com.sec.android.app.sbrowser:id/action_bookmarks","class_":"android.widget.ImageButton","pointer":null,"content_desc":"Bookmarks","enabled":true,"visible":true,"checked":false,"selected":false,"editable":false,"clickable":true,"long_clickable":true,"scrollable_horizontal":false,"scrollable_vertical":false,"checkable":false,"text":null,"text_hint":null,"bounds":[616,2046,770,2181],"rel_bounds":[616,2046,770,2181],"children":[],"ancestors":[],"semantic_classes":["Button (including text and image)"],"uid":"619cf02349624a12144566da6e306dbd","is_password":false,"serialize_class":"AndroidViewTree","package_name":"com.sec.android.app.sbrowser","fingerprint":"","meta_info":null},"event_type":"touch","_proba":0.17681417389670642,"tag":"2024-03-29_155312461272"},"str":"TouchEvent(state=9c9f67805a85e4b7ff10d7aae5533d3e,view=619cf02349624a12144566da6e306dbd)","tag":"2024-03-29_155312461272","device_time":"2024-03-29 15:53:14.873","epoch":"1711695194873","to_tag":"2024-03-29_155316168446","index":384,"image":"screenshots\\screen_2024-03-29_155312461272.jpg","to_image":"screenshots\\screen_2024-03-29_155316168446.jpg","crash":{},"anr":{},"dqa":{},"from":"9c9f67805a85e4b7ff10d7aae5533d3e","to":"397cfe2ad97982d7bd6effaa206fb49d","view_img":"views\\view_619cf02349624a12144566da6e306dbd_2024-03-29_155312461272.jpg"}