{"event":{"view":{"activity_name":"com.sec.android.app.sbrowser/.SBrowserMainActivity","resource_id":null,"class_":"android.view.ViewGroup","pointer":null,"content_desc":null,"enabled":true,"visible":true,"checked":false,"selected":false,"editable":false,"clickable":true,"long_clickable":true,"scrollable_horizontal":false,"scrollable_vertical":false,"checkable":false,"text":null,"text_hint":null,"bounds":[28,946,1052,1255],"rel_bounds":[28,946,1052,1255],"children":[{"activity_name":"com.sec.android.app.sbrowser/.SBrowserMainActivity","resource_id":null,"class_":"android.view.ViewGroup","pointer":null,"content_desc":null,"enabled":true,"visible":true,"checked":false,"selected":false,"editable":false,"clickable":false,"long_clickable":false,"scrollable_horizontal":false,"scrollable_vertical":false,"checkable":false,"text":null,"text_hint":null,"bounds":[28,974,1052,1227],"rel_bounds":[28,974,1052,1227],"children":[{"activity_name":"com.sec.android.app.sbrowser/.SBrowserMainActivity","resource_id":"com.sec.android.app.sbrowser:id/selection_dim","class_":"android.view.View","pointer":null,"content_desc":null,"enabled":true,"visible":true,"checked":false,"selected":false,"editable":false,"clickable":false,"long_clickable":false,"scrollable_horizontal":false,"scrollable_vertical":false,"checkable":false,"text":null,"text_hint":null,"bounds":[28,974,1052,1227],"rel_bounds":[28,974,1052,1227],"children":[],"ancestors":[],"semantic_classes":["Base View Android API class (android.view.View)"],"uid":"260d26d261bbf4364afe5cad0273d8f9","is_password":false,"serialize_class":"AndroidViewTree","package_name":"com.sec.android.app.sbrowser","fingerprint":"","meta_info":null},{"activity_name":"com.sec.android.app.sbrowser/.SBrowserMainActivity","resource_id":"com.sec.android.app.sbrowser:id/multi_tab_list_item_checkbox","class_":"android.widget.CheckBox","pointer":null,"content_desc":null,"enabled":true,"visible":true,"checked":true,"selected":false,"editable":false,"clickable":false,"long_clickable":false,"scrollable_horizontal":false,"scrollable_vertical":false,"checkable":false,"text":null,"text_hint":null,"bounds":[79,1056,169,1146],"rel_bounds":[79,1056,169,1146],"children":[],"ancestors":[],"semantic_classes":["Container (including radio buttons and checkboxes"],"uid":"8d18d2b28993bddf6947e337bdebb05b","is_password":false,"serialize_class":"AndroidViewTree","package_name":"com.sec.android.app.sbrowser","fingerprint":"","meta_info":null},{"activity_name":"com.sec.android.app.sbrowser/.SBrowserMainActivity","resource_id":"com.sec.android.app.sbrowser:id/tab_list_item_title_container","class_":"android.widget.FrameLayout","pointer":null,"content_desc":null,"enabled":true,"visible":true,"checked":false,"selected":false,"editable":false,"clickable":false,"long_clickable":false,"scrollable_horizontal":false,"scrollable_vertical":false,"checkable":false,"text":null,"text_hint":null,"bounds":[169,974,698,1117],"rel_bounds":[169,974,698,1117],"children":[{"activity_name":"com.sec.android.app.sbrowser/.SBrowserMainActivity","resource_id":"com.sec.android.app.sbrowser:id/tab_list_item_title","class_":"android.widget.TextView","pointer":null,"content_desc":null,"enabled":true,"visible":true,"checked":false,"selected":false,"editable":false,"clickable":false,"long_clickable":false,"scrollable_horizontal":false,"scrollable_vertical":false,"checkable":false,"text":"Google","text_hint":null,"bounds":[225,1002,363,1117],"rel_bounds":[225,1002,363,1117],"children":[],"ancestors":[],"semantic_classes":["next-like button","Button (including text and image)"],"uid":"a051bdc9571fef52e712b65d0a72154f","is_password":false,"serialize_class":"AndroidViewTree","package_name":"com.sec.android.app.sbrowser","fingerprint":"","meta_info":null},{"activity_name":"com.sec.android.app.sbrowser/.SBrowserMainActivity","resource_id":"com.sec.android.app.sbrowser:id/tab_list_item_title_spacer","class_":"android.widget.TextView","pointer":null,"content_desc":null,"enabled":true,"visible":true,"checked":false,"selected":false,"editable":false,"clickable":false,"long_clickable":false,"scrollable_horizontal":false,"scrollable_vertical":false,"checkable":false,"text":" ","text_hint":null,"bounds":[225,1002,236,1117],"rel_bounds":[225,1002,236,1117],"children":[],"ancestors":[],"semantic_classes":["Button (including text and image)"],"uid":"2546c410e690c51e61f5e148ec419241","is_password":false,"serialize_class":"AndroidViewTree","package_name":"com.sec.android.app.sbrowser","fingerprint":"","meta_info":null}],"ancestors":[],"semantic_classes":["Layout"],"uid":"588df595fccc9be249b779a11968a737","is_password":false,"serialize_class":"AndroidViewTree","package_name":"com.sec.android.app.sbrowser","fingerprint":"","meta_info":null},{"activity_name":"com.sec.android.app.sbrowser/.SBrowserMainActivity","resource_id":"com.sec.android.app.sbrowser:id/tab_list_group_info","class_":"android.widget.LinearLayout","pointer":null,"content_desc":null,"enabled":true,"visible":true,"checked":false,"selected":false,"editable":false,"clickable":false,"long_clickable":false,"scrollable_horizontal":false,"scrollable_vertical":false,"checkable":false,"text":null,"text_hint":null,"bounds":[169,1067,1052,1135],"rel_bounds":[169,1067,1052,1135],"children":[],"ancestors":[],"semantic_classes":["Layout"],"uid":"938b48cc7736cd7e4abf43566b06cdd4","is_password":false,"serialize_class":"AndroidViewTree","package_name":"com.sec.android.app.sbrowser","fingerprint":"","meta_info":null},{"activity_name":"com.sec.android.app.sbrowser/.SBrowserMainActivity","resource_id":"com.sec.android.app.sbrowser:id/reorder_icon","class_":"android.widget.Button","pointer":null,"content_desc":"Reorder Google","enabled":true,"visible":true,"checked":false,"selected":false,"editable":false,"clickable":true,"long_clickable":false,"scrollable_horizontal":false,"scrollable_vertical":false,"checkable":false,"text":null,"text_hint":null,"bounds":[875,974,1052,1227],"rel_bounds":[875,974,1052,1227],"children":[],"ancestors":[],"semantic_classes":["Button (including text and image)"],"uid":"6f1380e312f7e2f4c4c5fbef15ccfcb5","is_password":false,"serialize_class":"AndroidViewTree","package_name":"com.sec.android.app.sbrowser","fingerprint":"","meta_info":null},{"activity_name":"com.sec.android.app.sbrowser/.SBrowserMainActivity","resource_id":"com.sec.android.app.sbrowser:id/tab_list_item_url","class_":"android.widget.TextView","pointer":null,"content_desc":"https://www.google.com/","enabled":true,"visible":true,"checked":false,"selected":false,"editable":false,"clickable":false,"long_clickable":false,"scrollable_horizontal":false,"scrollable_vertical":false,"checkable":false,"text":"https://www.google.com/","text_hint":null,"bounds":[225,1145,653,1188],"rel_bounds":[225,1145,653,1188],"children":[],"ancestors":[],"semantic_classes":["external link (email or website)","Button (including text and image)"],"uid":"885b3ec7cf8735eeadc3331137ab4b22","is_password":false,"serialize_class":"AndroidViewTree","package_name":"com.sec.android.app.sbrowser","fingerprint":"","meta_info":null},{"activity_name":"com.sec.android.app.sbrowser/.SBrowserMainActivity","resource_id":"com.sec.android.app.sbrowser:id/tab_list_item_thumbnail_bg","class_":"android.widget.FrameLayout","pointer":null,"content_desc":null,"enabled":true,"visible":true,"checked":false,"selected":false,"editable":false,"clickable":false,"long_clickable":false,"scrollable_horizontal":false,"scrollable_vertical":false,"checkable":false,"text":null,"text_hint":null,"bounds":[698,976,1050,1225],"rel_bounds":[698,976,1050,1225],"children":[{"activity_name":"com.sec.android.app.sbrowser/.SBrowserMainActivity","resource_id":"com.sec.android.app.sbrowser:id/tab_list_item_thumbnail_image","class_":"android.widget.ImageView","pointer":null,"content_desc":null,"enabled":true,"visible":true,"checked":false,"selected":false,"editable":false,"clickable":false,"long_clickable":false,"scrollable_horizontal":false,"scrollable_vertical":false,"checkable":false,"text":null,"text_hint":null,"bounds":[701,976,1050,1225],"rel_bounds":[701,976,1050,1225],"children":[],"ancestors":[],"semantic_classes":["Image"],"uid":"c0cf08f9613487580c629573b3010f5e","is_password":false,"serialize_class":"AndroidViewTree","package_name":"com.sec.android.app.sbrowser","fingerprint":"","meta_info":null}],"ancestors":[],"semantic_classes":["Layout"],"uid":"e23dd20d523d90b0a0e371da725d0654","is_password":false,"serialize_class":"AndroidViewTree","package_name":"com.sec.android.app.sbrowser","fingerprint":"","meta_info":null}],"ancestors":[],"semantic_classes":[],"uid":"79388eb8db084a5de3a3170cc23a37b8","is_password":false,"serialize_class":"AndroidViewTree","package_name":"com.sec.android.app.sbrowser","fingerprint":"","meta_info":null}],"ancestors":[],"semantic_classes":[],"uid":"4dd9846d40468a30d88abe0a847ecdd8","is_password":false,"serialize_class":"AndroidViewTree","package_name":"com.sec.android.app.sbrowser","fingerprint":"","meta_info":null},"event_type":"touch","_proba":0.04203771773446459,"tag":"2024-03-29_154653693993"},"str":"TouchEvent(state=6b7ba9511824d20aa2e225742a35353e,view=4dd9846d40468a30d88abe0a847ecdd8)","tag":"2024-03-29_154653693993","device_time":"2024-03-29 15:46:56.274","epoch":"1711694816274","to_tag":"2024-03-29_154657599115","index":291,"image":"screenshots\\screen_2024-03-29_154653693993.jpg","to_image":"screenshots\\screen_2024-03-29_154657599115.jpg","crash":{},"anr":{},"dqa":{},"from":"6b7ba9511824d20aa2e225742a35353e","to":"2cb9b43bec9cc93f074bf1549255e2dc","view_img":"views\\view_4dd9846d40468a30d88abe0a847ecdd8_2024-03-29_154653693993.jpg"}