{"event":{"view":{"activity_name":"com.sec.android.app.sbrowser/.sites.SitesActivity","resource_id":"android:id/button2","class_":"android.widget.Button","pointer":null,"content_desc":null,"enabled":true,"visible":true,"checked":false,"selected":false,"editable":false,"clickable":true,"long_clickable":false,"scrollable_horizontal":false,"scrollable_vertical":false,"checkable":false,"text":"Cancel","text_hint":null,"bounds":[96,1979,524,2080],"rel_bounds":[96,1979,524,2080],"children":[],"ancestors":[],"semantic_classes":["back-like button","Button (including text and image)"],"uid":"861e5a80c002ccac3d4d93b9041254c6","is_password":false,"serialize_class":"AndroidViewTree","package_name":"com.sec.android.app.sbrowser","fingerprint":"","meta_info":null},"event_type":"touch","_proba":0.6481384149250152,"tag":"2024-03-29_154517455648"},"str":"TouchEvent(state=676da0d790174834e5a7b77beaf4688a,view=861e5a80c002ccac3d4d93b9041254c6)","tag":"2024-03-29_154517455648","device_time":"2024-03-29 15:45:19.897","epoch":"1711694719897","to_tag":"2024-03-29_154521219553","index":269,"image":"screenshots\\screen_2024-03-29_154517455648.jpg","to_image":"screenshots\\screen_2024-03-29_154521219553.jpg","crash":{},"anr":{},"dqa":{},"from":"676da0d790174834e5a7b77beaf4688a","to":"225f5dab4598360a7192d87e8508c213","view_img":"views\\view_861e5a80c002ccac3d4d93b9041254c6_2024-03-29_154517455648.jpg"}