{"event":{"view":{"activity_name":"com.sec.android.app.sbrowser/.sites.bookmark.view.select_bookmark_folder.SelectBookmarkFolderActivity","resource_id":"android:id/button1","class_":"android.widget.Button","pointer":null,"content_desc":null,"enabled":true,"visible":true,"checked":false,"selected":false,"editable":false,"clickable":true,"long_clickable":false,"scrollable_horizontal":false,"scrollable_vertical":false,"checkable":false,"text":"Create","text_hint":null,"bounds":[543,1979,984,2080],"rel_bounds":[543,1979,984,2080],"children":[],"ancestors":[],"semantic_classes":["collection manipulation (add, delete, etc.)","Button (including text and image)"],"uid":"47d8187731217df3bcf24e426d8aa3b1","is_password":false,"serialize_class":"AndroidViewTree","package_name":"com.sec.android.app.sbrowser","fingerprint":"","meta_info":null},"event_type":"touch","_proba":0.5395417717656039,"tag":"2024-03-29_153718823773"},"str":"TouchEvent(state=126b1cb8c03ecf3136f60454db7dc21e,view=47d8187731217df3bcf24e426d8aa3b1)","tag":"2024-03-29_153718823773","device_time":"2024-03-29 15:37:21.240","epoch":"1711694241240","to_tag":"2024-03-29_153722546980","index":168,"image":"screenshots\\screen_2024-03-29_153718823773.jpg","to_image":"screenshots\\screen_2024-03-29_153722546980.jpg","crash":{},"anr":{},"dqa":{},"from":"126b1cb8c03ecf3136f60454db7dc21e","to":"de94a6a8a36c805dd5c929d857222ad4","view_img":"views\\view_47d8187731217df3bcf24e426d8aa3b1_2024-03-29_153718823773.jpg"}