{"event":{"view":{"activity_name":"com.sec.android.app.sbrowser/.SBrowserMainActivity","resource_id":"com.sec.android.app.sbrowser:id/url_bar_container","class_":"android.widget.LinearLayout","pointer":null,"content_desc":null,"enabled":true,"visible":true,"checked":false,"selected":false,"editable":false,"clickable":true,"long_clickable":false,"scrollable_horizontal":false,"scrollable_vertical":false,"checkable":false,"text":null,"text_hint":null,"bounds":[148,89,944,196],"rel_bounds":[148,89,944,196],"children":[{"activity_name":"com.sec.android.app.sbrowser/.SBrowserMainActivity","resource_id":"com.sec.android.app.sbrowser:id/security_button","class_":"android.widget.ImageButton","pointer":null,"content_desc":"Secure connection","enabled":true,"visible":true,"checked":false,"selected":false,"editable":false,"clickable":true,"long_clickable":false,"scrollable_horizontal":false,"scrollable_vertical":false,"checkable":false,"text":null,"text_hint":null,"bounds":[148,89,216,196],"rel_bounds":[148,89,216,196],"children":[],"ancestors":[],"semantic_classes":["Button (including text and image)"],"uid":"0bab5ad75875d1047f8c65e18819889a","is_password":false,"serialize_class":"AndroidViewTree","package_name":"com.sec.android.app.sbrowser","fingerprint":"","meta_info":null},{"activity_name":"com.sec.android.app.sbrowser/.SBrowserMainActivity","resource_id":"com.sec.android.app.sbrowser:id/secret_icon","class_":"android.widget.ImageView","pointer":null,"content_desc":null,"enabled":true,"visible":true,"checked":false,"selected":false,"editable":false,"clickable":false,"long_clickable":false,"scrollable_horizontal":false,"scrollable_vertical":false,"checkable":false,"text":null,"text_hint":null,"bounds":[224,89,269,196],"rel_bounds":[224,89,269,196],"children":[],"ancestors":[],"semantic_classes":["Image"],"uid":"834cceba8e4ecafe9ffa8e78cb1bc957","is_password":false,"serialize_class":"AndroidViewTree","package_name":"com.sec.android.app.sbrowser","fingerprint":"","meta_info":null},{"activity_name":"com.sec.android.app.sbrowser/.SBrowserMainActivity","resource_id":"com.sec.android.app.sbrowser:id/location_bar_edit_text","class_":"android.widget.EditText","pointer":null,"content_desc":null,"enabled":true,"visible":true,"checked":false,"selected":false,"editable":true,"clickable":true,"long_clickable":true,"scrollable_horizontal":false,"scrollable_vertical":false,"checkable":false,"text":"‎www.google.com","text_hint":null,"bounds":[269,89,944,196],"rel_bounds":[269,89,944,196],"children":[],"ancestors":[],"semantic_classes":["external link (email or website)","Input"],"uid":"2f95d09857e9aa1e8ee2803923bf5f18","is_password":false,"serialize_class":"AndroidViewTree","package_name":"com.sec.android.app.sbrowser","fingerprint":"","meta_info":null}],"ancestors":[],"semantic_classes":["Layout"],"uid":"abf8ab8bd55b32c6fb6b1d37aba636d4","is_password":false,"serialize_class":"AndroidViewTree","package_name":"com.sec.android.app.sbrowser","fingerprint":"","meta_info":null},"event_type":"touch","_proba":0.019458473215039556,"tag":"2024-03-29_153156555227"},"str":"TouchEvent(state=9c9f67805a85e4b7ff10d7aae5533d3e,view=abf8ab8bd55b32c6fb6b1d37aba636d4)","tag":"2024-03-29_153156555227","device_time":"2024-03-29 15:32:04.075","epoch":"1711693924075","to_tag":"2024-03-29_153205372327","index":102,"image":null,"to_image":null,"crash":{},"anr":{},"dqa":{},"from":"9c9f67805a85e4b7ff10d7aae5533d3e","to":"589751827c124fac0d25900b113a9f77","view_img":"views\\view_abf8ab8bd55b32c6fb6b1d37aba636d4_2024-03-29_153156555227.jpg"}