{"event":{"view":{"activity_name":"com.sec.android.app.sbrowser/.SBrowserMainActivity","resource_id":"com.sec.android.app.sbrowser:id/tabmanager_share_layout_bottom","class_":"android.widget.Button","pointer":null,"content_desc":"Share","enabled":true,"visible":true,"checked":false,"selected":false,"editable":false,"clickable":true,"long_clickable":true,"scrollable_horizontal":false,"scrollable_vertical":false,"checkable":false,"text":null,"text_hint":null,"bounds":[554,2032,789,2172],"rel_bounds":[554,2032,789,2172],"children":[{"activity_name":"com.sec.android.app.sbrowser/.SBrowserMainActivity","resource_id":"com.sec.android.app.sbrowser:id/tab_manager_bottom_share_icon","class_":"android.widget.ImageView","pointer":null,"content_desc":null,"enabled":true,"visible":true,"checked":false,"selected":false,"editable":false,"clickable":false,"long_clickable":false,"scrollable_horizontal":false,"scrollable_vertical":false,"checkable":false,"text":null,"text_hint":null,"bounds":[637,2043,705,2111],"rel_bounds":[637,2043,705,2111],"children":[],"ancestors":[],"semantic_classes":["Image"],"uid":"1389d1cda60e765048c69463dce1964b","is_password":false,"serialize_class":"AndroidViewTree","package_name":"com.sec.android.app.sbrowser","fingerprint":"","meta_info":null},{"activity_name":"com.sec.android.app.sbrowser/.SBrowserMainActivity","resource_id":"com.sec.android.app.sbrowser:id/tab_manager_bottom_share_text","class_":"android.widget.TextView","pointer":null,"content_desc":null,"enabled":true,"visible":true,"checked":false,"selected":false,"editable":false,"clickable":false,"long_clickable":false,"scrollable_horizontal":false,"scrollable_vertical":false,"checkable":false,"text":"Share","text_hint":null,"bounds":[627,2114,716,2161],"rel_bounds":[627,2114,716,2161],"children":[],"ancestors":[],"semantic_classes":["external link (email or website)","Button (including text and image)"],"uid":"df99ad56aa8b31c4d7a32d59ba1286f8","is_password":false,"serialize_class":"AndroidViewTree","package_name":"com.sec.android.app.sbrowser","fingerprint":"","meta_info":null}],"ancestors":[],"semantic_classes":["Button (including text and image)"],"uid":"03ec6094121ef2b2e8c03cc03f9a8317","is_password":false,"serialize_class":"AndroidViewTree","package_name":"com.sec.android.app.sbrowser","fingerprint":"","meta_info":null},"event_type":"touch","_proba":0.048810454100731544,"tag":"2024-03-29_154913899172"},"str":"TouchEvent(state=2cb9b43bec9cc93f074bf1549255e2dc,view=03ec6094121ef2b2e8c03cc03f9a8317)","tag":"2024-03-29_154913899172","device_time":"2024-03-29 15:49:16.394","epoch":"1711694956394","to_tag":"2024-03-29_154917709717","index":324,"image":"screenshots\\screen_2024-03-29_154913899172.jpg","to_image":"screenshots\\screen_2024-03-29_154917709717.jpg","crash":{},"anr":{},"dqa":{},"from":"2cb9b43bec9cc93f074bf1549255e2dc","to":"a8b69b3fd27dbe1c7572c8d6aa8adc73","view_img":"views\\view_03ec6094121ef2b2e8c03cc03f9a8317_2024-03-29_154913899172.jpg"}