{"event":{"view":{"activity_name":"com.sec.android.app.sbrowser/.sites.bookmark.view.select_bookmark_folder.SelectBookmarkFolderActivity","resource_id":null,"class_":"android.widget.LinearLayout","pointer":null,"content_desc":"Bookmarks, Folder","enabled":true,"visible":true,"checked":false,"selected":false,"editable":false,"clickable":true,"long_clickable":true,"scrollable_horizontal":false,"scrollable_vertical":false,"checkable":false,"text":null,"text_hint":null,"bounds":[0,300,1080,460],"rel_bounds":[0,300,1080,460],"children":[{"activity_name":"com.sec.android.app.sbrowser/.sites.bookmark.view.select_bookmark_folder.SelectBookmarkFolderActivity","resource_id":"com.sec.android.app.sbrowser:id/title_view_parent","class_":"android.widget.LinearLayout","pointer":null,"content_desc":null,"enabled":true,"visible":true,"checked":false,"selected":false,"editable":false,"clickable":false,"long_clickable":false,"scrollable_horizontal":false,"scrollable_vertical":false,"checkable":false,"text":null,"text_hint":null,"bounds":[34,300,1012,458],"rel_bounds":[34,300,1012,458],"children":[{"activity_name":"com.sec.android.app.sbrowser/.sites.bookmark.view.select_bookmark_folder.SelectBookmarkFolderActivity","resource_id":"com.sec.android.app.sbrowser:id/dummy_view","class_":"android.view.View","pointer":null,"content_desc":null,"enabled":true,"visible":false,"checked":false,"selected":false,"editable":false,"clickable":false,"long_clickable":false,"scrollable_horizontal":false,"scrollable_vertical":false,"checkable":false,"text":null,"text_hint":null,"bounds":[34,300,34,300],"rel_bounds":[34,300,34,300],"children":[],"ancestors":[],"semantic_classes":["Base View Android API class (android.view.View)"],"uid":"4fa2113c6180069ec27e12eb6be727bf","is_password":false,"serialize_class":"AndroidViewTree","package_name":"com.sec.android.app.sbrowser","fingerprint":"","meta_info":null},{"activity_name":"com.sec.android.app.sbrowser/.sites.bookmark.view.select_bookmark_folder.SelectBookmarkFolderActivity","resource_id":"com.sec.android.app.sbrowser:id/title_view","class_":"android.widget.LinearLayout","pointer":null,"content_desc":null,"enabled":true,"visible":true,"checked":false,"selected":false,"editable":false,"clickable":false,"long_clickable":false,"scrollable_horizontal":false,"scrollable_vertical":false,"checkable":false,"text":null,"text_hint":null,"bounds":[34,300,1012,458],"rel_bounds":[34,300,1012,458],"children":[{"activity_name":"com.sec.android.app.sbrowser/.sites.bookmark.view.select_bookmark_folder.SelectBookmarkFolderActivity","resource_id":"com.sec.android.app.sbrowser:id/folder_icon","class_":"android.widget.ImageView","pointer":null,"content_desc":null,"enabled":true,"visible":true,"checked":false,"selected":false,"editable":false,"clickable":false,"long_clickable":false,"scrollable_horizontal":false,"scrollable_vertical":false,"checkable":false,"text":null,"text_hint":null,"bounds":[57,345,125,413],"rel_bounds":[57,345,125,413],"children":[],"ancestors":[],"semantic_classes":["Image"],"uid":"d24ffd122bfc48cd34bf99ca5bdcd9dd","is_password":false,"serialize_class":"AndroidViewTree","package_name":"com.sec.android.app.sbrowser","fingerprint":"","meta_info":null},{"activity_name":"com.sec.android.app.sbrowser/.sites.bookmark.view.select_bookmark_folder.SelectBookmarkFolderActivity","resource_id":"com.sec.android.app.sbrowser:id/bookmark_folder_title","class_":"android.widget.TextView","pointer":null,"content_desc":null,"enabled":true,"visible":true,"checked":false,"selected":false,"editable":false,"clickable":false,"long_clickable":false,"scrollable_horizontal":false,"scrollable_vertical":false,"checkable":false,"text":"Bookmarks","text_hint":null,"bounds":[170,300,984,458],"rel_bounds":[170,300,984,458],"children":[],"ancestors":[],"semantic_classes":["external interaction","Button (including text and image)"],"uid":"3e5694d3b3f28e06c22125b7c421f1c4","is_password":false,"serialize_class":"AndroidViewTree","package_name":"com.sec.android.app.sbrowser","fingerprint":"","meta_info":null}],"ancestors":[],"semantic_classes":["Layout"],"uid":"02e2da8496b7360e71b4c58603eccea3","is_password":false,"serialize_class":"AndroidViewTree","package_name":"com.sec.android.app.sbrowser","fingerprint":"","meta_info":null}],"ancestors":[],"semantic_classes":["Layout"],"uid":"fd69b135d269d73909ad13d7aff02aa4","is_password":false,"serialize_class":"AndroidViewTree","package_name":"com.sec.android.app.sbrowser","fingerprint":"","meta_info":null},{"activity_name":"com.sec.android.app.sbrowser/.sites.bookmark.view.select_bookmark_folder.SelectBookmarkFolderActivity","resource_id":"com.sec.android.app.sbrowser:id/bookmark_folder_line","class_":"android.view.View","pointer":null,"content_desc":null,"enabled":true,"visible":true,"checked":false,"selected":false,"editable":false,"clickable":false,"long_clickable":false,"scrollable_horizontal":false,"scrollable_vertical":false,"checkable":false,"text":null,"text_hint":null,"bounds":[56,458,1012,460],"rel_bounds":[56,458,1012,460],"children":[],"ancestors":[],"semantic_classes":["Base View Android API class (android.view.View)"],"uid":"3120801d134ece06243f6e177bfa1816","is_password":false,"serialize_class":"AndroidViewTree","package_name":"com.sec.android.app.sbrowser","fingerprint":"","meta_info":null}],"ancestors":[],"semantic_classes":["Layout"],"uid":"f49f16f85330054bd4cc76599dfdf27f","is_password":false,"serialize_class":"AndroidViewTree","package_name":"com.sec.android.app.sbrowser","fingerprint":"","meta_info":null},"event_type":"touch","_proba":0.06908359432984339,"tag":"2024-03-29_155139610895"},"str":"TouchEvent(state=ab1d74995d930a160fe5da9bc7f71fdf,view=f49f16f85330054bd4cc76599dfdf27f)","tag":"2024-03-29_155139610895","device_time":"2024-03-29 15:51:42.117","epoch":"1711695102117","to_tag":"2024-03-29_155143425990","index":360,"image":"screenshots\\screen_2024-03-29_155139610895.jpg","to_image":"screenshots\\screen_2024-03-29_155143425990.jpg","crash":{},"anr":{},"dqa":{},"from":"ab1d74995d930a160fe5da9bc7f71fdf","to":"93f316da432bb4b3a1eb7a0078ff4dbb","view_img":"views\\view_f49f16f85330054bd4cc76599dfdf27f_2024-03-29_155139610895.jpg"}