{"event":{"view":{"activity_name":"com.sec.android.app.sbrowser/.SBrowserMainActivity","resource_id":"com.sec.android.app.sbrowser:id/copy_button","class_":"android.widget.ImageButton","pointer":null,"content_desc":"Copy web address","enabled":true,"visible":true,"checked":false,"selected":false,"editable":false,"clickable":true,"long_clickable":false,"scrollable_horizontal":false,"scrollable_vertical":false,"checkable":false,"text":null,"text_hint":null,"bounds":[837,89,905,196],"rel_bounds":[837,89,905,196],"children":[],"ancestors":[],"semantic_classes":["Button (including text and image)"],"uid":"799e23dbcb657966214c32a2f822d4d7","is_password":false,"serialize_class":"AndroidViewTree","package_name":"com.sec.android.app.sbrowser","fingerprint":"","meta_info":null},"event_type":"touch","_proba":0.23870945967190063,"tag":"2024-03-29_152856407274"},"str":"TouchEvent(state=d0e9268b28210b32fd4fa61942e2cad6,view=799e23dbcb657966214c32a2f822d4d7)","tag":"2024-03-29_152856407274","device_time":"2024-03-29 15:28:58.956","epoch":"1711693738956","to_tag":"2024-03-29_152900311461","index":57,"image":"screenshots\\screen_2024-03-29_152856407274.jpg","to_image":"screenshots\\screen_2024-03-29_152900311461.jpg","crash":{},"anr":{},"dqa":{},"from":"d0e9268b28210b32fd4fa61942e2cad6","to":"d0e9268b28210b32fd4fa61942e2cad6","view_img":"views\\view_799e23dbcb657966214c32a2f822d4d7_2024-03-29_152856407274.jpg"}