{"event":{"view":{"activity_name":"com.sec.android.app.sbrowser/.sites.SitesActivity","resource_id":"com.sec.android.app.sbrowser:id/actionbar_select_all_checkbox","class_":"android.widget.CheckBox","pointer":null,"content_desc":"1 selected.","enabled":true,"visible":true,"checked":true,"selected":false,"editable":false,"clickable":true,"long_clickable":false,"scrollable_horizontal":false,"scrollable_vertical":false,"checkable":true,"text":null,"text_hint":null,"bounds":[45,156,135,246],"rel_bounds":[45,156,135,246],"children":[],"ancestors":[],"semantic_classes":["Container (including radio buttons and checkboxes"],"uid":"92caf9b8909236855650538b2e3abf62","is_password":false,"serialize_class":"AndroidViewTree","package_name":"com.sec.android.app.sbrowser","fingerprint":"","meta_info":null},"event_type":"touch","_proba":0.23339452448233025,"tag":"2024-03-29_155651918511"},"str":"TouchEvent(state=bcda98a7c3035b6dff8033161dafd695,view=92caf9b8909236855650538b2e3abf62)","tag":"2024-03-29_155651918511","device_time":"2024-03-29 15:56:54.372","epoch":"1711695414372","to_tag":"2024-03-29_155655654340","index":431,"image":"screenshots\\screen_2024-03-29_155651918511.jpg","to_image":"screenshots\\screen_2024-03-29_155655654340.jpg","crash":{},"anr":{},"dqa":{},"from":"bcda98a7c3035b6dff8033161dafd695","to":"97564b55f4bc32caaffb798293f5b97b","view_img":"views\\view_92caf9b8909236855650538b2e3abf62_2024-03-29_155651918511.jpg"}