{"event":{"view":{"activity_name":"com.sec.android.app.sbrowser/.sites.bookmark.view.select_bookmark_folder.SelectBookmarkFolderActivity","resource_id":"android:id/button1","class_":"android.widget.Button","pointer":null,"content_desc":null,"enabled":true,"visible":true,"checked":false,"selected":false,"editable":false,"clickable":true,"long_clickable":false,"scrollable_horizontal":false,"scrollable_vertical":false,"checkable":false,"text":"Create","text_hint":null,"bounds":[543,1979,984,2080],"rel_bounds":[543,1979,984,2080],"children":[],"ancestors":[],"semantic_classes":["collection manipulation (add, delete, etc.)","Button (including text and image)"],"uid":"47d8187731217df3bcf24e426d8aa3b1","is_password":false,"serialize_class":"AndroidViewTree","package_name":"com.sec.android.app.sbrowser","fingerprint":"","meta_info":null},"event_type":"touch","_proba":0.44302520202737844,"tag":"2024-03-29_153733604548"},"str":"TouchEvent(state=803d17927a00a8b8b9ae4aed79ccb4a8,view=47d8187731217df3bcf24e426d8aa3b1)","tag":"2024-03-29_153733604548","device_time":"2024-03-29 15:37:36.624","epoch":"1711694256624","to_tag":"2024-03-29_153737913075","index":172,"image":"screenshots\\screen_2024-03-29_153733604548.jpg","to_image":"screenshots\\screen_2024-03-29_153737913075.jpg","crash":{},"anr":{},"dqa":{},"from":"803d17927a00a8b8b9ae4aed79ccb4a8","to":"ab1d74995d930a160fe5da9bc7f71fdf","view_img":"views\\view_47d8187731217df3bcf24e426d8aa3b1_2024-03-29_153733604548.jpg"}