{"event":{"view":{"activity_name":"com.sec.android.app.sbrowser/.SBrowserMainActivity","resource_id":"com.sec.android.app.sbrowser:id/container","class_":"android.widget.Button","pointer":null,"content_desc":"Zoom","enabled":true,"visible":true,"checked":false,"selected":false,"editable":false,"clickable":true,"long_clickable":true,"scrollable_horizontal":false,"scrollable_vertical":false,"checkable":false,"text":null,"text_hint":null,"bounds":[563,1649,762,1868],"rel_bounds":[563,1649,762,1868],"children":[{"activity_name":"com.sec.android.app.sbrowser/.SBrowserMainActivity","resource_id":"com.sec.android.app.sbrowser:id/item_container","class_":"android.widget.RelativeLayout","pointer":null,"content_desc":null,"enabled":true,"visible":true,"checked":false,"selected":false,"editable":false,"clickable":false,"long_clickable":false,"scrollable_horizontal":false,"scrollable_vertical":false,"checkable":false,"text":null,"text_hint":null,"bounds":[563,1649,762,1868],"rel_bounds":[563,1649,762,1868],"children":[{"activity_name":"com.sec.android.app.sbrowser/.SBrowserMainActivity","resource_id":"com.sec.android.app.sbrowser:id/top_container","class_":"android.widget.RelativeLayout","pointer":null,"content_desc":null,"enabled":true,"visible":true,"checked":false,"selected":false,"editable":false,"clickable":false,"long_clickable":false,"scrollable_horizontal":false,"scrollable_vertical":false,"checkable":false,"text":null,"text_hint":null,"bounds":[563,1649,762,1756],"rel_bounds":[563,1649,762,1756],"children":[{"activity_name":"com.sec.android.app.sbrowser/.SBrowserMainActivity","resource_id":null,"class_":"android.widget.LinearLayout","pointer":null,"content_desc":null,"enabled":true,"visible":false,"checked":false,"selected":false,"editable":false,"clickable":false,"long_clickable":false,"scrollable_horizontal":false,"scrollable_vertical":false,"checkable":false,"text":null,"text_hint":null,"bounds":[704,1669,704,1669],"rel_bounds":[704,1669,704,1669],"children":[],"ancestors":[],"semantic_classes":["Layout"],"uid":"7316f21f54a0da8a467413ec7f909df3","is_password":false,"serialize_class":"AndroidViewTree","package_name":"com.sec.android.app.sbrowser","fingerprint":"","meta_info":null},{"activity_name":"com.sec.android.app.sbrowser/.SBrowserMainActivity","resource_id":"com.sec.android.app.sbrowser:id/icon_container","class_":"android.widget.LinearLayout","pointer":null,"content_desc":null,"enabled":true,"visible":true,"checked":false,"selected":false,"editable":false,"clickable":false,"long_clickable":false,"scrollable_horizontal":false,"scrollable_vertical":false,"checkable":false,"text":null,"text_hint":null,"bounds":[628,1677,696,1745],"rel_bounds":[628,1677,696,1745],"children":[{"activity_name":"com.sec.android.app.sbrowser/.SBrowserMainActivity","resource_id":"com.sec.android.app.sbrowser:id/icon","class_":"android.widget.ImageView","pointer":null,"content_desc":null,"enabled":true,"visible":true,"checked":false,"selected":false,"editable":false,"clickable":false,"long_clickable":false,"scrollable_horizontal":false,"scrollable_vertical":false,"checkable":false,"text":null,"text_hint":null,"bounds":[628,1677,696,1745],"rel_bounds":[628,1677,696,1745],"children":[],"ancestors":[],"semantic_classes":["Image"],"uid":"898b8b472abbee86ac24e476b399af64","is_password":false,"serialize_class":"AndroidViewTree","package_name":"com.sec.android.app.sbrowser","fingerprint":"","meta_info":null}],"ancestors":[],"semantic_classes":["Layout"],"uid":"d5d13b8b3050cd98bb99b03fda2c89c9","is_password":false,"serialize_class":"AndroidViewTree","package_name":"com.sec.android.app.sbrowser","fingerprint":"","meta_info":null}],"ancestors":[],"semantic_classes":["Layout"],"uid":"eafa56f85a0190b08319fd87414dd34f","is_password":false,"serialize_class":"AndroidViewTree","package_name":"com.sec.android.app.sbrowser","fingerprint":"","meta_info":null},{"activity_name":"com.sec.android.app.sbrowser/.SBrowserMainActivity","resource_id":"com.sec.android.app.sbrowser:id/text","class_":"android.widget.TextView","pointer":null,"content_desc":null,"enabled":true,"visible":true,"checked":false,"selected":false,"editable":false,"clickable":false,"long_clickable":false,"scrollable_horizontal":false,"scrollable_vertical":false,"checkable":false,"text":"Zoom","text_hint":null,"bounds":[618,1756,707,1803],"rel_bounds":[618,1756,707,1803],"children":[],"ancestors":[],"semantic_classes":["Button (including text and image)"],"uid":"587e522737b4b05a773b45b834c442ef","is_password":false,"serialize_class":"AndroidViewTree","package_name":"com.sec.android.app.sbrowser","fingerprint":"","meta_info":null}],"ancestors":[],"semantic_classes":["Layout"],"uid":"ee8e740182ff9f1bd48dc7b708e53cdf","is_password":false,"serialize_class":"AndroidViewTree","package_name":"com.sec.android.app.sbrowser","fingerprint":"","meta_info":null}],"ancestors":[],"semantic_classes":["Button (including text and image)"],"uid":"9a9e7e75604a84f3f934dc231a4118f8","is_password":false,"serialize_class":"AndroidViewTree","package_name":"com.sec.android.app.sbrowser","fingerprint":"","meta_info":null},"event_type":"touch","_proba":0.18229918682908988,"tag":"2024-03-29_152613737235"},"str":"TouchEvent(state=13201b787fe086ccd269a5e365555e6f,view=9a9e7e75604a84f3f934dc231a4118f8)","tag":"2024-03-29_152613737235","device_time":"2024-03-29 15:26:16.383","epoch":"1711693576383","to_tag":"2024-03-29_152617682905","index":17,"image":"screenshots\\screen_2024-03-29_152613737235.jpg","to_image":"screenshots\\screen_2024-03-29_152617682905.jpg","crash":{},"anr":{},"dqa":{},"from":"13201b787fe086ccd269a5e365555e6f","to":"f15be60a21269bc3d922a400e57515e3","view_img":"views\\view_9a9e7e75604a84f3f934dc231a4118f8_2024-03-29_152613737235.jpg"}