{"event":{"view":{"activity_name":"com.sec.android.app.sbrowser/.SBrowserMainActivity","resource_id":"android:id/button1","class_":"android.widget.Button","pointer":null,"content_desc":null,"enabled":true,"visible":true,"checked":false,"selected":false,"editable":false,"clickable":true,"long_clickable":false,"scrollable_horizontal":false,"scrollable_vertical":false,"checkable":false,"text":"OK","text_hint":null,"bounds":[96,1979,984,2080],"rel_bounds":[96,1979,984,2080],"children":[],"ancestors":[],"semantic_classes":["next-like button","Button (including text and image)"],"uid":"fe875a16fefe1ed55d491e1909380adc","is_password":false,"serialize_class":"AndroidViewTree","package_name":"com.sec.android.app.sbrowser","fingerprint":"","meta_info":null},"event_type":"touch","_proba":0.9820663798216858,"tag":"2024-03-29_153005005054"},"str":"TouchEvent(state=ad3724d8bebab6139f62cd09a90de4de,view=fe875a16fefe1ed55d491e1909380adc)","tag":"2024-03-29_153005005054","device_time":"2024-03-29 15:30:07.481","epoch":"1711693807481","to_tag":"2024-03-29_153008836582","index":75,"image":"screenshots\\screen_2024-03-29_153005005054.jpg","to_image":"screenshots\\screen_2024-03-29_153008836582.jpg","crash":{},"anr":{},"dqa":{},"from":"ad3724d8bebab6139f62cd09a90de4de","to":"bd05696375f96d160c46000184ad936d","view_img":"views\\view_fe875a16fefe1ed55d491e1909380adc_2024-03-29_153005005054.jpg"}