{"event":{"view":{"activity_name":"com.sec.android.app.sbrowser/.SBrowserMainActivity","resource_id":"com.sec.android.app.sbrowser:id/action_home","class_":"android.widget.ImageButton","pointer":null,"content_desc":"Home","enabled":true,"visible":true,"checked":false,"selected":false,"editable":false,"clickable":true,"long_clickable":true,"scrollable_horizontal":false,"scrollable_vertical":false,"checkable":false,"text":null,"text_hint":null,"bounds":[308,2046,462,2181],"rel_bounds":[308,2046,462,2181],"children":[],"ancestors":[],"semantic_classes":["Button (including text and image)"],"uid":"d36c9556eb9aed949d153eb61a850776","is_password":false,"serialize_class":"AndroidViewTree","package_name":"com.sec.android.app.sbrowser","fingerprint":"","meta_info":null},"event_type":"touch","_proba":0.062150274800954995,"tag":"2024-03-29_153842075167"},"str":"TouchEvent(state=bd05696375f96d160c46000184ad936d,view=d36c9556eb9aed949d153eb61a850776)","tag":"2024-03-29_153842075167","device_time":"2024-03-29 15:38:44.629","epoch":"1711694324629","to_tag":"2024-03-29_153845974154","index":190,"image":"screenshots\\screen_2024-03-29_153842075167.jpg","to_image":"screenshots\\screen_2024-03-29_153845974154.jpg","crash":{},"anr":{},"dqa":{},"from":"bd05696375f96d160c46000184ad936d","to":"bd05696375f96d160c46000184ad936d","view_img":"views\\view_d36c9556eb9aed949d153eb61a850776_2024-03-29_153842075167.jpg"}