{"event":{"view":{"activity_name":"com.sec.android.app.sbrowser/.SBrowserMainActivity","resource_id":"com.sec.android.app.sbrowser:id/action_tabs","class_":"android.widget.Button","pointer":null,"content_desc":"Tabs","enabled":true,"visible":true,"checked":false,"selected":false,"editable":false,"clickable":true,"long_clickable":true,"scrollable_horizontal":false,"scrollable_vertical":false,"checkable":false,"text":null,"text_hint":null,"bounds":[770,2046,925,2181],"rel_bounds":[770,2046,925,2181],"children":[{"activity_name":"com.sec.android.app.sbrowser/.SBrowserMainActivity","resource_id":"com.sec.android.app.sbrowser:id/tabs_icon","class_":"android.widget.TextView","pointer":null,"content_desc":null,"enabled":true,"visible":true,"checked":false,"selected":false,"editable":false,"clickable":false,"long_clickable":false,"scrollable_horizontal":false,"scrollable_vertical":false,"checkable":false,"text":"1","text_hint":null,"bounds":[813,2079,881,2147],"rel_bounds":[813,2079,881,2147],"children":[],"ancestors":[],"semantic_classes":["Button (including text and image)"],"uid":"0f285ff5979c44e14fbc16d58579eabe","is_password":false,"serialize_class":"AndroidViewTree","package_name":"com.sec.android.app.sbrowser","fingerprint":"","meta_info":null}],"ancestors":[],"semantic_classes":["Button (including text and image)"],"uid":"97d4d8a70bb5bb2d2866a717f44b4ec5","is_password":false,"serialize_class":"AndroidViewTree","package_name":"com.sec.android.app.sbrowser","fingerprint":"","meta_info":null},"event_type":"touch","_proba":0.2125510140696424,"tag":"2024-03-29_152539252880"},"str":"TouchEvent(state=9c9f67805a85e4b7ff10d7aae5533d3e,view=97d4d8a70bb5bb2d2866a717f44b4ec5)","tag":"2024-03-29_152539252880","device_time":"2024-03-29 15:25:41.777","epoch":"1711693541777","to_tag":"2024-03-29_152543119571","index":8,"image":"screenshots\\screen_2024-03-29_152539252880.jpg","to_image":"screenshots\\screen_2024-03-29_152543119571.jpg","crash":{},"anr":{},"dqa":{},"from":"9c9f67805a85e4b7ff10d7aae5533d3e","to":"f2247447b9c4fb137bc9a08fb2813e34","view_img":"views\\view_97d4d8a70bb5bb2d2866a717f44b4ec5_2024-03-29_152539252880.jpg"}