{"event":{"view":{"activity_name":"com.sec.android.app.sbrowser/.SBrowserMainActivity","resource_id":"com.sec.android.app.sbrowser:id/search_engine_row_layout","class_":"android.widget.LinearLayout","pointer":null,"content_desc":"Not checked, Bing, Dropdown list","enabled":true,"visible":true,"checked":false,"selected":false,"editable":false,"clickable":true,"long_clickable":false,"scrollable_horizontal":false,"scrollable_vertical":false,"checkable":false,"text":null,"text_hint":null,"bounds":[29,383,669,530],"rel_bounds":[29,383,669,530],"children":[{"activity_name":"com.sec.android.app.sbrowser/.SBrowserMainActivity","resource_id":"com.sec.android.app.sbrowser:id/search_engine_row_icon","class_":"android.widget.ImageView","pointer":null,"content_desc":null,"enabled":true,"visible":true,"checked":false,"selected":false,"editable":false,"clickable":false,"long_clickable":false,"scrollable_horizontal":false,"scrollable_vertical":false,"checkable":false,"text":null,"text_hint":null,"bounds":[97,422,165,490],"rel_bounds":[97,422,165,490],"children":[],"ancestors":[],"semantic_classes":["Image"],"uid":"f58a57e049805682fd1034b22269e3c6","is_password":false,"serialize_class":"AndroidViewTree","package_name":"com.sec.android.app.sbrowser","fingerprint":"","meta_info":null},{"activity_name":"com.sec.android.app.sbrowser/.SBrowserMainActivity","resource_id":null,"class_":"android.widget.RelativeLayout","pointer":null,"content_desc":null,"enabled":true,"visible":true,"checked":false,"selected":false,"editable":false,"clickable":false,"long_clickable":false,"scrollable_horizontal":false,"scrollable_vertical":false,"checkable":false,"text":null,"text_hint":null,"bounds":[165,423,669,489],"rel_bounds":[165,423,669,489],"children":[{"activity_name":"com.sec.android.app.sbrowser/.SBrowserMainActivity","resource_id":"com.sec.android.app.sbrowser:id/search_engine_row_title","class_":"android.widget.TextView","pointer":null,"content_desc":null,"enabled":true,"visible":true,"checked":false,"selected":false,"editable":false,"clickable":false,"long_clickable":false,"scrollable_horizontal":false,"scrollable_vertical":false,"checkable":false,"text":"Bing","text_hint":null,"bounds":[193,423,294,489],"rel_bounds":[193,423,294,489],"children":[],"ancestors":[],"semantic_classes":["Button (including text and image)"],"uid":"2a4ad033118964884106860a0f0377bd","is_password":false,"serialize_class":"AndroidViewTree","package_name":"com.sec.android.app.sbrowser","fingerprint":"","meta_info":null}],"ancestors":[],"semantic_classes":["Layout"],"uid":"1f0daea5ac85874e938eadcc7fa9b78a","is_password":false,"serialize_class":"AndroidViewTree","package_name":"com.sec.android.app.sbrowser","fingerprint":"","meta_info":null}],"ancestors":[],"semantic_classes":["Layout"],"uid":"aaeac1b71c7d2f42c63b20b062f537da","is_password":false,"serialize_class":"AndroidViewTree","package_name":"com.sec.android.app.sbrowser","fingerprint":"","meta_info":null},"event_type":"touch","_proba":0.1749665277146955,"tag":"2024-03-29_153050978799"},"str":"TouchEvent(state=6747831df6ac966f68bcd5017c9f92bc,view=aaeac1b71c7d2f42c63b20b062f537da)","tag":"2024-03-29_153050978799","device_time":"2024-03-29 15:30:53.364","epoch":"1711693853364","to_tag":"2024-03-29_153054656879","index":85,"image":"screenshots\\screen_2024-03-29_153050978799.jpg","to_image":"screenshots\\screen_2024-03-29_153054656879.jpg","crash":{},"anr":{},"dqa":{},"from":"6747831df6ac966f68bcd5017c9f92bc","to":"d28f7f345cad5b20cc2a9f47df99b573","view_img":"views\\view_aaeac1b71c7d2f42c63b20b062f537da_2024-03-29_153050978799.jpg"}