{"event":{"view":{"activity_name":"com.sec.android.app.sbrowser/.SBrowserMainActivity","resource_id":"com.sec.android.app.sbrowser:id/action_bookmarks","class_":"android.widget.ImageButton","pointer":null,"content_desc":"Bookmarks","enabled":true,"visible":true,"checked":false,"selected":false,"editable":false,"clickable":true,"long_clickable":true,"scrollable_horizontal":false,"scrollable_vertical":false,"checkable":false,"text":null,"text_hint":null,"bounds":[616,2046,770,2181],"rel_bounds":[616,2046,770,2181],"children":[],"ancestors":[],"semantic_classes":["Button (including text and image)"],"uid":"619cf02349624a12144566da6e306dbd","is_password":false,"serialize_class":"AndroidViewTree","package_name":"com.sec.android.app.sbrowser","fingerprint":"","meta_info":null},"event_type":"touch","_proba":0.2411659156442756,"tag":"2024-03-29_160202790928"},"str":"TouchEvent(state=72debde720ed13c190c987f124ed8fa2,view=619cf02349624a12144566da6e306dbd)","tag":"2024-03-29_160202790928","device_time":"2024-03-29 16:02:05.281","epoch":"1711695725281","to_tag":"2024-03-29_160206617158","index":486,"image":"screenshots\\screen_2024-03-29_160202790928.jpg","to_image":"screenshots\\screen_2024-03-29_160206617158.jpg","crash":{},"anr":{},"dqa":{},"from":"72debde720ed13c190c987f124ed8fa2","to":"1a6728f60aef3594e6482cd71eecc77d","view_img":"views\\view_619cf02349624a12144566da6e306dbd_2024-03-29_160202790928.jpg"}