{"event":{"view":{"activity_name":"com.sec.android.app.sbrowser/.SBrowserMainActivity","resource_id":"com.sec.android.app.sbrowser:id/bookmark_star_icon","class_":"android.widget.ImageButton","pointer":null,"content_desc":"Add to Bookmarks","enabled":true,"visible":true,"checked":false,"selected":false,"editable":false,"clickable":true,"long_clickable":false,"scrollable_horizontal":false,"scrollable_vertical":false,"checkable":false,"text":null,"text_hint":null,"bounds":[57,89,125,196],"rel_bounds":[57,89,125,196],"children":[],"ancestors":[],"semantic_classes":["Button (including text and image)"],"uid":"55e82f269731601b75f8abb885973260","is_password":false,"serialize_class":"AndroidViewTree","package_name":"com.sec.android.app.sbrowser","fingerprint":"","meta_info":null},"event_type":"touch","_proba":0.2835485986082285,"tag":"2024-03-29_155256501709"},"str":"TouchEvent(state=f149dc2cd140ca510a75f9f68b383a1e,view=55e82f269731601b75f8abb885973260)","tag":"2024-03-29_155256501709","device_time":"2024-03-29 15:52:59.247","epoch":"1711695179247","to_tag":"2024-03-29_155300560225","index":380,"image":"screenshots\\screen_2024-03-29_155256501709.jpg","to_image":"screenshots\\screen_2024-03-29_155300560225.jpg","crash":{},"anr":{},"dqa":{},"from":"f149dc2cd140ca510a75f9f68b383a1e","to":"05147597d28f14da6321287544df5d57","view_img":"views\\view_55e82f269731601b75f8abb885973260_2024-03-29_155256501709.jpg"}