{"event":{"view":{"activity_name":"com.sec.android.app.sbrowser/.SBrowserMainActivity","resource_id":"com.sec.android.app.sbrowser:id/tab_manager_bottom_newtab_button","class_":"android.widget.Button","pointer":null,"content_desc":"New tab","enabled":true,"visible":true,"checked":false,"selected":false,"editable":false,"clickable":true,"long_clickable":true,"scrollable_horizontal":false,"scrollable_vertical":false,"checkable":false,"text":null,"text_hint":null,"bounds":[540,2021,1012,2181],"rel_bounds":[540,2021,1012,2181],"children":[{"activity_name":"com.sec.android.app.sbrowser/.SBrowserMainActivity","resource_id":"com.sec.android.app.sbrowser:id/tab_manager_bottom_newtab_button_text","class_":"android.widget.TextView","pointer":null,"content_desc":null,"enabled":true,"visible":true,"checked":false,"selected":false,"editable":false,"clickable":false,"long_clickable":false,"scrollable_horizontal":false,"scrollable_vertical":false,"checkable":false,"text":"New tab","text_hint":null,"bounds":[676,2066,876,2136],"rel_bounds":[676,2066,876,2136],"children":[],"ancestors":[],"semantic_classes":["collection manipulation (add, delete, etc.)","Button (including text and image)"],"uid":"36638a22b84122f49829e637d73aeb0a","is_password":false,"serialize_class":"AndroidViewTree","package_name":"com.sec.android.app.sbrowser","fingerprint":"","meta_info":null}],"ancestors":[],"semantic_classes":["Button (including text and image)"],"uid":"ae4561af3dba3880b787e79b8c1e3e31","is_password":false,"serialize_class":"AndroidViewTree","package_name":"com.sec.android.app.sbrowser","fingerprint":"","meta_info":null},"event_type":"touch","_proba":0.1936752151402059,"tag":"2024-03-29_153109875836"},"str":"TouchEvent(state=e31c8bc746f508de154bb73cddfaedfc,view=ae4561af3dba3880b787e79b8c1e3e31)","tag":"2024-03-29_153109875836","device_time":"2024-03-29 15:31:12.528","epoch":"1711693872528","to_tag":"2024-03-29_153113837713","index":90,"image":"screenshots\\screen_2024-03-29_153109875836.jpg","to_image":"screenshots\\screen_2024-03-29_153113837713.jpg","crash":{},"anr":{},"dqa":{},"from":"e31c8bc746f508de154bb73cddfaedfc","to":"9c9f67805a85e4b7ff10d7aae5533d3e","view_img":"views\\view_ae4561af3dba3880b787e79b8c1e3e31_2024-03-29_153109875836.jpg"}