{"event":{"view":{"activity_name":"com.sec.android.app.sbrowser/.SBrowserMainActivity","resource_id":"android:id/button1","class_":"android.widget.Button","pointer":null,"content_desc":null,"enabled":true,"visible":true,"checked":false,"selected":false,"editable":false,"clickable":true,"long_clickable":false,"scrollable_horizontal":false,"scrollable_vertical":false,"checkable":false,"text":"Set as default","text_hint":null,"bounds":[478,1979,984,2080],"rel_bounds":[478,1979,984,2080],"children":[],"ancestors":[],"semantic_classes":["Button (including text and image)"],"uid":"f41644f6078d06bdffef9f799cc983f3","is_password":false,"serialize_class":"AndroidViewTree","package_name":"com.sec.android.app.sbrowser","fingerprint":"","meta_info":null},"event_type":"touch","_proba":0.7246452745566526,"tag":"2024-03-29_152527577232"},"str":"TouchEvent(state=0df97630f4826a4224e5bafd2c8ecc90,view=f41644f6078d06bdffef9f799cc983f3)","tag":"2024-03-29_152527577232","device_time":"2024-03-29 15:25:30.366","epoch":"1711693530366","to_tag":"2024-03-29_152531707553","index":5,"image":"screenshots\\screen_2024-03-29_152527577232.jpg","to_image":"screenshots\\screen_2024-03-29_152531707553.jpg","crash":{},"anr":{},"dqa":{},"from":"0df97630f4826a4224e5bafd2c8ecc90","to":"9c9f67805a85e4b7ff10d7aae5533d3e","view_img":"views\\view_f41644f6078d06bdffef9f799cc983f3_2024-03-29_152527577232.jpg"}