{"event":{"view":{"activity_name":"com.sec.android.app.sbrowser/.SBrowserMainActivity","resource_id":"android:id/button1","class_":"android.widget.Button","pointer":null,"content_desc":null,"enabled":true,"visible":true,"checked":false,"selected":false,"editable":false,"clickable":true,"long_clickable":false,"scrollable_horizontal":false,"scrollable_vertical":false,"checkable":false,"text":"OK","text_hint":null,"bounds":[96,1979,984,2080],"rel_bounds":[96,1979,984,2080],"children":[],"ancestors":[],"semantic_classes":["next-like button","Button (including text and image)"],"uid":"fe875a16fefe1ed55d491e1909380adc","is_password":false,"serialize_class":"AndroidViewTree","package_name":"com.sec.android.app.sbrowser","fingerprint":"","meta_info":null},"event_type":"touch","_proba":0.49878787746957787,"tag":"2024-03-29_152606069271"},"str":"TouchEvent(state=382d27476854fec65de8058fdf12187b,view=fe875a16fefe1ed55d491e1909380adc)","tag":"2024-03-29_152606069271","device_time":"2024-03-29 15:26:08.642","epoch":"1711693568642","to_tag":"2024-03-29_152609947123","index":15,"image":"screenshots\\screen_2024-03-29_152606069271.jpg","to_image":"screenshots\\screen_2024-03-29_152609947123.jpg","crash":{},"anr":{},"dqa":{},"from":"382d27476854fec65de8058fdf12187b","to":"9c9f67805a85e4b7ff10d7aae5533d3e","view_img":"views\\view_fe875a16fefe1ed55d491e1909380adc_2024-03-29_152606069271.jpg"}