{"event":{"view":{"activity_name":"com.sec.android.app.sbrowser/.SBrowserMainActivity","resource_id":"com.sec.android.app.sbrowser:id/tab_manager_select_all_checkbox","class_":"android.widget.CheckBox","pointer":null,"content_desc":null,"enabled":true,"visible":true,"checked":false,"selected":false,"editable":false,"clickable":false,"long_clickable":false,"scrollable_horizontal":false,"scrollable_vertical":false,"checkable":true,"text":null,"text_hint":null,"bounds":[45,148,135,238],"rel_bounds":[45,148,135,238],"children":[],"ancestors":[],"semantic_classes":["Container (including radio buttons and checkboxes"],"uid":"6fa32beffc12f9839f10a8165aeffdd5","is_password":false,"serialize_class":"AndroidViewTree","package_name":"com.sec.android.app.sbrowser","fingerprint":"","meta_info":null},"event_type":"touch","_proba":0.4839199000588559,"tag":"2024-03-29_154642021964"},"str":"TouchEvent(state=3304184b54bb3f36ae4d1b968b18dfa7,view=6fa32beffc12f9839f10a8165aeffdd5)","tag":"2024-03-29_154642021964","device_time":"2024-03-29 15:46:44.616","epoch":"1711694804616","to_tag":"2024-03-29_154645936753","index":288,"image":"screenshots\\screen_2024-03-29_154642021964.jpg","to_image":"screenshots\\screen_2024-03-29_154645936753.jpg","crash":{},"anr":{},"dqa":{},"from":"3304184b54bb3f36ae4d1b968b18dfa7","to":"6b7ba9511824d20aa2e225742a35353e","view_img":"views\\view_6fa32beffc12f9839f10a8165aeffdd5_2024-03-29_154642021964.jpg"}