{"event":{"view":{"activity_name":"com.sec.android.app.sbrowser/.SBrowserMainActivity","resource_id":"com.sec.android.app.sbrowser:id/tabmanager_lock_layout_bottom","class_":"android.widget.Button","pointer":null,"content_desc":"Lock","enabled":true,"visible":true,"checked":false,"selected":false,"editable":false,"clickable":true,"long_clickable":true,"scrollable_horizontal":false,"scrollable_vertical":false,"checkable":false,"text":null,"text_hint":null,"bounds":[291,2032,526,2172],"rel_bounds":[291,2032,526,2172],"children":[{"activity_name":"com.sec.android.app.sbrowser/.SBrowserMainActivity","resource_id":"com.sec.android.app.sbrowser:id/tab_manager_bottom_lock_icon","class_":"android.widget.ImageView","pointer":null,"content_desc":null,"enabled":true,"visible":true,"checked":false,"selected":false,"editable":false,"clickable":false,"long_clickable":false,"scrollable_horizontal":false,"scrollable_vertical":false,"checkable":false,"text":null,"text_hint":null,"bounds":[374,2043,442,2111],"rel_bounds":[374,2043,442,2111],"children":[],"ancestors":[],"semantic_classes":["Image"],"uid":"8be37b1a519e6fd7f8ff8ee146aedd0d","is_password":false,"serialize_class":"AndroidViewTree","package_name":"com.sec.android.app.sbrowser","fingerprint":"","meta_info":null},{"activity_name":"com.sec.android.app.sbrowser/.SBrowserMainActivity","resource_id":"com.sec.android.app.sbrowser:id/tab_manager_bottom_lock_text","class_":"android.widget.TextView","pointer":null,"content_desc":null,"enabled":true,"visible":true,"checked":false,"selected":false,"editable":false,"clickable":false,"long_clickable":false,"scrollable_horizontal":false,"scrollable_vertical":false,"checkable":false,"text":"Lock","text_hint":null,"bounds":[371,2114,445,2161],"rel_bounds":[371,2114,445,2161],"children":[],"ancestors":[],"semantic_classes":["Button (including text and image)"],"uid":"e9fe25554eb90e28e30678a2d0364aa1","is_password":false,"serialize_class":"AndroidViewTree","package_name":"com.sec.android.app.sbrowser","fingerprint":"","meta_info":null}],"ancestors":[],"semantic_classes":["Button (including text and image)"],"uid":"0b4088bebcf12f388c3bd15d45eef112","is_password":false,"serialize_class":"AndroidViewTree","package_name":"com.sec.android.app.sbrowser","fingerprint":"","meta_info":null},"event_type":"touch","_proba":0.040657279460971724,"tag":"2024-03-29_154701540709"},"str":"TouchEvent(state=6b7ba9511824d20aa2e225742a35353e,view=0b4088bebcf12f388c3bd15d45eef112)","tag":"2024-03-29_154701540709","device_time":"2024-03-29 15:47:04.685","epoch":"1711694824685","to_tag":"2024-03-29_154706030042","index":293,"image":"screenshots\\screen_2024-03-29_154701540709.jpg","to_image":"screenshots\\screen_2024-03-29_154706030042.jpg","crash":{},"anr":{},"dqa":{},"from":"6b7ba9511824d20aa2e225742a35353e","to":"520ebb5f5b7fef76fc2a3e401d3c7e0e","view_img":"views\\view_0b4088bebcf12f388c3bd15d45eef112_2024-03-29_154701540709.jpg"}