{"event":{"view":{"activity_name":"com.sec.android.app.sbrowser/.sites.SitesActivity","resource_id":"com.sec.android.app.sbrowser:id/edit_text","class_":"android.widget.EditText","pointer":null,"content_desc":null,"enabled":true,"visible":true,"checked":false,"selected":false,"editable":true,"clickable":true,"long_clickable":true,"scrollable_horizontal":false,"scrollable_vertical":false,"checkable":false,"text":"Folder 1","text_hint":null,"bounds":[96,1781,984,1911],"rel_bounds":[96,1781,984,1911],"children":[],"ancestors":[],"semantic_classes":["Input"],"uid":"e7ed050123dfd6af9372b7c86089c469","is_password":false,"serialize_class":"AndroidViewTree","package_name":"com.sec.android.app.sbrowser","fingerprint":"","meta_info":null},"event_type":"touch","_proba":0.15429132471642523,"tag":"2024-03-29_154354947419"},"str":"TouchEvent(state=803d17927a00a8b8b9ae4aed79ccb4a8,view=e7ed050123dfd6af9372b7c86089c469)","tag":"2024-03-29_154354947419","device_time":"2024-03-29 15:43:57.349","epoch":"1711694637349","to_tag":"2024-03-29_154358664404","index":249,"image":"screenshots\\screen_2024-03-29_154354947419.jpg","to_image":"screenshots\\screen_2024-03-29_154358664404.jpg","crash":{},"anr":{},"dqa":{},"from":"803d17927a00a8b8b9ae4aed79ccb4a8","to":"803d17927a00a8b8b9ae4aed79ccb4a8","view_img":"views\\view_e7ed050123dfd6af9372b7c86089c469_2024-03-29_154354947419.jpg"}