{"event":{"intent":"am force-stop com.sec.android.app.sbrowser","tag":"2024-03-29_153028065504","event_type":"intent"},"str":"IntentEvent(state=002424a97f278df6dbb9bb6ebc28b4aa,intent='am force-stop com.sec.android.app.sbrowser')","tag":"2024-03-29_153028065504","device_time":"2024-03-29 15:30:32.513","epoch":"1711693832513","to_tag":"2024-03-29_153034391822","index":81,"image":"screenshots\\screen_2024-03-29_153028065504.jpg","to_image":"screenshots\\screen_2024-03-29_153034391822.jpg","crash":{},"anr":{},"dqa":{},"from":"002424a97f278df6dbb9bb6ebc28b4aa","to":"002424a97f278df6dbb9bb6ebc28b4aa"}