{"event":{"view":{"activity_name":"com.sec.android.app.sbrowser/.sites.bookmark.view.select_bookmark_folder.SelectBookmarkFolderActivity","resource_id":null,"class_":"android.widget.LinearLayout","pointer":null,"content_desc":"Folder 6, Folder","enabled":true,"visible":true,"checked":false,"selected":false,"editable":false,"clickable":true,"long_clickable":true,"scrollable_horizontal":false,"scrollable_vertical":false,"checkable":false,"text":null,"text_hint":null,"bounds":[0,1420,1080,1580],"rel_bounds":[0,1420,1080,1580],"children":[{"activity_name":"com.sec.android.app.sbrowser/.sites.bookmark.view.select_bookmark_folder.SelectBookmarkFolderActivity","resource_id":"com.sec.android.app.sbrowser:id/title_view_parent","class_":"android.widget.LinearLayout","pointer":null,"content_desc":null,"enabled":true,"visible":true,"checked":false,"selected":false,"editable":false,"clickable":false,"long_clickable":false,"scrollable_horizontal":false,"scrollable_vertical":false,"checkable":false,"text":null,"text_hint":null,"bounds":[34,1420,1012,1578],"rel_bounds":[34,1420,1012,1578],"children":[{"activity_name":"com.sec.android.app.sbrowser/.sites.bookmark.view.select_bookmark_folder.SelectBookmarkFolderActivity","resource_id":"com.sec.android.app.sbrowser:id/dummy_view","class_":"android.view.View","pointer":null,"content_desc":null,"enabled":true,"visible":false,"checked":false,"selected":false,"editable":false,"clickable":false,"long_clickable":false,"scrollable_horizontal":false,"scrollable_vertical":false,"checkable":false,"text":null,"text_hint":null,"bounds":[87,1420,87,1420],"rel_bounds":[87,1420,87,1420],"children":[],"ancestors":[],"semantic_classes":["Base View Android API class (android.view.View)"],"uid":"4fa2113c6180069ec27e12eb6be727bf","is_password":false,"serialize_class":"AndroidViewTree","package_name":"com.sec.android.app.sbrowser","fingerprint":"","meta_info":null},{"activity_name":"com.sec.android.app.sbrowser/.sites.bookmark.view.select_bookmark_folder.SelectBookmarkFolderActivity","resource_id":"com.sec.android.app.sbrowser:id/title_view","class_":"android.widget.LinearLayout","pointer":null,"content_desc":null,"enabled":true,"visible":true,"checked":false,"selected":false,"editable":false,"clickable":false,"long_clickable":false,"scrollable_horizontal":false,"scrollable_vertical":false,"checkable":false,"text":null,"text_hint":null,"bounds":[87,1420,1012,1578],"rel_bounds":[87,1420,1012,1578],"children":[{"activity_name":"com.sec.android.app.sbrowser/.sites.bookmark.view.select_bookmark_folder.SelectBookmarkFolderActivity","resource_id":"com.sec.android.app.sbrowser:id/folder_icon","class_":"android.widget.ImageView","pointer":null,"content_desc":null,"enabled":true,"visible":true,"checked":false,"selected":false,"editable":false,"clickable":false,"long_clickable":false,"scrollable_horizontal":false,"scrollable_vertical":false,"checkable":false,"text":null,"text_hint":null,"bounds":[110,1465,234,1533],"rel_bounds":[110,1465,234,1533],"children":[],"ancestors":[],"semantic_classes":["Image"],"uid":"d24ffd122bfc48cd34bf99ca5bdcd9dd","is_password":false,"serialize_class":"AndroidViewTree","package_name":"com.sec.android.app.sbrowser","fingerprint":"","meta_info":null},{"activity_name":"com.sec.android.app.sbrowser/.sites.bookmark.view.select_bookmark_folder.SelectBookmarkFolderActivity","resource_id":"com.sec.android.app.sbrowser:id/bookmark_folder_title","class_":"android.widget.TextView","pointer":null,"content_desc":null,"enabled":true,"visible":true,"checked":false,"selected":false,"editable":false,"clickable":false,"long_clickable":false,"scrollable_horizontal":false,"scrollable_vertical":false,"checkable":false,"text":"Folder 6","text_hint":null,"bounds":[279,1420,984,1578],"rel_bounds":[279,1420,984,1578],"children":[],"ancestors":[],"semantic_classes":["Button (including text and image)"],"uid":"9458d1a9851ce88e71f3e9f91b01b2d7","is_password":false,"serialize_class":"AndroidViewTree","package_name":"com.sec.android.app.sbrowser","fingerprint":"","meta_info":null}],"ancestors":[],"semantic_classes":["Layout"],"uid":"8d41620771d5154c2f676d545d12813a","is_password":false,"serialize_class":"AndroidViewTree","package_name":"com.sec.android.app.sbrowser","fingerprint":"","meta_info":null}],"ancestors":[],"semantic_classes":["Layout"],"uid":"d7b1a2a6bafe22dc9f7c7b93c6523c4b","is_password":false,"serialize_class":"AndroidViewTree","package_name":"com.sec.android.app.sbrowser","fingerprint":"","meta_info":null},{"activity_name":"com.sec.android.app.sbrowser/.sites.bookmark.view.select_bookmark_folder.SelectBookmarkFolderActivity","resource_id":"com.sec.android.app.sbrowser:id/bookmark_folder_line","class_":"android.view.View","pointer":null,"content_desc":null,"enabled":true,"visible":true,"checked":false,"selected":false,"editable":false,"clickable":false,"long_clickable":false,"scrollable_horizontal":false,"scrollable_vertical":false,"checkable":false,"text":null,"text_hint":null,"bounds":[56,1578,1012,1580],"rel_bounds":[56,1578,1012,1580],"children":[],"ancestors":[],"semantic_classes":["Base View Android API class (android.view.View)"],"uid":"3120801d134ece06243f6e177bfa1816","is_password":false,"serialize_class":"AndroidViewTree","package_name":"com.sec.android.app.sbrowser","fingerprint":"","meta_info":null}],"ancestors":[],"semantic_classes":["Layout"],"uid":"ff68f16794c557b394f691e0b55c307d","is_password":false,"serialize_class":"AndroidViewTree","package_name":"com.sec.android.app.sbrowser","fingerprint":"","meta_info":null},"event_type":"touch","_proba":0.12651837954802903,"tag":"2024-03-29_155150937233"},"str":"TouchEvent(state=ab1d74995d930a160fe5da9bc7f71fdf,view=ff68f16794c557b394f691e0b55c307d)","tag":"2024-03-29_155150937233","device_time":"2024-03-29 15:51:53.414","epoch":"1711695113414","to_tag":"2024-03-29_155154739521","index":363,"image":"screenshots\\screen_2024-03-29_155150937233.jpg","to_image":"screenshots\\screen_2024-03-29_155154739521.jpg","crash":{},"anr":{},"dqa":{},"from":"ab1d74995d930a160fe5da9bc7f71fdf","to":"ab1d74995d930a160fe5da9bc7f71fdf","view_img":"views\\view_ff68f16794c557b394f691e0b55c307d_2024-03-29_155150937233.jpg"}