{"event":{"view":{"activity_name":"com.sec.android.app.sbrowser/.sites.SitesActivity","resource_id":"com.sec.android.app.sbrowser:id/bottom_bar_rename","class_":"android.widget.Button","pointer":null,"content_desc":"Rename","enabled":true,"visible":true,"checked":false,"selected":false,"editable":false,"clickable":true,"long_clickable":false,"scrollable_horizontal":false,"scrollable_vertical":false,"checkable":false,"text":null,"text_hint":null,"bounds":[388,2012,692,2181],"rel_bounds":[388,2012,692,2181],"children":[{"activity_name":"com.sec.android.app.sbrowser/.sites.SitesActivity","resource_id":"com.sec.android.app.sbrowser:id/rename_icon","class_":"android.widget.ImageView","pointer":null,"content_desc":null,"enabled":true,"visible":true,"checked":false,"selected":false,"editable":false,"clickable":false,"long_clickable":false,"scrollable_horizontal":false,"scrollable_vertical":false,"checkable":false,"text":null,"text_hint":null,"bounds":[506,2037,574,2105],"rel_bounds":[506,2037,574,2105],"children":[],"ancestors":[],"semantic_classes":["Image"],"uid":"bd5b7ed367d29ae81ace1a9f67bf43d4","is_password":false,"serialize_class":"AndroidViewTree","package_name":"com.sec.android.app.sbrowser","fingerprint":"","meta_info":null},{"activity_name":"com.sec.android.app.sbrowser/.sites.SitesActivity","resource_id":"com.sec.android.app.sbrowser:id/rename_text","class_":"android.widget.TextView","pointer":null,"content_desc":null,"enabled":true,"visible":true,"checked":false,"selected":false,"editable":false,"clickable":false,"long_clickable":false,"scrollable_horizontal":false,"scrollable_vertical":false,"checkable":false,"text":"Rename","text_hint":null,"bounds":[476,2108,603,2155],"rel_bounds":[476,2108,603,2155],"children":[],"ancestors":[],"semantic_classes":["Button (including text and image)"],"uid":"74277b0970f161745a67872e989eea2b","is_password":false,"serialize_class":"AndroidViewTree","package_name":"com.sec.android.app.sbrowser","fingerprint":"","meta_info":null}],"ancestors":[],"semantic_classes":["Button (including text and image)"],"uid":"a7ddfcf90f19888633d244b589c0eecd","is_password":false,"serialize_class":"AndroidViewTree","package_name":"com.sec.android.app.sbrowser","fingerprint":"","meta_info":null},"event_type":"touch","_proba":0.20763880417087352,"tag":"2024-03-29_154513642725"},"str":"TouchEvent(state=44fb4b2dee4c776a92201519f5e93569,view=a7ddfcf90f19888633d244b589c0eecd)","tag":"2024-03-29_154513642725","device_time":"2024-03-29 15:45:16.143","epoch":"1711694716143","to_tag":"2024-03-29_154517455648","index":268,"image":"screenshots\\screen_2024-03-29_154513642725.jpg","to_image":"screenshots\\screen_2024-03-29_154517455648.jpg","crash":{},"anr":{},"dqa":{},"from":"44fb4b2dee4c776a92201519f5e93569","to":"676da0d790174834e5a7b77beaf4688a","view_img":"views\\view_a7ddfcf90f19888633d244b589c0eecd_2024-03-29_154513642725.jpg"}