{"event":{"view":{"activity_name":"com.sec.android.app.sbrowser/.SBrowserMainActivity","resource_id":"com.sec.android.app.sbrowser:id/tab_manager_back_button","class_":"android.widget.ImageButton","pointer":null,"content_desc":"Navigate up","enabled":true,"visible":true,"checked":false,"selected":false,"editable":false,"clickable":true,"long_clickable":false,"scrollable_horizontal":false,"scrollable_vertical":false,"checkable":false,"text":null,"text_hint":null,"bounds":[23,142,158,277],"rel_bounds":[23,142,158,277],"children":[],"ancestors":[],"semantic_classes":["Button (including text and image)"],"uid":"c15ec146ab01801ab4383e1b3a1922f5","is_password":false,"serialize_class":"AndroidViewTree","package_name":"com.sec.android.app.sbrowser","fingerprint":"","meta_info":null},"event_type":"touch","_proba":0.4177269410684346,"tag":"2024-03-29_152848659104"},"str":"TouchEvent(state=a41acfccce868570eb77f11d26767fff,view=c15ec146ab01801ab4383e1b3a1922f5)","tag":"2024-03-29_152848659104","device_time":"2024-03-29 15:28:51.220","epoch":"1711693731220","to_tag":"2024-03-29_152852563573","index":55,"image":"screenshots\\screen_2024-03-29_152848659104.jpg","to_image":"screenshots\\screen_2024-03-29_152852563573.jpg","crash":{},"anr":{},"dqa":{},"from":"a41acfccce868570eb77f11d26767fff","to":"9c9f67805a85e4b7ff10d7aae5533d3e","view_img":"views\\view_c15ec146ab01801ab4383e1b3a1922f5_2024-03-29_152848659104.jpg"}