{"event":{"view":{"activity_name":"com.sec.android.app.sbrowser/.SBrowserMainActivity","resource_id":"com.sec.android.app.sbrowser:id/url_bar_container","class_":"android.widget.LinearLayout","pointer":null,"content_desc":null,"enabled":true,"visible":true,"checked":false,"selected":false,"editable":false,"clickable":true,"long_clickable":false,"scrollable_horizontal":false,"scrollable_vertical":false,"checkable":false,"text":null,"text_hint":null,"bounds":[148,89,944,196],"rel_bounds":[148,89,944,196],"children":[{"activity_name":"com.sec.android.app.sbrowser/.SBrowserMainActivity","resource_id":"com.sec.android.app.sbrowser:id/security_button","class_":"android.widget.ImageButton","pointer":null,"content_desc":"Secure connection","enabled":true,"visible":true,"checked":false,"selected":false,"editable":false,"clickable":true,"long_clickable":false,"scrollable_horizontal":false,"scrollable_vertical":false,"checkable":false,"text":null,"text_hint":null,"bounds":[148,89,216,196],"rel_bounds":[148,89,216,196],"children":[],"ancestors":[],"semantic_classes":["Button (including text and image)"],"uid":"0bab5ad75875d1047f8c65e18819889a","is_password":false,"serialize_class":"AndroidViewTree","package_name":"com.sec.android.app.sbrowser","fingerprint":"","meta_info":null},{"activity_name":"com.sec.android.app.sbrowser/.SBrowserMainActivity","resource_id":"com.sec.android.app.sbrowser:id/location_bar_edit_text","class_":"android.widget.EditText","pointer":null,"content_desc":null,"enabled":true,"visible":true,"checked":false,"selected":false,"editable":true,"clickable":true,"long_clickable":true,"scrollable_horizontal":false,"scrollable_vertical":false,"checkable":false,"text":"‎www.google.com","text_hint":null,"bounds":[216,89,944,196],"rel_bounds":[216,89,944,196],"children":[],"ancestors":[],"semantic_classes":["external link (email or website)","Input"],"uid":"2f95d09857e9aa1e8ee2803923bf5f18","is_password":false,"serialize_class":"AndroidViewTree","package_name":"com.sec.android.app.sbrowser","fingerprint":"","meta_info":null}],"ancestors":[],"semantic_classes":["Layout"],"uid":"e404893c4a67b7f1c9558637ea437219","is_password":false,"serialize_class":"AndroidViewTree","package_name":"com.sec.android.app.sbrowser","fingerprint":"","meta_info":null},"event_type":"touch","_proba":0.019819924855136464,"tag":"2024-03-29_152715015883"},"str":"TouchEvent(state=9c9f67805a85e4b7ff10d7aae5533d3e,view=e404893c4a67b7f1c9558637ea437219)","tag":"2024-03-29_152715015883","device_time":"2024-03-29 15:27:17.515","epoch":"1711693637515","to_tag":"2024-03-29_152718893281","index":31,"image":"screenshots\\screen_2024-03-29_152715015883.jpg","to_image":"screenshots\\screen_2024-03-29_152718893281.jpg","crash":{},"anr":{},"dqa":{},"from":"9c9f67805a85e4b7ff10d7aae5533d3e","to":"d0e9268b28210b32fd4fa61942e2cad6","view_img":"views\\view_e404893c4a67b7f1c9558637ea437219_2024-03-29_152715015883.jpg"}