{"event":{"intent":"am force-stop com.sec.android.app.sbrowser","tag":"2024-03-29_154921474938","event_type":"intent"},"str":"IntentEvent(state=d41d8cd98f00b204e9800998ecf8427e,intent='am force-stop com.sec.android.app.sbrowser')","tag":"2024-03-29_154921474938","device_time":"2024-03-29 15:49:26.249","epoch":"1711694966249","to_tag":"2024-03-29_154928099502","index":326,"image":"screenshots\\screen_2024-03-29_154921474938.jpg","to_image":"screenshots\\screen_2024-03-29_154928099502.jpg","crash":{},"anr":{},"dqa":{},"from":"d41d8cd98f00b204e9800998ecf8427e","to":"002424a97f278df6dbb9bb6ebc28b4aa"}