{"event":{"view":{"activity_name":"com.sec.android.app.sbrowser/.SBrowserMainActivity","resource_id":"com.sec.android.app.sbrowser:id/action_browsing_assist","class_":"android.widget.Button","pointer":null,"content_desc":"Browsing assist","enabled":true,"visible":true,"checked":false,"selected":false,"editable":false,"clickable":true,"long_clickable":true,"scrollable_horizontal":false,"scrollable_vertical":false,"checkable":false,"text":null,"text_hint":null,"bounds":[462,2046,616,2181],"rel_bounds":[462,2046,616,2181],"children":[{"activity_name":"com.sec.android.app.sbrowser/.SBrowserMainActivity","resource_id":"com.sec.android.app.sbrowser:id/bottombar_browsing_assist","class_":"android.widget.ImageView","pointer":null,"content_desc":null,"enabled":true,"visible":true,"checked":false,"selected":false,"editable":false,"clickable":false,"long_clickable":false,"scrollable_horizontal":false,"scrollable_vertical":false,"checkable":false,"text":null,"text_hint":null,"bounds":[505,2079,573,2147],"rel_bounds":[505,2079,573,2147],"children":[],"ancestors":[],"semantic_classes":["Image"],"uid":"95a3d0acd1b59b2987e3da883cfd67b4","is_password":false,"serialize_class":"AndroidViewTree","package_name":"com.sec.android.app.sbrowser","fingerprint":"","meta_info":null}],"ancestors":[],"semantic_classes":["Button (including text and image)"],"uid":"00b27cb573868e6f48fff4e2845c7246","is_password":false,"serialize_class":"AndroidViewTree","package_name":"com.sec.android.app.sbrowser","fingerprint":"","meta_info":null},"event_type":"touch","_proba":0.04714507385037087,"tag":"2024-03-29_153845974154"},"str":"TouchEvent(state=bd05696375f96d160c46000184ad936d,view=00b27cb573868e6f48fff4e2845c7246)","tag":"2024-03-29_153845974154","device_time":"2024-03-29 15:38:48.310","epoch":"1711694328310","to_tag":"2024-03-29_153849608213","index":191,"image":"screenshots\\screen_2024-03-29_153845974154.jpg","to_image":"screenshots\\screen_2024-03-29_153849608213.jpg","crash":{},"anr":{},"dqa":{},"from":"bd05696375f96d160c46000184ad936d","to":"2560a1907cdd14fdc6e7593447ccd7a3","view_img":"views\\view_00b27cb573868e6f48fff4e2845c7246_2024-03-29_153845974154.jpg"}