{"event":{"view":{"activity_name":"com.sec.android.app.sbrowser/.sites.bookmark.view.select_bookmark_folder.SelectBookmarkFolderActivity","resource_id":"android:id/button1","class_":"android.widget.Button","pointer":null,"content_desc":null,"enabled":true,"visible":true,"checked":false,"selected":false,"editable":false,"clickable":true,"long_clickable":false,"scrollable_horizontal":false,"scrollable_vertical":false,"checkable":false,"text":"Create","text_hint":null,"bounds":[543,1979,984,2080],"rel_bounds":[543,1979,984,2080],"children":[],"ancestors":[],"semantic_classes":["collection manipulation (add, delete, etc.)","Button (including text and image)"],"uid":"47d8187731217df3bcf24e426d8aa3b1","is_password":false,"serialize_class":"AndroidViewTree","package_name":"com.sec.android.app.sbrowser","fingerprint":"","meta_info":null},"event_type":"touch","_proba":0.5644706037832776,"tag":"2024-03-29_153707485884"},"str":"TouchEvent(state=e7211aa81ec80ec8514c08486d90dee2,view=47d8187731217df3bcf24e426d8aa3b1)","tag":"2024-03-29_153707485884","device_time":"2024-03-29 15:37:09.915","epoch":"1711694229915","to_tag":"2024-03-29_153711234539","index":165,"image":"screenshots\\screen_2024-03-29_153707485884.jpg","to_image":"screenshots\\screen_2024-03-29_153711234539.jpg","crash":{},"anr":{},"dqa":{},"from":"e7211aa81ec80ec8514c08486d90dee2","to":"8cdbd03cab3cdcd650346f5f2a2e6ab9","view_img":"views\\view_47d8187731217df3bcf24e426d8aa3b1_2024-03-29_153707485884.jpg"}