{"event":{"view":{"activity_name":"com.sec.android.app.sbrowser/.sites.bookmark.view.select_bookmark_folder.SelectBookmarkFolderActivity","resource_id":"android:id/button1","class_":"android.widget.Button","pointer":null,"content_desc":null,"enabled":true,"visible":true,"checked":false,"selected":false,"editable":false,"clickable":true,"long_clickable":false,"scrollable_horizontal":false,"scrollable_vertical":false,"checkable":false,"text":"Create","text_hint":null,"bounds":[543,1979,984,2080],"rel_bounds":[543,1979,984,2080],"children":[],"ancestors":[],"semantic_classes":["collection manipulation (add, delete, etc.)","Button (including text and image)"],"uid":"47d8187731217df3bcf24e426d8aa3b1","is_password":false,"serialize_class":"AndroidViewTree","package_name":"com.sec.android.app.sbrowser","fingerprint":"","meta_info":null},"event_type":"touch","_proba":0.5052506979997811,"tag":"2024-03-29_155147235257"},"str":"TouchEvent(state=dc95c711dca12d854c55e092ef9106f9,view=47d8187731217df3bcf24e426d8aa3b1)","tag":"2024-03-29_155147235257","device_time":"2024-03-29 15:51:49.625","epoch":"1711695109625","to_tag":"2024-03-29_155150937233","index":362,"image":"screenshots\\screen_2024-03-29_155147235257.jpg","to_image":"screenshots\\screen_2024-03-29_155150937233.jpg","crash":{},"anr":{},"dqa":{},"from":"dc95c711dca12d854c55e092ef9106f9","to":"ab1d74995d930a160fe5da9bc7f71fdf","view_img":"views\\view_47d8187731217df3bcf24e426d8aa3b1_2024-03-29_155147235257.jpg"}