{"event":{"view":{"activity_name":"com.sec.android.app.sbrowser/.sites.bookmark.view.select_bookmark_folder.SelectBookmarkFolderActivity","resource_id":"android:id/button2","class_":"android.widget.Button","pointer":null,"content_desc":null,"enabled":true,"visible":true,"checked":false,"selected":false,"editable":false,"clickable":true,"long_clickable":false,"scrollable_horizontal":false,"scrollable_vertical":false,"checkable":false,"text":"Cancel","text_hint":null,"bounds":[96,1979,540,2080],"rel_bounds":[96,1979,540,2080],"children":[],"ancestors":[],"semantic_classes":["back-like button","Button (including text and image)"],"uid":"9792b1d65b5e64eb42a533099d18e6aa","is_password":false,"serialize_class":"AndroidViewTree","package_name":"com.sec.android.app.sbrowser","fingerprint":"","meta_info":null},"event_type":"touch","_proba":0.42965099440904253,"tag":"2024-03-29_153749285805"},"str":"TouchEvent(state=803d17927a00a8b8b9ae4aed79ccb4a8,view=9792b1d65b5e64eb42a533099d18e6aa)","tag":"2024-03-29_153749285805","device_time":"2024-03-29 15:37:51.550","epoch":"1711694271550","to_tag":"2024-03-29_153752864353","index":176,"image":"screenshots\\screen_2024-03-29_153749285805.jpg","to_image":"screenshots\\screen_2024-03-29_153752864353.jpg","crash":{},"anr":{},"dqa":{},"from":"803d17927a00a8b8b9ae4aed79ccb4a8","to":"ab1d74995d930a160fe5da9bc7f71fdf","view_img":"views\\view_9792b1d65b5e64eb42a533099d18e6aa_2024-03-29_153749285805.jpg"}