{"event":{"view":{"activity_name":"com.sec.android.app.sbrowser/.sites.SitesActivity","resource_id":"com.sec.android.app.sbrowser:id/actionbar_select_all_checkbox","class_":"android.widget.CheckBox","pointer":null,"content_desc":"Nothing selected.","enabled":true,"visible":true,"checked":false,"selected":false,"editable":false,"clickable":true,"long_clickable":false,"scrollable_horizontal":false,"scrollable_vertical":false,"checkable":true,"text":null,"text_hint":null,"bounds":[45,156,135,246],"rel_bounds":[45,156,135,246],"children":[],"ancestors":[],"semantic_classes":["Container (including radio buttons and checkboxes"],"uid":"b17f290beb02105449cae818f3d743d9","is_password":false,"serialize_class":"AndroidViewTree","package_name":"com.sec.android.app.sbrowser","fingerprint":"","meta_info":null},"event_type":"touch","_proba":0.5266471636797694,"tag":"2024-03-29_154509926277"},"str":"TouchEvent(state=64bb2bd69f3157fd7bb6dec82c803c9c,view=b17f290beb02105449cae818f3d743d9)","tag":"2024-03-29_154509926277","device_time":"2024-03-29 15:45:12.340","epoch":"1711694712340","to_tag":"2024-03-29_154513642725","index":267,"image":"screenshots\\screen_2024-03-29_154509926277.jpg","to_image":"screenshots\\screen_2024-03-29_154513642725.jpg","crash":{},"anr":{},"dqa":{},"from":"64bb2bd69f3157fd7bb6dec82c803c9c","to":"44fb4b2dee4c776a92201519f5e93569","view_img":"views\\view_b17f290beb02105449cae818f3d743d9_2024-03-29_154509926277.jpg"}