{"event":{"view":{"activity_name":"com.sec.android.app.sbrowser/.sites.SitesActivity","resource_id":"com.sec.android.app.sbrowser:id/bottom_bar_move","class_":"android.widget.Button","pointer":null,"content_desc":"Move","enabled":true,"visible":true,"checked":false,"selected":false,"editable":false,"clickable":true,"long_clickable":false,"scrollable_horizontal":false,"scrollable_vertical":false,"checkable":false,"text":null,"text_hint":null,"bounds":[28,2012,332,2181],"rel_bounds":[28,2012,332,2181],"children":[{"activity_name":"com.sec.android.app.sbrowser/.sites.SitesActivity","resource_id":"com.sec.android.app.sbrowser:id/move_icon","class_":"android.widget.ImageView","pointer":null,"content_desc":null,"enabled":true,"visible":true,"checked":false,"selected":false,"editable":false,"clickable":false,"long_clickable":false,"scrollable_horizontal":false,"scrollable_vertical":false,"checkable":false,"text":null,"text_hint":null,"bounds":[146,2037,214,2105],"rel_bounds":[146,2037,214,2105],"children":[],"ancestors":[],"semantic_classes":["Image"],"uid":"d62d30dab2b6b46d3132f748e419d9da","is_password":false,"serialize_class":"AndroidViewTree","package_name":"com.sec.android.app.sbrowser","fingerprint":"","meta_info":null},{"activity_name":"com.sec.android.app.sbrowser/.sites.SitesActivity","resource_id":"com.sec.android.app.sbrowser:id/move_text","class_":"android.widget.TextView","pointer":null,"content_desc":null,"enabled":true,"visible":true,"checked":false,"selected":false,"editable":false,"clickable":false,"long_clickable":false,"scrollable_horizontal":false,"scrollable_vertical":false,"checkable":false,"text":"Move","text_hint":null,"bounds":[137,2108,222,2155],"rel_bounds":[137,2108,222,2155],"children":[],"ancestors":[],"semantic_classes":["Button (including text and image)"],"uid":"ab01051989ff20f01c8834ce664f67da","is_password":false,"serialize_class":"AndroidViewTree","package_name":"com.sec.android.app.sbrowser","fingerprint":"","meta_info":null}],"ancestors":[],"semantic_classes":["Button (including text and image)"],"uid":"486e605eb9415e55e7eb513a5c7ce219","is_password":false,"serialize_class":"AndroidViewTree","package_name":"com.sec.android.app.sbrowser","fingerprint":"","meta_info":null},"event_type":"touch","_proba":0.1260286867038212,"tag":"2024-03-29_155127967482"},"str":"TouchEvent(state=9afbe3481b2380ed06ba4f3f0bea4a7a,view=486e605eb9415e55e7eb513a5c7ce219)","tag":"2024-03-29_155127967482","device_time":"2024-03-29 15:51:30.570","epoch":"1711695090570","to_tag":"2024-03-29_155131854999","index":357,"image":"screenshots\\screen_2024-03-29_155127967482.jpg","to_image":"screenshots\\screen_2024-03-29_155131854999.jpg","crash":{},"anr":{},"dqa":{},"from":"9afbe3481b2380ed06ba4f3f0bea4a7a","to":"ab1d74995d930a160fe5da9bc7f71fdf","view_img":"views\\view_486e605eb9415e55e7eb513a5c7ce219_2024-03-29_155127967482.jpg"}