{"event":{"view":{"activity_name":"com.sec.android.app.sbrowser/.sites.SitesActivity","resource_id":"android:id/button2","class_":"android.widget.Button","pointer":null,"content_desc":null,"enabled":true,"visible":true,"checked":false,"selected":false,"editable":false,"clickable":true,"long_clickable":false,"scrollable_horizontal":false,"scrollable_vertical":false,"checkable":false,"text":"Cancel","text_hint":null,"bounds":[96,1979,540,2080],"rel_bounds":[96,1979,540,2080],"children":[],"ancestors":[],"semantic_classes":["back-like button","Button (including text and image)"],"uid":"861e5a80c002ccac3d4d93b9041254c6","is_password":false,"serialize_class":"AndroidViewTree","package_name":"com.sec.android.app.sbrowser","fingerprint":"","meta_info":null},"event_type":"touch","_proba":0.2444491165200136,"tag":"2024-03-29_154537412109"},"str":"TouchEvent(state=5ebc976ffa6ee7ebece7812c185a2f4f,view=861e5a80c002ccac3d4d93b9041254c6)","tag":"2024-03-29_154537412109","device_time":"2024-03-29 15:45:39.825","epoch":"1711694739825","to_tag":"2024-03-29_154541141566","index":274,"image":"screenshots\\screen_2024-03-29_154537412109.jpg","to_image":"screenshots\\screen_2024-03-29_154541141566.jpg","crash":{},"anr":{},"dqa":{},"from":"5ebc976ffa6ee7ebece7812c185a2f4f","to":"fca496a0dfef517690c64a53b7336995","view_img":"views\\view_861e5a80c002ccac3d4d93b9041254c6_2024-03-29_154537412109.jpg"}