{"event":{"view":{"activity_name":"com.sec.android.app.sbrowser/.SBrowserMainActivity","resource_id":"com.sec.android.app.sbrowser:id/toolbar_delete_url","class_":"android.widget.ImageButton","pointer":null,"content_desc":"Clear","enabled":true,"visible":true,"checked":false,"selected":false,"editable":false,"clickable":true,"long_clickable":false,"scrollable_horizontal":false,"scrollable_vertical":false,"checkable":false,"text":null,"text_hint":null,"bounds":[927,89,995,196],"rel_bounds":[927,89,995,196],"children":[],"ancestors":[],"semantic_classes":["Button (including text and image)"],"uid":"193c7b569caba366c0fa258e248c8422","is_password":false,"serialize_class":"AndroidViewTree","package_name":"com.sec.android.app.sbrowser","fingerprint":"","meta_info":null},"event_type":"touch","_proba":0.08028898680860583,"tag":"2024-03-29_155937378138"},"str":"TouchEvent(state=589751827c124fac0d25900b113a9f77,view=193c7b569caba366c0fa258e248c8422)","tag":"2024-03-29_155937378138","device_time":"2024-03-29 15:59:45.417","epoch":"1711695585417","to_tag":"2024-03-29_155946724209","index":460,"image":null,"to_image":null,"crash":{},"anr":{},"dqa":{},"from":"589751827c124fac0d25900b113a9f77","to":"91432328863b396132178fe92860500e","view_img":"views\\view_193c7b569caba366c0fa258e248c8422_2024-03-29_155937378138.jpg"}