{"event":{"view":{"activity_name":"com.sec.android.app.sbrowser/.SBrowserMainActivity","resource_id":"android:id/button1","class_":"android.widget.Button","pointer":null,"content_desc":null,"enabled":true,"visible":true,"checked":false,"selected":false,"editable":false,"clickable":true,"long_clickable":false,"scrollable_horizontal":false,"scrollable_vertical":false,"checkable":false,"text":"OK","text_hint":null,"bounds":[96,1979,984,2080],"rel_bounds":[96,1979,984,2080],"children":[],"ancestors":[],"semantic_classes":["next-like button","Button (including text and image)"],"uid":"fe875a16fefe1ed55d491e1909380adc","is_password":false,"serialize_class":"AndroidViewTree","package_name":"com.sec.android.app.sbrowser","fingerprint":"","meta_info":null},"event_type":"touch","_proba":0.49878787746957787,"tag":"2024-03-29_155217636068"},"str":"TouchEvent(state=382d27476854fec65de8058fdf12187b,view=fe875a16fefe1ed55d491e1909380adc)","tag":"2024-03-29_155217636068","device_time":"2024-03-29 15:52:20.645","epoch":"1711695140645","to_tag":"2024-03-29_155221956362","index":370,"image":"screenshots\\screen_2024-03-29_155217636068.jpg","to_image":"screenshots\\screen_2024-03-29_155221956362.jpg","crash":{},"anr":{},"dqa":{},"from":"382d27476854fec65de8058fdf12187b","to":"010fc5847e452b204df60655b56433b9","view_img":"views\\view_fe875a16fefe1ed55d491e1909380adc_2024-03-29_155217636068.jpg"}