{"event":{"view":{"activity_name":"com.sec.android.app.sbrowser/.sites.SitesActivity","resource_id":"com.sec.android.app.sbrowser:id/bottom_bar_move","class_":"android.widget.Button","pointer":null,"content_desc":"Move","enabled":true,"visible":true,"checked":false,"selected":false,"editable":false,"clickable":true,"long_clickable":false,"scrollable_horizontal":false,"scrollable_vertical":false,"checkable":false,"text":null,"text_hint":null,"bounds":[28,2012,332,2181],"rel_bounds":[28,2012,332,2181],"children":[{"activity_name":"com.sec.android.app.sbrowser/.sites.SitesActivity","resource_id":"com.sec.android.app.sbrowser:id/move_icon","class_":"android.widget.ImageView","pointer":null,"content_desc":null,"enabled":true,"visible":true,"checked":false,"selected":false,"editable":false,"clickable":false,"long_clickable":false,"scrollable_horizontal":false,"scrollable_vertical":false,"checkable":false,"text":null,"text_hint":null,"bounds":[146,2037,214,2105],"rel_bounds":[146,2037,214,2105],"children":[],"ancestors":[],"semantic_classes":["Image"],"uid":"d62d30dab2b6b46d3132f748e419d9da","is_password":false,"serialize_class":"AndroidViewTree","package_name":"com.sec.android.app.sbrowser","fingerprint":"","meta_info":null},{"activity_name":"com.sec.android.app.sbrowser/.sites.SitesActivity","resource_id":"com.sec.android.app.sbrowser:id/move_text","class_":"android.widget.TextView","pointer":null,"content_desc":null,"enabled":true,"visible":true,"checked":false,"selected":false,"editable":false,"clickable":false,"long_clickable":false,"scrollable_horizontal":false,"scrollable_vertical":false,"checkable":false,"text":"Move","text_hint":null,"bounds":[137,2108,222,2155],"rel_bounds":[137,2108,222,2155],"children":[],"ancestors":[],"semantic_classes":["Button (including text and image)"],"uid":"ab01051989ff20f01c8834ce664f67da","is_password":false,"serialize_class":"AndroidViewTree","package_name":"com.sec.android.app.sbrowser","fingerprint":"","meta_info":null}],"ancestors":[],"semantic_classes":["Button (including text and image)"],"uid":"486e605eb9415e55e7eb513a5c7ce219","is_password":false,"serialize_class":"AndroidViewTree","package_name":"com.sec.android.app.sbrowser","fingerprint":"","meta_info":null},"event_type":"touch","_proba":0.14353598589351307,"tag":"2024-03-29_153636756512"},"str":"TouchEvent(state=85852db86e5648081d0555fb891f20b3,view=486e605eb9415e55e7eb513a5c7ce219)","tag":"2024-03-29_153636756512","device_time":"2024-03-29 15:36:39.901","epoch":"1711694199901","to_tag":"2024-03-29_153641278319","index":157,"image":"screenshots\\screen_2024-03-29_153636756512.jpg","to_image":"screenshots\\screen_2024-03-29_153641278319.jpg","crash":{},"anr":{},"dqa":{},"from":"85852db86e5648081d0555fb891f20b3","to":"e2162e8adce02962074f929fe2bbcd1f","view_img":"views\\view_486e605eb9415e55e7eb513a5c7ce219_2024-03-29_153636756512.jpg"}