{"event":{"view":{"activity_name":"com.sec.android.app.sbrowser/.SBrowserMainActivity","resource_id":"com.sec.android.app.sbrowser:id/action_bookmarks","class_":"android.widget.ImageButton","pointer":null,"content_desc":"Bookmarks","enabled":true,"visible":true,"checked":false,"selected":false,"editable":false,"clickable":true,"long_clickable":true,"scrollable_horizontal":false,"scrollable_vertical":false,"checkable":false,"text":null,"text_hint":null,"bounds":[616,2046,770,2181],"rel_bounds":[616,2046,770,2181],"children":[],"ancestors":[],"semantic_classes":["Button (including text and image)"],"uid":"619cf02349624a12144566da6e306dbd","is_password":false,"serialize_class":"AndroidViewTree","package_name":"com.sec.android.app.sbrowser","fingerprint":"","meta_info":null},"event_type":"touch","_proba":0.25373025654661424,"tag":"2024-03-29_152726445689"},"str":"TouchEvent(state=26397d262c31afe093aeee6dd6b51093,view=619cf02349624a12144566da6e306dbd)","tag":"2024-03-29_152726445689","device_time":"2024-03-29 15:27:28.945","epoch":"1711693648945","to_tag":"2024-03-29_152730262209","index":34,"image":"screenshots\\screen_2024-03-29_152726445689.jpg","to_image":"screenshots\\screen_2024-03-29_152730262209.jpg","crash":{},"anr":{},"dqa":{},"from":"26397d262c31afe093aeee6dd6b51093","to":"f2fe41805be61ec9984e6d9be4aa3e2c","view_img":"views\\view_619cf02349624a12144566da6e306dbd_2024-03-29_152726445689.jpg"}