{"event":{"view":{"activity_name":"com.sec.android.app.sbrowser/.sites.SitesActivity","resource_id":null,"class_":"android.widget.ImageButton","pointer":null,"content_desc":"Navigate up","enabled":true,"visible":true,"checked":false,"selected":false,"editable":false,"clickable":true,"long_clickable":false,"scrollable_horizontal":false,"scrollable_vertical":false,"checkable":false,"text":null,"text_hint":null,"bounds":[0,120,158,300],"rel_bounds":[0,120,158,300],"children":[],"ancestors":[],"semantic_classes":["Button (including text and image)"],"uid":"8b35fd606d1bf0e37203d5d3e83c8191","is_password":false,"serialize_class":"AndroidViewTree","package_name":"com.sec.android.app.sbrowser","fingerprint":"","meta_info":null},"event_type":"touch","_proba":0.7400954043432603,"tag":"2024-03-29_154209015020"},"str":"TouchEvent(state=615352a9c7b85cf692798e8508682898,view=8b35fd606d1bf0e37203d5d3e83c8191)","tag":"2024-03-29_154209015020","device_time":"2024-03-29 15:42:11.588","epoch":"1711694531588","to_tag":"2024-03-29_154212984566","index":232,"image":"screenshots\\screen_2024-03-29_154209015020.jpg","to_image":null,"crash":{},"anr":{},"dqa":{},"from":"615352a9c7b85cf692798e8508682898","to":"9c9f67805a85e4b7ff10d7aae5533d3e","view_img":"views\\view_8b35fd606d1bf0e37203d5d3e83c8191_2024-03-29_154209015020.jpg"}