{"event":{"view":{"activity_name":"com.sec.android.app.sbrowser/.SBrowserMainActivity","resource_id":"com.sec.android.app.sbrowser:id/location_bar_edit_text","class_":"android.widget.EditText","pointer":null,"content_desc":null,"enabled":true,"visible":true,"checked":false,"selected":false,"editable":true,"clickable":true,"long_clickable":true,"scrollable_horizontal":false,"scrollable_vertical":false,"checkable":false,"text":"Hello STEM","text_hint":null,"bounds":[220,89,916,196],"rel_bounds":[220,89,916,196],"children":[],"ancestors":[],"semantic_classes":["Input"],"uid":"f52ac11d99b526185b2478da09b59a92","is_password":false,"serialize_class":"AndroidViewTree","package_name":"com.sec.android.app.sbrowser","fingerprint":"","meta_info":null},"event_type":"touch","_proba":0.03049766177008705,"tag":"2024-03-29_154803516304"},"str":"TouchEvent(state=d28f7f345cad5b20cc2a9f47df99b573,view=f52ac11d99b526185b2478da09b59a92)","tag":"2024-03-29_154803516304","device_time":"2024-03-29 15:48:06.286","epoch":"1711694886286","to_tag":"2024-03-29_154807623445","index":306,"image":"screenshots\\screen_2024-03-29_154803516304.jpg","to_image":"screenshots\\screen_2024-03-29_154807623445.jpg","crash":{},"anr":{},"dqa":{},"from":"d28f7f345cad5b20cc2a9f47df99b573","to":"d28f7f345cad5b20cc2a9f47df99b573","view_img":"views\\view_f52ac11d99b526185b2478da09b59a92_2024-03-29_154803516304.jpg"}